,0
2018-01-02 16:00:00,106.1645
2018-01-03 16:00:00,38.11702
2018-01-04 16:00:00,-7.586102
2018-01-05 16:00:00,30.49469
2018-01-08 16:00:00,1.869928
2018-01-09 11:18:00,-40.86223
2018-01-09 16:00:00,-10.08065
2018-01-10 13:09:00,-39.91565
2018-01-10 16:00:00,10.8769
2018-01-11 16:00:00,24.99907
2018-01-12 16:00:00,43.42179
2018-01-16 10:37:00,-36.90441
2018-01-16 16:00:00,100.4878
2018-01-17 11:11:00,-43.68429
2018-01-17 16:00:00,60.08109
2018-01-18 11:22:00,-37.86208
2018-01-18 16:00:00,-5.493097
2018-01-19 15:31:00,-23.4252
2018-01-19 16:00:00,-1.460654
2018-01-22 16:00:00,78.30711
2018-01-23 16:00:00,12.20344
2018-01-24 11:14:00,-39.30958
2018-01-24 16:00:00,55.2506
2018-01-25 11:56:00,-12.58812
2018-01-25 14:38:00,-40.23133
2018-01-25 16:00:00,11.18044
2018-01-26 16:00:00,69.49669
2018-01-29 12:59:00,-35.39254
2018-01-29 15:43:00,-38.83011
2018-01-29 16:00:00,-3.576282
2018-01-30 10:32:00,-31.78961
2018-01-30 13:06:00,-32.76918
2018-01-30 14:07:00,-42.6316
2018-01-30 16:00:00,-11.51203
2018-01-31 16:00:00,1.435956
2018-02-01 14:11:00,-8.640553
2018-02-01 16:00:00,43.9608
2018-02-02 11:15:00,0.0
2018-02-02 11:36:00,-41.8791
2018-02-02 16:00:00,104.2238
2018-02-05 11:50:00,43.16761
2018-02-05 16:00:00,366.8297
2018-02-06 10:18:00,104.6163
2018-02-06 10:54:00,-44.64629
2018-02-06 11:01:00,-44.06468
2018-02-06 11:55:00,-36.1775
2018-02-06 13:59:00,-27.99402
2018-02-06 14:37:00,-63.45178
2018-02-06 16:00:00,189.5372
2018-02-07 09:49:00,-35.69148
2018-02-07 10:00:00,-45.99955
2018-02-07 12:38:00,-4.879147
2018-02-07 16:00:00,117.5322
2018-02-08 16:00:00,411.183
2018-02-09 09:39:00,-61.16804
2018-02-09 09:49:00,-47.82438
2018-02-09 10:06:00,-43.30524
2018-02-09 14:05:00,101.0932
2018-02-09 15:12:00,-39.58358
2018-02-09 15:15:00,-45.70202
2018-02-09 16:00:00,143.2075
2018-02-12 10:00:00,-36.51739
2018-02-12 11:16:00,-14.66049
2018-02-12 16:00:00,55.08899
2018-02-13 16:00:00,69.89247
2018-02-14 16:00:00,193.7822
2018-02-15 09:49:00,-50.71788
2018-02-15 10:43:00,-26.71515
2018-02-15 11:43:00,-25.29856
2018-02-15 16:00:00,96.85679
2018-02-16 10:09:00,-32.30543
2018-02-16 10:30:00,-47.14202
2018-02-16 13:19:00,-27.85924
2018-02-16 16:00:00,36.7593
2018-02-20 09:31:00,-14.03198
2018-02-20 14:57:00,5.158058
2018-02-20 16:00:00,6.996612
2018-02-21 15:04:00,-14.26064
2018-02-21 16:00:00,94.10817
2018-02-22 10:28:00,-42.7193
2018-02-22 12:47:00,-31.16978
2018-02-22 16:00:00,42.67059
2018-02-23 11:04:00,-45.25719
2018-02-23 16:00:00,111.7175
2018-02-26 10:38:00,-39.84636
2018-02-26 12:52:00,-47.57443
2018-02-26 16:00:00,32.64223
2018-02-27 10:16:00,-41.95353
2018-02-27 10:48:00,-41.42117
2018-02-27 16:00:00,96.4538
2018-02-28 10:53:00,-31.99252
2018-02-28 12:57:00,-16.58853
2018-02-28 15:04:00,-42.48272
2018-02-28 16:00:00,77.01208
2018-03-01 10:29:00,-10.93892
2018-03-01 11:04:00,-45.16482
2018-03-01 11:47:00,-45.73561
2018-03-01 12:17:00,-47.7127
2018-03-01 16:00:00,114.5471
2018-03-02 09:39:00,-48.1092
2018-03-02 10:03:00,-39.72269
2018-03-02 16:00:00,170.2064
2018-03-05 10:39:00,-24.35424
2018-03-05 16:00:00,137.304
2018-03-06 10:56:00,-40.03896
2018-03-06 13:01:00,-27.88643
2018-03-06 16:00:00,-11.55694
2018-03-07 12:00:00,-23.2128
2018-03-07 13:31:00,-30.53768
2018-03-07 16:00:00,46.75438
2018-03-08 11:22:00,-36.71046
2018-03-08 13:27:00,-49.48542
2018-03-08 15:07:00,-46.48816
2018-03-08 15:48:00,-40.89246
2018-03-08 16:00:00,-37.81876
2018-03-09 16:00:00,92.01364
2018-03-12 12:05:00,-38.62224
2018-03-12 16:00:00,-20.63586
2018-03-13 16:00:00,155.0821
2018-03-14 10:07:00,-40.05956
2018-03-14 10:18:00,-48.72709
2018-03-14 13:47:00,-31.2245
2018-03-14 14:46:00,-52.70418
2018-03-14 16:00:00,-15.29052
2018-03-15 10:32:00,-55.75086
2018-03-15 13:24:00,-32.48817
2018-03-15 16:00:00,1.771416
2018-03-16 16:00:00,26.92171
2018-03-19 16:00:00,78.17003
2018-03-20 10:14:00,-37.61302
2018-03-20 10:32:00,-42.11138
2018-03-20 11:44:00,-44.10382
2018-03-20 12:33:00,-37.76325
2018-03-20 13:35:00,-46.66474
2018-03-20 14:52:00,-43.97601
2018-03-20 16:00:00,-4.704009
2018-03-21 14:34:00,-16.29018
2018-03-21 16:00:00,34.80909
2018-03-22 10:38:00,-22.07018
2018-03-22 12:38:00,-3.31785
2018-03-22 13:02:00,-40.16952
2018-03-22 13:29:00,-45.14172
2018-03-22 14:32:00,-43.46545
2018-03-22 16:00:00,88.05031
2018-03-23 10:42:00,-22.80374
2018-03-23 11:31:00,-46.62265
2018-03-23 13:54:00,-21.35951
2018-03-23 14:13:00,-44.49763
2018-03-23 16:00:00,203.9513
2018-03-26 12:28:00,10.14809
2018-03-26 16:00:00,190.3759
2018-03-27 10:07:00,-40.90959
2018-03-27 10:12:00,-44.7805
2018-03-27 11:50:00,-30.23376
2018-03-27 12:24:00,-55.13895
2018-03-27 16:00:00,324.9057
2018-03-28 09:38:00,-44.40191
2018-03-28 09:51:00,-7.689646
2018-03-28 10:19:00,-23.05121
2018-03-28 11:45:00,-28.49551
2018-03-28 13:02:00,-59.13297
2018-03-28 13:25:00,-61.80231
2018-03-28 14:13:00,-47.2187
2018-03-28 14:22:00,-52.07128
2018-03-28 14:31:00,-49.49925
2018-03-28 14:40:00,-51.28798
2018-03-28 15:00:00,-52.56091
2018-03-28 15:40:00,-50.52453
2018-03-28 15:58:00,-51.03803
2018-03-28 16:00:00,16.19995
2018-03-29 10:25:00,-5.008476
2018-03-29 16:00:00,149.794
2018-04-02 09:46:00,-44.1787
2018-04-02 16:00:00,207.7197
2018-04-03 09:42:00,-45.04505
2018-04-03 09:52:00,-59.91959
2018-04-03 10:58:00,5.444717
2018-04-03 11:52:00,-33.07522
2018-04-03 13:25:00,-42.55485
2018-04-03 14:18:00,-54.03724
2018-04-03 14:57:00,-66.05691
2018-04-03 16:00:00,47.76143
2018-04-04 10:37:00,-9.415826
2018-04-04 10:48:00,-48.30159
2018-04-04 16:00:00,268.4852
2018-04-05 09:41:00,-50.79007
2018-04-05 11:07:00,-20.0416
2018-04-05 12:34:00,-33.58744
2018-04-05 15:10:00,-32.56466
2018-04-05 15:40:00,-44.91413
2018-04-05 15:55:00,-48.14983
2018-04-05 16:00:00,-30.56258
2018-04-06 10:36:00,-16.37908
2018-04-06 16:00:00,167.1118
2018-04-09 15:16:00,43.35482
2018-04-09 16:00:00,93.2116
2018-04-10 10:25:00,-38.49672
2018-04-10 12:27:00,-38.34909
2018-04-10 13:34:00,-64.79646
2018-04-10 16:00:00,37.87018
2018-04-11 14:54:00,-17.75126
2018-04-11 16:00:00,19.67461
2018-04-12 13:29:00,-9.393552
2018-04-12 15:03:00,-49.64459
2018-04-12 16:00:00,-18.71187
2018-04-13 16:00:00,75.53378
2018-04-16 10:30:00,-34.5501
2018-04-16 11:14:00,-41.91617
2018-04-16 12:02:00,-38.33434
2018-04-16 16:00:00,8.611007
2018-04-17 16:00:00,94.64306
2018-04-18 10:57:00,-31.18007
2018-04-18 16:00:00,8.776421
2018-04-19 10:57:00,-46.5662
2018-04-19 16:00:00,7.735946
2018-04-20 16:00:00,79.53616
2018-04-23 10:48:00,-31.0559
2018-04-23 12:46:00,-35.43586
2018-04-23 16:00:00,37.05922
2018-04-24 16:00:00,230.6308
2018-04-25 10:34:00,17.69571
2018-04-25 16:00:00,53.95198
2018-04-26 10:05:00,-47.07312
2018-04-26 16:00:00,58.56571
2018-04-27 16:00:00,89.63106
2018-04-30 11:21:00,-25.38071
2018-04-30 16:00:00,105.1489
2018-05-01 11:05:00,-24.21308
2018-05-01 13:49:00,-47.0267
2018-05-01 16:00:00,93.61317
2018-05-02 09:54:00,-41.62292
2018-05-02 11:45:00,-42.19724
2018-05-02 14:04:00,-46.50116
2018-05-02 15:24:00,-45.16611
2018-05-02 16:00:00,30.37234
2018-05-03 09:53:00,-43.22439
2018-05-03 10:21:00,-33.22259
2018-05-03 12:40:00,2.272727
2018-05-03 16:00:00,70.09169
2018-05-04 16:00:00,201.8452
2018-05-07 15:15:00,-24.14752
2018-05-07 16:00:00,-13.57001
2018-05-08 10:36:00,-35.70903
2018-05-08 12:56:00,-35.58197
2018-05-08 14:27:00,-40.49477
2018-05-08 14:41:00,-44.73125
2018-05-08 16:00:00,-44.93223
2018-05-09 12:23:00,-37.39688
2018-05-09 16:00:00,75.97618
2018-05-10 16:00:00,39.98991
2018-05-11 12:17:00,-33.36562
2018-05-11 16:00:00,-20.15839
2018-05-14 13:02:00,-37.46254
2018-05-14 16:00:00,16.11575
2018-05-15 10:36:00,-24.70392
2018-05-15 11:12:00,-40.58853
2018-05-15 16:00:00,-31.29321
2018-05-16 16:00:00,14.7961
2018-05-17 12:44:00,-15.50835
2018-05-17 16:00:00,16.25488
2018-05-18 11:21:00,-41.50435
2018-05-18 16:00:00,-31.18089
2018-05-21 16:00:00,22.73301
2018-05-22 16:00:00,26.36997
2018-05-23 10:54:00,-25.80973
2018-05-23 11:46:00,-48.83738
2018-05-23 16:00:00,98.28812
2018-05-24 12:02:00,0.0
2018-05-24 16:00:00,23.05725
2018-05-25 10:13:00,-49.68139
2018-05-25 14:45:00,-32.59896
2018-05-25 16:00:00,-11.86026
2018-05-29 11:42:00,-23.75724
2018-05-29 16:00:00,-5.051416
2018-05-30 16:00:00,11.11151
2018-05-31 11:40:00,-46.6351
2018-05-31 14:00:00,-41.06263
2018-05-31 16:00:00,-4.661002
2018-06-01 16:00:00,58.54801
2018-06-04 16:00:00,17.5205
2018-06-05 16:00:00,-25.86147
2018-06-06 11:24:00,-26.88266
2018-06-06 16:00:00,47.70195
2018-06-07 16:00:00,44.1816
2018-06-08 11:15:00,-46.07971
2018-06-08 16:00:00,17.85714
2018-06-11 16:00:00,-4.878389
2018-06-12 16:00:00,13.19353
2018-06-13 14:08:00,-23.39584
2018-06-13 15:08:00,-32.07228
2018-06-13 15:40:00,-44.34514
2018-06-13 16:00:00,11.39463
2018-06-14 16:00:00,22.96802
2018-06-15 12:59:00,-46.56296
2018-06-15 16:00:00,0.0
2018-06-18 16:00:00,50.77545
2018-06-19 09:59:00,-36.37245
2018-06-19 11:20:00,-26.07517
2018-06-19 16:00:00,61.03058
2018-06-20 16:00:00,-7.522139
2018-06-21 11:52:00,10.96116
2018-06-21 12:31:00,-44.23565
2018-06-21 16:00:00,23.76606
2018-06-22 12:17:00,-11.75616
2018-06-22 16:00:00,-29.01053
2018-06-25 16:00:00,102.6809
2018-06-26 09:43:00,-33.58196
2018-06-26 10:39:00,-31.708
2018-06-26 12:12:00,-40.29123
2018-06-26 16:00:00,-16.89665
2018-06-27 11:07:00,-35.38025
2018-06-27 16:00:00,171.9047
2018-06-28 09:48:00,-39.59619
2018-06-28 09:56:00,-44.05129
2018-06-28 10:34:00,-41.71867
2018-06-28 10:55:00,-50.84503
2018-06-28 16:00:00,49.87531
2018-06-29 11:57:00,-39.70066
2018-06-29 16:00:00,34.92063
2018-07-02 16:00:00,145.0308
2018-07-04 09:31:00,123.4047
2018-07-05 11:50:00,-22.97144
2018-07-05 16:00:00,44.07461
2018-07-06 16:00:00,105.8922
2018-07-09 14:45:00,-28.59308
2018-07-09 16:00:00,25.76346
2018-07-10 13:37:00,-37.59527
2018-07-10 16:00:00,-18.86857
2018-07-11 11:32:00,-38.12992
2018-07-11 16:00:00,-18.96552
2018-07-12 16:00:00,86.38645
2018-07-13 10:42:00,-42.39731
2018-07-13 16:00:00,-11.82113
2018-07-16 16:00:00,6.43566
2018-07-17 16:00:00,124.1304
2018-07-18 16:00:00,-14.53832
2018-07-19 11:49:00,-25.08049
2018-07-19 12:47:00,-42.59779
2018-07-19 16:00:00,-6.79048
2018-07-20 12:14:00,-41.18143
2018-07-20 16:00:00,15.59163
2018-07-23 10:05:00,-31.41218
2018-07-23 16:00:00,54.45882
2018-07-24 16:00:00,55.9689
2018-07-25 16:00:00,99.02984
2018-07-26 11:23:00,-40.83148
2018-07-26 12:53:00,-46.04268
2018-07-26 16:00:00,-7.427915
2018-07-27 16:00:00,156.271
2018-07-30 16:00:00,106.7774
2018-07-31 09:48:00,-46.43005
2018-07-31 11:17:00,-13.47569
2018-07-31 16:00:00,-0.3450656
2018-08-01 11:36:00,-32.2271
2018-08-01 16:00:00,-18.5733
2018-08-02 16:00:00,163.5224
2018-08-03 10:30:00,-46.83682
2018-08-03 16:00:00,3.040335
2018-08-06 16:00:00,39.0941
2018-08-07 16:00:00,-22.13354
2018-08-08 16:00:00,-1.337122
2018-08-09 15:51:00,-34.67013
2018-08-09 16:00:00,-1.003579
2018-08-10 16:00:00,-3.034083
2018-08-13 11:26:00,-24.80225
2018-08-13 16:00:00,39.98387
2018-08-14 10:38:00,-29.66659
2018-08-14 16:00:00,25.20924
2018-08-15 15:35:00,16.92334
2018-08-15 16:00:00,-11.52738
2018-08-16 14:31:00,-43.75631
2018-08-16 16:00:00,12.17039
2018-08-17 10:08:00,-45.40834
2018-08-17 11:50:00,-27.57353
2018-08-17 16:00:00,33.26883
2018-08-20 13:37:00,-13.21452
2018-08-20 16:00:00,-9.813211
2018-08-21 14:54:00,-22.88561
2018-08-21 16:00:00,5.734525
2018-08-22 10:47:00,-47.38374
2018-08-22 16:00:00,18.86411
2018-08-23 11:16:00,-21.45563
2018-08-23 16:00:00,24.86141
2018-08-24 16:00:00,17.7145
2018-08-27 16:00:00,22.84617
2018-08-28 16:00:00,-17.18156
2018-08-29 16:00:00,57.05853
2018-08-30 14:25:00,-30.62987
2018-08-30 16:00:00,-1.634254
2018-08-31 11:48:00,-38.08346
2018-08-31 16:00:00,-11.76278
2018-09-04 10:10:00,-12.47128
2018-09-04 12:07:00,-26.8782
2018-09-04 16:00:00,-28.59397
2018-09-05 12:35:00,26.05885
2018-09-05 15:09:00,-42.00152
2018-09-05 16:00:00,-1.328462
2018-09-06 16:00:00,62.95383
2018-09-07 12:10:00,7.394212
2018-09-07 16:00:00,9.403862
2018-09-10 11:25:00,-20.498
2018-09-10 16:00:00,0.0
2018-09-11 16:00:00,99.83193
2018-09-12 11:20:00,-10.36408
2018-09-12 11:53:00,-47.759
2018-09-12 12:44:00,-43.96121
2018-09-12 16:00:00,11.02573
2018-09-13 10:43:00,-37.99016
2018-09-13 11:52:00,-44.10399
2018-09-13 16:00:00,-11.2252
2018-09-14 16:00:00,-0.3313562
2018-09-17 16:00:00,89.62186
2018-09-18 16:00:00,19.37726
2018-09-19 15:27:00,-3.672665
2018-09-19 16:00:00,2.336293
2018-09-20 10:03:00,-54.93596
2018-09-20 16:00:00,6.91176
2018-09-21 16:00:00,56.23335
2018-09-24 09:46:00,-51.50846
2018-09-24 16:00:00,88.18049
2018-09-25 11:35:00,-46.6702
2018-09-25 16:00:00,3.624024
2018-09-26 15:45:00,-17.36965
2018-09-26 16:00:00,28.56205
2018-09-27 16:00:00,14.3819
2018-09-28 16:00:00,0.0
2018-10-01 16:00:00,37.01659
2018-10-02 09:52:00,-41.87249
2018-10-02 15:03:00,-17.91706
2018-10-02 16:00:00,8.485086
2018-10-03 16:00:00,3.261259
2018-10-04 16:00:00,96.54354
2018-10-05 09:53:00,-34.55953
2018-10-05 16:00:00,102.0374
2018-10-08 09:44:00,-51.61115
2018-10-08 11:05:00,-21.28163
2018-10-08 14:41:00,18.95735
2018-10-08 16:00:00,7.461674
2018-10-09 09:50:00,-33.12825
2018-10-09 09:57:00,-47.48338
2018-10-09 12:46:00,-18.56603
2018-10-09 16:00:00,-4.058304
2018-10-10 16:00:00,345.4161
2018-10-11 09:38:00,-44.5513
2018-10-11 09:49:00,-33.03026
2018-10-11 10:18:00,-11.68183
2018-10-11 10:34:00,-46.07315
2018-10-11 10:45:00,-52.56474
2018-10-11 11:51:00,-44.6856
2018-10-11 13:53:00,-55.07891
2018-10-11 15:21:00,-28.04701
2018-10-11 15:38:00,-66.5581
2018-10-11 16:00:00,43.12496
2018-10-12 10:03:00,-25.90674
2018-10-12 10:23:00,-41.90237
2018-10-12 10:52:00,-42.07869
2018-10-12 11:38:00,-43.29911
2018-10-12 15:10:00,-12.62538
2018-10-12 16:00:00,54.99124
2018-10-15 11:07:00,-0.3509757
2018-10-15 12:02:00,-37.90405
2018-10-15 12:36:00,-50.37872
2018-10-15 15:53:00,-44.16713
2018-10-15 16:00:00,22.18154
2018-10-16 10:35:00,-45.93222
2018-10-16 10:53:00,-53.13571
2018-10-16 16:00:00,141.5258
2018-10-17 11:44:00,12.34272
2018-10-17 14:23:00,-35.7008
2018-10-17 14:55:00,-53.39856
2018-10-17 16:00:00,1.713385
2018-10-18 16:00:00,134.5276
2018-10-19 10:54:00,-8.324951
2018-10-19 16:00:00,113.8691
2018-10-22 10:40:00,-8.048994
2018-10-22 16:00:00,8.74187
2018-10-23 10:03:00,-57.9226
2018-10-23 11:21:00,-27.52162
2018-10-23 16:00:00,168.9538
2018-10-24 16:00:00,417.577
2018-10-25 09:50:00,-39.52713
2018-10-25 16:00:00,157.8472
2018-10-26 10:03:00,-7.679368
2018-10-26 11:26:00,-10.24703
2018-10-26 14:55:00,8.408584
2018-10-26 15:52:00,-63.92461
2018-10-26 15:59:00,-67.1482
2018-10-26 16:00:00,-21.92502
2018-10-29 10:03:00,-38.92593
2018-10-29 10:37:00,-41.64722
2018-10-29 16:00:00,294.1919
2018-10-30 10:38:00,51.15567
2018-10-30 11:08:00,-40.12185
2018-10-30 11:17:00,-56.61215
2018-10-30 11:21:00,-50.60842
2018-10-30 13:01:00,-24.4363
2018-10-30 14:54:00,-33.77501
2018-10-30 16:00:00,88.03729
2018-10-31 11:06:00,0.3590535
2018-10-31 11:26:00,-41.64871
2018-10-31 11:42:00,-43.62128
2018-10-31 12:41:00,-36.63004
2018-10-31 16:00:00,-19.3216
2018-11-01 10:14:00,-14.32357
2018-11-01 10:22:00,-42.55167
2018-11-01 10:34:00,-44.52903
2018-11-01 16:00:00,115.1192
2018-11-02 09:59:00,-23.71849
2018-11-02 16:00:00,113.1968
2018-11-05 11:08:00,7.580954
2018-11-05 11:28:00,-44.79769
2018-11-05 13:57:00,-40.28161
2018-11-05 16:00:00,37.95135
2018-11-06 10:40:00,16.84648
2018-11-06 16:00:00,-12.88199
2018-11-07 16:00:00,165.3038
2018-11-08 11:26:00,-29.92241
2018-11-08 16:00:00,-6.281626
2018-11-09 15:46:00,26.47183
2018-11-09 16:00:00,-25.83431
2018-11-12 14:20:00,98.91055
2018-11-12 14:37:00,-48.86347
2018-11-12 16:00:00,50.92205
2018-11-13 09:46:00,-40.51512
2018-11-13 10:48:00,-15.25498
2018-11-13 12:39:00,-14.50642
2018-11-13 16:00:00,65.37372
2018-11-14 09:47:00,-46.42728
2018-11-14 09:54:00,-51.98931
2018-11-14 15:09:00,64.2375
2018-11-14 15:34:00,-47.11985
2018-11-14 16:00:00,43.67293
2018-11-15 10:01:00,-16.61252
2018-11-15 11:06:00,-39.9364
2018-11-15 16:00:00,170.5278
2018-11-16 09:48:00,-50.63291
2018-11-16 11:23:00,-2.555397
2018-11-16 12:37:00,-35.05441
2018-11-16 13:44:00,-42.20945
2018-11-16 14:32:00,-50.79295
2018-11-16 16:00:00,3.999273
2018-11-19 16:00:00,240.2259
2018-11-20 09:52:00,-11.88696
2018-11-20 10:25:00,-24.18612
2018-11-20 13:24:00,16.08517
2018-11-20 16:00:00,3.441288
2018-11-21 09:38:00,-38.41953
2018-11-21 10:02:00,-18.90574
2018-11-21 10:13:00,-44.53334
2018-11-21 10:26:00,-46.628
2018-11-21 10:45:00,-39.99698
2018-11-21 11:11:00,-42.05183
2018-11-21 15:32:00,-36.21685
2018-11-21 16:00:00,29.15452
2018-11-23 09:31:00,9.957871
2018-11-23 10:47:00,-13.70384
2018-11-26 09:31:00,42.69269
2018-11-26 09:51:00,-42.39373
2018-11-26 11:38:00,-15.45362
2018-11-26 14:01:00,-38.5051
2018-11-26 16:00:00,56.03189
2018-11-27 09:56:00,-24.47105
2018-11-27 16:00:00,75.11173
2018-11-28 12:02:00,-48.25897
2018-11-28 16:00:00,225.7278
2018-11-29 11:56:00,-26.90029
2018-11-29 16:00:00,4.350506
2018-11-30 10:32:00,-49.7874
2018-11-30 13:04:00,-36.16113
2018-11-30 13:51:00,-46.09131
2018-11-30 16:00:00,43.71229
2018-12-03 10:24:00,-25.82699
2018-12-03 10:49:00,-39.5229
2018-12-03 16:00:00,-13.10848
2018-12-04 16:00:00,304.7151
2018-12-06 09:36:00,-48.5236
2018-12-06 09:54:00,-2.994684
2018-12-06 10:11:00,-38.19366
2018-12-06 10:58:00,-37.3023
2018-12-06 11:54:00,-51.66991
2018-12-06 16:00:00,197.0498
2018-12-07 10:11:00,-41.32231
2018-12-07 16:00:00,282.7452
2018-12-10 09:51:00,-10.17332
2018-12-10 10:16:00,-29.41953
2018-12-10 10:33:00,-53.40153
2018-12-10 12:39:00,-12.85493
2018-12-10 16:00:00,97.04339
2018-12-11 10:26:00,-32.88866
2018-12-11 10:49:00,-45.30387
2018-12-11 15:13:00,10.36001
2018-12-11 15:52:00,-41.8534
2018-12-11 16:00:00,22.68839
2018-12-12 14:13:00,9.177006
2018-12-12 16:00:00,73.71548
2018-12-13 09:55:00,-48.35696
2018-12-13 10:08:00,-43.07013
2018-12-13 10:36:00,-43.98505
2018-12-13 16:00:00,33.87085
2018-12-14 09:49:00,-46.55878
2018-12-14 11:49:00,-30.64619
2018-12-14 16:00:00,110.2156
2018-12-17 10:14:00,-26.74205
2018-12-17 12:54:00,-11.81132
2018-12-17 16:00:00,146.8625
2018-12-18 10:10:00,-35.67729
2018-12-18 10:42:00,-42.73504
2018-12-18 10:46:00,-39.48629
2018-12-18 12:07:00,-54.26834
2018-12-18 14:38:00,-44.40531
2018-12-18 15:51:00,-38.45119
2018-12-18 16:00:00,-54.39154
2018-12-19 13:10:00,37.29478
2018-12-19 13:58:00,-46.73255
2018-12-19 14:02:00,-99.51197
2018-12-19 16:00:00,229.5221
2018-12-20 09:42:00,-19.27995
2018-12-20 09:58:00,-29.96137
2018-12-20 10:37:00,-34.98153
2018-12-20 10:44:00,-54.037
2018-12-20 10:51:00,-43.54649
2018-12-20 14:51:00,53.19359
2018-12-20 14:57:00,-59.42006
2018-12-20 15:25:00,-49.0157
2018-12-20 15:31:00,-44.01792
2018-12-20 16:00:00,22.30542
2018-12-21 10:15:00,-15.9242
2018-12-21 10:45:00,-31.00282
2018-12-21 16:00:00,330.1304
2018-12-24 09:38:00,-69.70509
2018-12-24 10:16:00,26.58249
2018-12-24 11:47:00,-12.49375
2018-12-26 09:31:00,169.2936
2018-12-26 09:57:00,-13.71514
2018-12-26 11:19:00,11.65307
2018-12-26 16:00:00,462.5
2018-12-27 09:49:00,-49.9416
2018-12-27 11:32:00,-3.238211
2018-12-27 11:44:00,-52.19925
2018-12-27 15:01:00,-6.915067
2018-12-27 16:00:00,247.9574
2018-12-28 09:46:00,-18.19404
2018-12-28 09:53:00,-39.08563
2018-12-28 11:40:00,-19.02497
2018-12-28 13:33:00,-43.9117
2018-12-28 13:50:00,-44.90007
2018-12-28 15:30:00,-32.04114
2018-12-28 16:00:00,1.984206
2018-12-31 12:39:00,11.41732
2018-12-31 14:02:00,-45.72149
2018-12-31 16:00:00,-50.68303
2019-01-02 16:00:00,202.9136
2019-01-03 11:22:00,50.96962
2019-01-03 11:34:00,-45.62738
2019-01-03 11:38:00,-46.23859
2019-01-03 12:40:00,-40.82286
2019-01-03 12:56:00,-46.21443
2019-01-03 13:08:00,-47.20189
2019-01-03 16:00:00,98.87062
2019-01-04 16:00:00,261.5004
2019-01-07 09:55:00,-40.28666
2019-01-07 10:05:00,-39.67174
2019-01-07 16:00:00,73.21892
2019-01-08 12:28:00,12.21048
2019-01-08 12:52:00,-45.46323
2019-01-08 13:24:00,-42.60055
2019-01-08 16:00:00,34.77663
2019-01-09 09:48:00,-31.83386
2019-01-09 09:55:00,-48.66365
2019-01-09 10:36:00,-42.37448
2019-01-09 11:15:00,-42.17485
2019-01-09 16:00:00,11.35074
2019-01-10 10:23:00,-35.93135
2019-01-10 13:44:00,3.808798
2019-01-10 14:02:00,-48.35332
2019-01-10 16:00:00,50.01516
2019-01-11 10:31:00,-43.15566
2019-01-11 10:58:00,-42.58231
2019-01-11 16:00:00,14.38631
2019-01-14 16:00:00,-6.863156
2019-01-15 16:00:00,111.2246
2019-01-16 10:36:00,-22.70528
2019-01-16 16:00:00,31.33744
2019-01-17 16:00:00,80.50625
2019-01-18 10:37:00,-29.24085
2019-01-18 14:44:00,-3.321523
2019-01-18 16:00:00,-34.33381
2019-01-22 16:00:00,88.84098
2019-01-23 10:21:00,-43.51869
2019-01-23 16:00:00,34.3694
2019-01-24 10:51:00,-35.42397
2019-01-24 12:00:00,-39.66621
2019-01-24 12:54:00,-43.98226
2019-01-24 15:14:00,-41.18154
2019-01-24 16:00:00,4.101264
2019-01-25 16:00:00,37.30792
2019-01-28 10:23:00,-19.46836
2019-01-28 11:49:00,-48.95
2019-01-28 13:50:00,-48.81529
2019-01-28 16:00:00,20.92597
2019-01-29 16:00:00,64.36162
2019-01-30 12:01:00,-36.15086
2019-01-30 16:00:00,122.1731
2019-01-31 15:16:00,26.57832
2019-01-31 15:58:00,-46.11642
2019-01-31 16:00:00,-9.036362
2019-02-01 09:52:00,-28.6263
2019-02-01 10:07:00,-50.14899
2019-02-01 12:41:00,-38.32803
2019-02-01 16:00:00,11.97822
2019-02-04 16:00:00,88.38018
2019-02-05 12:56:00,-21.7624
2019-02-05 14:11:00,-42.18957
2019-02-05 16:00:00,4.984512
2019-02-06 16:00:00,5.708577
2019-02-07 10:54:00,-37.09974
2019-02-07 16:00:00,7.230658
2019-02-08 10:40:00,-40.16944
2019-02-08 11:49:00,-41.82731
2019-02-08 12:02:00,-43.82921
2019-02-08 16:00:00,67.27517
2019-02-11 16:00:00,29.91422
2019-02-12 16:00:00,51.19576
2019-02-13 16:00:00,24.86325
2019-02-14 16:00:00,25.6776
2019-02-15 10:43:00,-38.67854
2019-02-15 11:13:00,-43.83174
2019-02-15 16:00:00,-25.91777
2019-02-19 16:00:00,-14.11981
2019-02-20 16:00:00,4.946822
2019-02-21 11:15:00,-18.48823
2019-02-21 14:50:00,-33.35936
2019-02-21 16:00:00,-30.62242
2019-02-22 14:42:00,-21.89266
2019-02-22 15:58:00,-41.4042
2019-02-22 16:00:00,2.46696
2019-02-25 16:00:00,26.96173
2019-02-26 16:00:00,1.403016
2019-02-27 11:38:00,-7.758225
2019-02-27 16:00:00,39.4658
2019-02-28 11:41:00,-40.90701
2019-02-28 15:59:00,-32.66252
2019-02-28 16:00:00,-13.38971
2019-03-01 14:20:00,-19.2685
2019-03-01 16:00:00,8.042239
2019-03-04 16:00:00,45.56363
2019-03-05 10:54:00,-37.13175
2019-03-05 16:00:00,-4.537047
2019-03-06 16:00:00,26.97306
2019-03-07 11:34:00,-0.7073637
2019-03-07 14:07:00,-37.84128
2019-03-07 16:00:00,16.68501
2019-03-08 16:00:00,69.2178
2019-03-11 16:00:00,121.4861
2019-03-12 16:00:00,10.7695
2019-03-13 16:00:00,-3.787748
2019-03-15 16:00:00,23.22642
2019-03-18 11:25:00,-32.2318
2019-03-18 16:00:00,-13.95555
2019-03-19 11:51:00,-37.28182
2019-03-19 15:24:00,-35.11734
2019-03-19 16:00:00,-6.099421
2019-03-20 11:59:00,-37.90314
2019-03-20 14:02:00,-47.21949
2019-03-20 16:00:00,26.03462
2019-03-21 16:00:00,146.9448
2019-03-22 16:00:00,167.0397
2019-03-25 09:48:00,-29.60896
2019-03-25 10:52:00,-22.18733
2019-03-25 13:48:00,-32.01526
2019-03-25 15:16:00,-40.66013
2019-03-25 16:00:00,0.6805962
2019-03-26 10:37:00,-41.364
2019-03-26 16:00:00,34.10664
2019-03-27 16:00:00,46.13767
2019-03-28 11:02:00,-31.59182
2019-03-28 16:00:00,-14.31249
2019-03-29 14:56:00,-33.89486
2019-03-29 16:00:00,2.026822
2019-04-01 11:09:00,-43.29731
2019-04-01 16:00:00,27.40367
2019-04-02 16:00:00,5.650656
2019-04-03 13:54:00,-14.50948
2019-04-03 16:00:00,1.32096
2019-04-04 10:23:00,-43.7644
2019-04-04 16:00:00,-1.65251
2019-04-08 10:34:00,-40.65712
2019-04-08 16:00:00,39.50487
2019-04-09 16:00:00,-5.598735
2019-04-10 16:00:00,14.42481
2019-04-11 16:00:00,-9.198423
2019-04-12 16:00:00,-32.78581
2019-04-15 14:32:00,-22.61554
2019-04-15 16:00:00,8.502567
2019-04-16 16:00:00,-19.57522
2019-04-17 16:00:00,-2.922457
2019-04-18 12:47:00,-29.28067
2019-04-18 16:00:00,4.865864
2019-04-22 16:00:00,40.57519
2019-04-23 16:00:00,70.75092
2019-04-24 16:00:00,11.51926
2019-04-25 11:39:00,-18.18124
2019-04-25 16:00:00,-26.42639
2019-04-26 11:11:00,-19.25669
2019-04-26 16:00:00,47.40855
2019-04-29 16:00:00,-12.39748
2019-04-30 13:44:00,-26.68296
2019-04-30 16:00:00,-1.923755
2019-05-01 12:44:00,-41.98473
2019-05-01 14:06:00,-43.11997
2019-05-01 14:41:00,-45.16109
2019-05-01 16:00:00,76.99435
2019-05-02 11:00:00,-31.12965
2019-05-02 16:00:00,37.66539
2019-05-03 16:00:00,56.63819
2019-05-06 16:00:00,112.6724
2019-05-07 16:00:00,65.54398
2019-05-08 09:48:00,-45.96343
2019-05-08 10:35:00,-38.89016
2019-05-08 11:01:00,-69.55381
2019-05-08 15:57:00,-53.1083
2019-05-08 16:00:00,4.913361
2019-05-09 11:56:00,-3.984064
2019-05-09 16:00:00,79.64954
2019-05-10 10:01:00,-46.47024
2019-05-10 12:29:00,52.97838
2019-05-10 16:00:00,120.1691
2019-05-13 09:52:00,-52.42464
2019-05-13 14:58:00,24.3235
2019-05-13 15:21:00,-40.63802
2019-05-13 16:00:00,24.14227
2019-05-14 10:17:00,-37.35525
2019-05-14 16:00:00,31.80296
2019-05-15 16:00:00,147.1482
2019-05-16 15:43:00,52.36817
2019-05-16 16:00:00,-13.51841
2019-05-17 12:16:00,-7.941498
2019-05-17 13:23:00,-46.69338
2019-05-17 15:03:00,-44.49865
2019-05-17 16:00:00,48.33957
2019-05-20 09:48:00,-29.80828
2019-05-20 14:37:00,-21.61432
2019-05-20 16:00:00,-2.369187
2019-05-21 10:45:00,-42.04649
2019-05-21 16:00:00,-0.3349635
2019-05-22 11:02:00,-41.22813
2019-05-22 14:36:00,-38.36963
2019-05-22 16:00:00,-34.53479
2019-05-23 10:55:00,-29.37961
2019-05-23 11:16:00,-43.25908
2019-05-23 15:30:00,-21.21036
2019-05-23 15:48:00,-43.35507
2019-05-23 16:00:00,-33.60077
2019-05-24 16:00:00,52.73903
2019-05-28 10:18:00,-36.34264
2019-05-28 16:00:00,68.51883
2019-05-29 11:16:00,-34.51132
2019-05-29 13:51:00,-30.12883
2019-05-29 14:39:00,-43.84905
2019-05-29 15:44:00,-40.22749
2019-05-29 16:00:00,-18.99696
2019-05-30 16:00:00,-14.50026
2019-05-31 10:35:00,-34.64688
2019-05-31 14:34:00,-29.64461
2019-05-31 16:00:00,22.03722
2019-06-03 11:06:00,14.77989
2019-06-03 11:55:00,-40.17621
2019-06-03 16:00:00,120.3071
2019-06-04 10:17:00,-38.03363
2019-06-04 16:00:00,157.932
2019-06-05 11:32:00,7.623536
2019-06-05 16:00:00,23.58163
2019-06-06 11:17:00,-39.17218
2019-06-06 16:00:00,57.32044
2019-06-07 16:00:00,109.3175
2019-06-10 14:14:00,25.67437
2019-06-10 16:00:00,14.30092
2019-06-11 16:00:00,68.04069
2019-06-12 16:00:00,3.009027
2019-06-13 16:00:00,-30.01501
2019-06-14 16:00:00,-5.009184
2019-06-17 16:00:00,4.650854
2019-06-18 12:20:00,17.03075
2019-06-18 16:00:00,9.80873
2019-06-19 14:03:00,-38.85714
2019-06-19 16:00:00,12.36014
2019-06-20 16:00:00,5.79337
2019-06-21 16:00:00,-17.05551
2019-06-25 16:00:00,122.7888
2019-06-26 11:16:00,-48.63971
2019-06-26 16:00:00,21.83193
2019-06-27 16:00:00,-15.64129
2019-06-28 12:21:00,-32.24756
2019-06-28 16:00:00,-7.792461
2019-07-01 16:00:00,25.91668
2019-07-02 12:36:00,-40.67645
2019-07-02 15:09:00,-42.12896
2019-07-02 16:00:00,24.01845
2019-07-04 09:31:00,30.51785
2019-07-05 12:19:00,-34.89675
2019-07-05 16:00:00,41.47524
2019-07-08 16:00:00,-0.6401024
2019-07-09 16:00:00,54.11117
2019-07-10 10:56:00,-41.23517
2019-07-10 13:46:00,-30.65933
2019-07-10 16:00:00,-8.192847
2019-07-11 12:05:00,-42.91304
2019-07-11 13:35:00,-41.47292
2019-07-11 16:00:00,5.994447
2019-07-12 16:00:00,15.71734
2019-07-15 16:00:00,-2.190306
2019-07-16 16:00:00,10.68242
2019-07-17 16:00:00,31.19486
2019-07-18 11:11:00,-42.69315
2019-07-18 14:20:00,-28.90173
2019-07-18 16:00:00,33.56874
2019-07-19 16:00:00,104.8951
2019-07-22 16:00:00,18.02201
2019-07-23 13:45:00,-35.01246
2019-07-23 16:00:00,20.74558
2019-07-24 16:00:00,67.42348
2019-07-25 16:00:00,22.59958
2019-07-26 15:08:00,-44.3653
2019-07-26 16:00:00,-11.19786
2019-07-29 13:02:00,-9.07441
2019-07-29 16:00:00,6.877794
2019-07-30 16:00:00,4.709133
2019-07-31 16:00:00,118.5013
2019-08-01 13:30:00,31.25395
2019-08-01 16:00:00,163.9654
2019-08-02 09:41:00,-42.0535
2019-08-02 09:49:00,-43.8102
2019-08-02 15:38:00,23.9428
2019-08-02 16:00:00,-9.081179
2019-08-05 16:00:00,109.2605
2019-08-06 09:48:00,-43.84654
2019-08-06 10:04:00,-45.37417
2019-08-06 10:15:00,-48.15836
2019-08-06 13:27:00,-16.35296
2019-08-06 16:00:00,31.65295
2019-08-07 09:47:00,-77.10617
2019-08-07 10:06:00,-57.77222
2019-08-07 12:22:00,16.12361
2019-08-07 12:44:00,-46.61614
2019-08-07 16:00:00,93.13349
2019-08-08 16:00:00,146.6439
2019-08-09 12:58:00,30.57209
2019-08-09 16:00:00,-8.808273
2019-08-12 10:25:00,-38.19056
2019-08-12 11:13:00,-45.58872
2019-08-12 11:48:00,-46.12698
2019-08-12 13:48:00,-45.58722
2019-08-12 16:00:00,22.73326
2019-08-13 16:00:00,175.5539
2019-08-14 09:47:00,-53.06082
2019-08-14 16:00:00,119.2005
2019-08-15 10:02:00,-23.65642
2019-08-15 10:32:00,-40.88552
2019-08-15 12:06:00,-33.04296
2019-08-15 13:38:00,-47.23886
2019-08-15 15:07:00,-40.10963
2019-08-15 16:00:00,-20.97343
2019-08-16 16:00:00,24.36134
2019-08-19 11:19:00,-36.97097
2019-08-19 16:00:00,-11.95515
2019-08-20 10:58:00,-48.48051
2019-08-20 14:09:00,-38.53253
2019-08-20 16:00:00,21.45365
2019-08-21 13:53:00,-37.03346
2019-08-21 16:00:00,-8.080677
2019-08-22 13:24:00,28.40726
2019-08-22 16:00:00,-10.03561
2019-08-23 10:04:00,-51.34075
2019-08-23 11:02:00,-32.20874
2019-08-23 16:00:00,242.5093
2019-08-26 11:14:00,-40.51003
2019-08-26 16:00:00,30.42529
2019-08-27 16:00:00,57.45617
2019-08-28 09:50:00,-38.60875
2019-08-28 16:00:00,70.621
2019-08-29 11:37:00,-30.87423
2019-08-29 16:00:00,-11.01571
2019-08-30 16:00:00,27.87592
2019-09-02 11:51:00,-81.49694
2019-09-03 09:31:00,-7.559324
2019-09-03 10:02:00,-25.79423
2019-09-03 16:00:00,29.78918
2019-09-04 11:37:00,-35.84229
2019-09-04 16:00:00,30.51948
2019-09-05 16:00:00,27.40948
2019-09-06 12:53:00,-41.59655
2019-09-06 13:40:00,-44.95887
2019-09-06 16:00:00,-25.07698
2019-09-09 16:00:00,8.92345
2019-09-10 10:28:00,-35.78798
2019-09-10 16:00:00,47.54715
2019-09-11 16:00:00,57.68373
2019-09-12 10:12:00,-63.11537
2019-09-12 10:54:00,-53.62519
2019-09-12 16:00:00,11.03509
2019-09-13 13:45:00,-37.89075
2019-09-13 16:00:00,-8.874802
2019-09-16 12:00:00,-38.756
2019-09-16 16:00:00,-19.45339
2019-09-17 16:00:00,20.31875
2019-09-18 15:34:00,-19.74334
2019-09-18 16:00:00,29.23884
2019-09-19 12:29:00,-34.85415
2019-09-19 16:00:00,13.23418
2019-09-20 16:00:00,94.14292
2019-09-23 11:39:00,-42.21568
2019-09-23 16:00:00,-12.73885
2019-09-24 16:00:00,161.5982
2019-09-25 10:33:00,-19.77502
2019-09-25 16:00:00,124.5632
2019-09-26 14:06:00,-6.425909
2019-09-26 16:00:00,8.027228
2019-09-27 11:16:00,-26.05423
2019-09-27 11:38:00,-44.59416
2019-09-27 16:00:00,76.05298
2019-09-30 16:00:00,32.28827
2019-10-01 10:05:00,-46.56355
2019-10-01 16:00:00,129.4498
2019-10-02 15:23:00,28.90173
2019-10-02 16:00:00,-31.62055
2019-10-03 10:29:00,-52.25669
2019-10-03 16:00:00,135.0949
2019-10-04 16:00:00,64.80671
2019-10-07 14:52:00,-20.62653
2019-10-07 16:00:00,5.167291
2019-10-08 11:18:00,-20.90205
2019-10-08 11:36:00,-42.04283
2019-10-08 12:46:00,-43.52949
2019-10-08 15:41:00,-34.54231
2019-10-08 16:00:00,37.60505
2019-10-09 16:00:00,3.897243
2019-10-10 13:32:00,7.119741
2019-10-10 16:00:00,-30.72246
2019-10-11 12:34:00,-23.15255
2019-10-11 13:28:00,-48.00203
2019-10-11 15:56:00,-45.24171
2019-10-11 16:00:00,19.06881
2019-10-14 16:00:00,-20.33037
2019-10-15 16:00:00,53.72606
2019-10-16 16:00:00,-13.84562
2019-10-17 16:00:00,6.909982
2019-10-18 16:00:00,66.2189
2019-10-21 11:16:00,-41.44258
2019-10-21 16:00:00,14.17725
2019-10-22 16:00:00,85.19334
2019-10-23 16:00:00,11.72816
2019-10-24 11:25:00,-30.88462
2019-10-24 16:00:00,19.79327
2019-10-25 16:00:00,79.96739
2019-10-28 16:00:00,3.389308
2019-10-29 16:00:00,28.16553
2019-10-30 10:57:00,-41.07671
2019-10-30 14:02:00,-41.83841
2019-10-30 14:17:00,-42.94784
2019-10-30 16:00:00,26.34025
2019-10-31 16:00:00,-11.13586
2019-11-01 12:12:00,-27.31821
2019-11-01 15:57:00,-40.93567
2019-11-01 16:00:00,11.95476
2019-11-05 16:00:00,-20.43119
2019-11-06 16:00:00,-37.32599
2019-11-07 14:45:00,-42.31525
2019-11-07 16:00:00,10.62377
2019-11-08 10:46:00,-42.37288
2019-11-08 16:00:00,31.26613
2019-11-11 16:00:00,11.22607
2019-11-12 14:16:00,-30.16227
2019-11-12 16:00:00,-9.681128
2019-11-13 14:03:00,-31.12817
2019-11-13 16:00:00,-22.43376
2019-11-14 15:10:00,-35.52344
2019-11-14 16:00:00,3.327988
2019-11-18 16:00:00,24.96166
2019-11-19 14:24:00,-40.83226
2019-11-19 16:00:00,-20.03409
2019-11-20 16:00:00,24.3587
2019-11-21 14:34:00,-39.99273
2019-11-21 16:00:00,-14.48488
2019-11-22 16:00:00,-14.21486
2019-11-25 16:00:00,14.94456
2019-11-27 16:00:00,14.22264
2019-12-02 09:31:00,-14.86326
2019-12-02 14:47:00,49.53893
2019-12-02 16:00:00,-23.69313
2019-12-03 10:19:00,-48.92518
2019-12-03 16:00:00,51.42562
2019-12-05 15:41:00,-32.57722
2019-12-05 16:00:00,-3.006615
2019-12-06 16:00:00,-5.354434
2019-12-09 11:56:00,-35.32205
2019-12-09 16:00:00,33.06425
2019-12-10 15:33:00,-24.77242
2019-12-10 16:00:00,-3.590449
2019-12-11 16:00:00,12.21074
2019-12-12 11:31:00,21.67716
2019-12-12 14:33:00,-33.77878
2019-12-12 16:00:00,1.476538
2019-12-13 10:40:00,-15.62776
2019-12-13 13:01:00,-46.0707
2019-12-13 16:00:00,-14.69853
2019-12-16 16:00:00,-13.9799
2019-12-18 16:00:00,-32.40553
2019-12-19 16:00:00,20.51252
2019-12-26 16:00:00,19.63798
2019-12-27 16:00:00,9.657993
2019-12-30 12:17:00,7.997258
2019-12-30 16:00:00,-16.57901
2019-12-31 16:00:00,18.61131
2020-01-02 14:06:00,-41.42196
2020-01-02 16:00:00,46.0543
2020-01-03 16:00:00,-16.43199
2020-01-06 16:00:00,98.55304
2020-01-07 11:00:00,-39.3044
2020-01-07 16:00:00,-15.20955
2020-01-08 10:50:00,-34.85692
2020-01-08 11:38:00,-43.15938
2020-01-08 16:00:00,32.58152
2020-01-09 16:00:00,-20.58357
2020-01-10 16:00:00,27.4771
2020-01-13 16:00:00,40.05968
2020-01-14 12:38:00,-43.11894
2020-01-14 14:05:00,-43.48424
2020-01-14 16:00:00,-6.910468
2020-01-15 16:00:00,7.726483
2020-01-16 15:45:00,-41.83755
2020-01-16 16:00:00,18.91292
2020-01-17 15:50:00,-41.05427
2020-01-17 16:00:00,11.72077
2020-01-21 13:39:00,-34.8233
2020-01-21 16:00:00,-24.5707
2020-01-22 16:00:00,10.58546
2020-01-23 16:00:00,37.2556
2020-01-24 16:00:00,98.45555
2020-01-27 10:56:00,-29.52317
2020-01-27 12:12:00,-43.57785
2020-01-27 15:51:00,-32.81971
2020-01-27 16:00:00,-2.232392
2020-01-28 16:00:00,53.87038
2020-01-29 12:16:00,-13.9795
2020-01-29 16:00:00,-25.73016
2020-01-30 10:33:00,-12.93483
2020-01-30 14:44:00,-38.02805
2020-01-30 16:00:00,41.17825
2020-01-31 16:00:00,146.2413
2020-02-03 16:00:00,49.52402
2020-02-04 16:00:00,74.41961
2020-02-05 15:02:00,20.98998
2020-02-05 16:00:00,-14.64402
2020-02-06 16:00:00,41.42766
2020-02-07 14:06:00,-20.42765
2020-02-07 16:00:00,-7.177606
2020-02-10 16:00:00,103.4208
2020-02-11 11:42:00,-25.82833
2020-02-11 16:00:00,34.26539
2020-02-12 11:25:00,-33.18006
2020-02-12 16:00:00,20.05052
2020-02-13 16:00:00,15.11952
2020-02-14 11:08:00,-43.50431
2020-02-14 12:57:00,-40.20335
2020-02-14 16:00:00,-30.99039
2020-02-18 13:11:00,-38.06445
2020-02-18 16:00:00,10.38907
2020-02-19 16:00:00,0.2569901
2020-02-20 16:00:00,47.26362
2020-02-21 16:00:00,115.0387
2020-02-24 10:33:00,-2.737701
2020-02-24 14:48:00,-20.53838
2020-02-24 15:56:00,-52.74377
2020-02-24 16:00:00,17.03343
2020-02-25 16:00:00,332.7318
2020-02-26 10:08:00,-5.315726
2020-02-26 10:16:00,-46.74728
2020-02-26 11:55:00,-20.06074
2020-02-26 16:00:00,83.47525
2020-02-27 09:39:00,-47.16162
2020-02-27 09:47:00,-40.0288
2020-02-27 09:57:00,-39.90054
2020-02-27 10:05:00,-42.04585
2020-02-27 11:00:00,-5.784025
2020-02-27 11:47:00,-44.80028
2020-02-27 11:54:00,-65.61565
2020-02-27 13:44:00,-41.53567
2020-02-27 13:56:00,-70.38378
2020-02-27 14:00:00,-50.04602
2020-02-27 16:00:00,250.0434
2020-02-28 09:46:00,16.42136
2020-02-28 10:19:00,-18.21604
2020-02-28 10:31:00,-90.3085
2020-02-28 10:53:00,-77.67584
2020-02-28 13:42:00,31.25569
2020-02-28 14:23:00,-49.61128
2020-02-28 14:28:00,-42.44303
2020-02-28 14:32:00,-84.64329
2020-02-28 15:07:00,-85.73141
2020-02-28 15:17:00,-70.75044
2020-02-28 15:31:00,-84.96457
2020-02-28 15:51:00,-71.76382
2020-02-28 16:00:00,192.7124
2020-03-02 09:47:00,-18.71181
2020-03-02 10:00:00,-49.61041
2020-03-02 10:46:00,-17.59686
2020-03-02 14:45:00,49.18465
2020-03-02 14:54:00,-58.84924
2020-03-02 16:00:00,282.6773
2020-03-03 10:02:00,-136.1351
2020-03-03 10:17:00,-158.8275
2020-03-03 10:22:00,-71.918
2020-03-03 11:09:00,-44.41696
2020-03-03 16:00:00,291.4102
2020-03-04 10:13:00,-12.89842
2020-03-04 10:58:00,-28.62623
2020-03-04 11:30:00,-57.12973
2020-03-04 11:44:00,-57.66157
2020-03-04 12:16:00,-54.55067
2020-03-04 16:00:00,215.5911
2020-03-05 09:54:00,-38.2431
2020-03-05 10:15:00,-44.97923
2020-03-05 12:09:00,-2.566882
2020-03-05 16:00:00,103.8428
2020-03-06 09:50:00,-51.78587
2020-03-06 10:15:00,-39.26468
2020-03-06 11:47:00,-9.777778
2020-03-06 13:25:00,-63.17288
2020-03-06 13:35:00,-57.47126
2020-03-06 15:46:00,-17.78568
2020-03-06 16:00:00,93.80086
2020-03-09 09:52:00,15.14626
2020-03-09 10:52:00,184.243
2020-03-09 11:14:00,-46.54627
2020-03-09 13:08:00,2.470966
2020-03-09 13:13:00,-42.92243
2020-03-09 13:31:00,-45.50626
2020-03-09 16:00:00,198.3012
2020-03-10 09:57:00,9.451508
2020-03-10 10:34:00,-19.83643
2020-03-10 13:11:00,67.5779
2020-03-10 13:43:00,-51.72095
2020-03-10 14:37:00,-66.53463
2020-03-10 16:00:00,288.0507
2020-03-11 09:41:00,-28.41083
2020-03-11 10:02:00,-36.45722
2020-03-11 10:26:00,-41.20879
2020-03-11 12:19:00,-1.226054
2020-03-11 12:29:00,-56.08508
2020-03-11 16:00:00,139.6166
2020-03-12 09:35:00,-36.65201
2020-03-12 09:57:00,32.4393
2020-03-12 11:13:00,51.66918
2020-03-12 12:55:00,11.34884
2020-03-12 13:39:00,-15.03759
2020-03-12 13:50:00,-79.65194
2020-03-12 14:03:00,-68.06561
2020-03-12 14:06:00,-58.50299
2020-03-12 14:13:00,-72.12178
2020-03-12 16:00:00,277.5267
2020-03-13 09:35:00,-98.37551
2020-03-13 10:20:00,62.42238
2020-03-13 10:38:00,-55.25044
2020-03-13 12:46:00,57.54159
2020-03-13 13:01:00,-62.19857
2020-03-13 13:21:00,-53.21641
2020-03-13 14:10:00,-65.9187
2020-03-13 15:02:00,-94.84232
2020-03-13 15:35:00,-155.0362
2020-03-13 15:40:00,-217.8385
2020-03-13 16:00:00,483.8124
2020-03-16 09:50:00,-28.89257
2020-03-16 12:54:00,340.7933
2020-03-16 13:14:00,-75.08579
2020-03-16 13:20:00,-85.65455
2020-03-16 14:36:00,-37.41497
2020-03-16 14:38:00,-62.69061
2020-03-16 15:03:00,-63.42711
2020-03-16 15:05:00,-76.92047
2020-03-16 16:00:00,514.6155
2020-03-17 09:34:00,-95.19492
2020-03-17 09:35:00,-91.87938
2020-03-17 10:13:00,116.4372
2020-03-17 10:17:00,-55.37724
2020-03-17 10:19:00,-76.61205
2020-03-17 13:18:00,199.5776
2020-03-17 13:22:00,-52.11029
2020-03-17 16:00:00,235.8555
2020-03-18 10:54:00,107.4891
2020-03-18 11:56:00,-15.29158
2020-03-18 12:03:00,-48.58075
2020-03-18 12:10:00,-55.4432
2020-03-18 12:16:00,-103.3395
2020-03-18 15:57:00,-44.85091
2020-03-18 15:59:00,-135.6961
2020-03-18 16:00:00,-224.9098
2020-03-19 09:52:00,36.46052
2020-03-19 10:55:00,123.1527
2020-03-19 10:57:00,-67.08377
2020-03-19 12:28:00,2.762145
2020-03-19 12:31:00,-76.62835
2020-03-19 12:35:00,-66.79683
2020-03-19 12:40:00,-51.38285
2020-03-19 15:53:00,4.803239
2020-03-19 16:00:00,29.83437
2020-03-20 09:40:00,-42.37858
2020-03-20 10:04:00,7.093157
2020-03-20 11:19:00,-15.54842
2020-03-20 16:00:00,554.1826
2020-03-23 09:34:00,-88.54675
2020-03-23 09:39:00,-107.8312
2020-03-23 09:50:00,-51.42505
2020-03-23 09:52:00,-47.559
2020-03-23 09:53:00,-96.65858
2020-03-23 10:56:00,-27.60846
2020-03-23 12:24:00,10.78632
2020-03-23 12:32:00,-95.02214
2020-03-23 12:40:00,-89.39278
2020-03-23 14:02:00,-4.682154
2020-03-23 14:08:00,-54.41049
2020-03-23 14:11:00,-85.29549
2020-03-23 14:30:00,-120.3687
2020-03-23 14:37:00,-106.4362
2020-03-23 14:44:00,-68.23105
2020-03-23 15:01:00,-58.08742
2020-03-23 15:06:00,-53.73823
2020-03-23 15:11:00,-53.80973
2020-03-23 15:53:00,-91.97143
2020-03-23 16:00:00,-4.288624
2020-03-24 09:40:00,-34.822
2020-03-24 09:55:00,-27.47998
2020-03-24 09:59:00,-60.22262
2020-03-24 10:15:00,-52.07801
2020-03-24 10:51:00,-26.07341
2020-03-24 11:03:00,-60.09167
2020-03-24 11:07:00,-60.74514
2020-03-24 11:18:00,-50.93033
2020-03-24 13:12:00,-15.87731
2020-03-24 13:32:00,-50.41448
2020-03-24 13:50:00,-44.1018
2020-03-24 14:39:00,-31.10946
2020-03-24 14:50:00,-60.67757
2020-03-24 14:55:00,-67.49195
2020-03-24 16:00:00,151.5968
2020-03-25 09:34:00,-72.09132
2020-03-25 09:48:00,40.09543
2020-03-25 11:01:00,88.78181
2020-03-25 11:17:00,-43.62304
2020-03-25 11:20:00,-54.51687
2020-03-25 11:48:00,-59.21096
2020-03-25 12:03:00,-74.9565
2020-03-25 15:52:00,-50.15278
2020-03-25 16:00:00,35.38405
2020-03-26 09:34:00,-40.52184
2020-03-26 09:38:00,-77.73478
2020-03-26 09:48:00,-74.18105
2020-03-26 09:57:00,-79.36508
2020-03-26 13:35:00,50.52493
2020-03-26 13:44:00,-49.29164
2020-03-26 16:00:00,223.1606
2020-03-27 09:41:00,-54.31601
2020-03-27 10:10:00,-6.867458
2020-03-27 10:19:00,-45.09804
2020-03-27 11:09:00,-46.28718
2020-03-27 11:48:00,-54.56981
2020-03-27 12:38:00,-49.94086
2020-03-27 15:50:00,-2.615405
2020-03-27 16:00:00,93.85219
2020-03-30 09:39:00,-39.96101
2020-03-30 09:53:00,-35.55469
2020-03-30 16:00:00,229.4741
2020-03-31 09:49:00,-46.76316
2020-03-31 10:06:00,-43.46714
2020-03-31 12:22:00,45.18839
2020-03-31 16:00:00,119.7491
2020-04-01 09:48:00,-36.85665
2020-04-01 10:10:00,-59.45303
2020-04-01 11:42:00,-17.7305
2020-04-01 16:00:00,174.9885
2020-04-02 09:44:00,1.33963
2020-04-02 10:04:00,-24.77983
2020-04-02 13:28:00,40.41821
2020-04-02 15:01:00,-36.59591
2020-04-02 16:00:00,101.1005
2020-04-03 09:54:00,-13.45807
2020-04-03 10:03:00,-44.04418
2020-04-03 10:18:00,-55.30467
2020-04-03 16:00:00,108.921
2020-04-06 09:48:00,-35.72923
2020-04-06 16:00:00,332.2856
2020-04-07 09:55:00,-13.93264
2020-04-07 10:05:00,-45.36931
2020-04-07 11:41:00,44.9684
2020-04-07 13:54:00,-29.91088
2020-04-07 16:00:00,154.2889
2020-04-08 10:52:00,-15.72085
2020-04-08 16:00:00,110.4887
2020-04-09 09:41:00,-51.87635
2020-04-09 10:08:00,-25.95521
2020-04-09 12:02:00,18.76059
2020-04-09 14:07:00,-41.22961
2020-04-09 16:00:00,-16.43836
2020-04-13 09:47:00,-50.1596
2020-04-13 10:07:00,-41.85762
2020-04-13 10:23:00,-55.37469
2020-04-13 11:47:00,-45.58666
2020-04-13 16:00:00,131.5709
2020-04-14 11:13:00,48.19985
2020-04-14 11:34:00,-43.87376
2020-04-14 16:00:00,113.2823
2020-04-15 10:33:00,-14.068
2020-04-15 16:00:00,46.82744
2020-04-16 10:43:00,-22.806
2020-04-16 12:22:00,-10.94502
2020-04-16 14:33:00,-32.29434
2020-04-16 16:00:00,51.73454
2020-04-17 10:07:00,-9.918105
2020-04-17 10:17:00,-50.67376
2020-04-17 15:39:00,-3.414426
2020-04-17 16:00:00,30.15047
2020-04-20 09:58:00,-39.0369
2020-04-20 10:15:00,-38.90383
2020-04-20 14:24:00,1.139796
2020-04-20 16:00:00,71.22913
2020-04-21 14:08:00,150.1685
2020-04-21 14:43:00,-40.98965
2020-04-21 15:38:00,-39.97394
2020-04-21 15:45:00,-45.41835
2020-04-21 16:00:00,56.29129
2020-04-22 09:50:00,-45.74059
2020-04-22 10:02:00,-46.24345
2020-04-22 16:00:00,77.78587
2020-04-23 11:50:00,29.0305
2020-04-23 12:30:00,-41.27021
2020-04-23 12:46:00,-68.50097
2020-04-23 16:00:00,81.90597
2020-04-24 10:20:00,-8.979001
2020-04-24 16:00:00,152.5061
2020-04-27 10:47:00,-34.42438
2020-04-27 16:00:00,5.945977
2020-04-28 16:00:00,215.0841
2020-04-29 09:45:00,-49.87673
2020-04-29 16:00:00,110.2558
2020-04-30 09:50:00,-30.123
2020-04-30 10:45:00,-37.54067
2020-04-30 11:05:00,-50.80109
2020-04-30 11:39:00,-42.76827
2020-04-30 15:25:00,-18.6869
2020-04-30 15:51:00,-42.87186
2020-04-30 15:56:00,-42.49727
2020-04-30 16:00:00,2.505638
2020-05-01 11:06:00,-34.50031
2020-05-01 16:00:00,111.2372
2020-05-04 13:14:00,21.85792
2020-05-04 14:13:00,-45.05539
2020-05-04 16:00:00,76.85056
2020-05-05 15:31:00,16.50996
2020-05-05 16:00:00,33.52424
2020-05-06 09:57:00,-35.74694
2020-05-06 10:44:00,-26.14161
2020-05-06 15:36:00,-21.35804
2020-05-06 16:00:00,24.46143
2020-05-07 11:45:00,-32.2821
2020-05-07 16:00:00,1.10011
2020-05-08 16:00:00,52.66749
2020-05-11 16:00:00,101.4304
2020-05-12 10:37:00,1.881013
2020-05-12 13:22:00,-28.75803
2020-05-12 16:00:00,186.5229
2020-05-13 09:52:00,-11.54258
2020-05-13 11:02:00,0.2745066
2020-05-13 16:00:00,128.1911
2020-05-14 09:42:00,-40.97561
2020-05-14 10:51:00,11.47559
2020-05-14 16:00:00,184.3809
2020-05-15 09:45:00,-49.14691
2020-05-15 10:55:00,-13.89391
2020-05-15 12:04:00,-34.78309
2020-05-15 16:00:00,144.7507
2020-05-18 09:55:00,-47.08858
2020-05-18 10:21:00,-44.06716
2020-05-18 16:00:00,34.45306
2020-05-19 15:00:00,-4.807307
2020-05-19 15:12:00,-48.63059
2020-05-19 15:27:00,-46.53389
2020-05-19 16:00:00,71.32934
2020-05-20 12:47:00,-24.06707
2020-05-20 14:55:00,-50.63627
2020-05-20 16:00:00,2.373981
2020-05-21 09:57:00,-43.3868
2020-05-21 16:00:00,93.75413
2020-05-22 09:54:00,-36.4367
2020-05-22 16:00:00,43.77886
2020-05-26 16:00:00,138.6555
2020-05-27 12:06:00,60.69032
2020-05-27 16:00:00,151.1728
2020-05-28 15:31:00,37.1087
2020-05-28 16:00:00,54.40093
2020-05-29 10:09:00,-44.8608
2020-05-29 11:50:00,-15.6395
2020-05-29 12:56:00,-52.13847
2020-05-29 13:00:00,-66.51236
2020-05-29 14:54:00,-53.1226
2020-05-29 14:59:00,-51.28069
2020-05-29 16:00:00,90.67118
2020-06-01 16:00:00,42.9207
2020-06-02 10:22:00,-53.0941
2020-06-02 10:46:00,-46.04938
2020-06-02 13:07:00,-20.38683
2020-06-02 16:00:00,73.55626
2020-06-03 12:10:00,-38.92957
2020-06-03 14:06:00,-39.59935
2020-06-03 16:00:00,-0.7733952
2020-06-04 11:10:00,-22.13243
2020-06-04 16:00:00,67.31836
2020-06-05 16:00:00,106.0434
2020-06-08 10:53:00,-27.86227
2020-06-08 16:00:00,90.74688
2020-06-09 16:00:00,68.46028
2020-06-10 10:57:00,-38.73082
2020-06-10 11:42:00,-41.87229
2020-06-10 12:10:00,-42.19409
2020-06-10 13:10:00,-45.86241
2020-06-10 16:00:00,13.64629
2020-06-11 10:00:00,-51.09526
2020-06-11 10:58:00,-24.91444
2020-06-11 16:00:00,319.3985
2020-06-12 10:15:00,-42.24241
2020-06-12 15:53:00,102.9874
2020-06-12 16:00:00,-22.72258
2020-06-15 09:38:00,-46.57037
2020-06-15 09:48:00,-31.95056
2020-06-15 09:56:00,-49.65582
2020-06-15 16:00:00,224.3079
2020-06-16 10:39:00,-39.72319
2020-06-16 11:48:00,9.782282
2020-06-16 12:03:00,-42.18032
2020-06-16 12:37:00,-45.88891
2020-06-16 15:09:00,-46.43225
2020-06-16 16:00:00,-40.09279
2020-06-17 10:57:00,-31.33617
2020-06-17 15:25:00,-26.49007
2020-06-17 16:00:00,8.018241
2020-06-18 11:01:00,-52.0519
2020-06-18 15:01:00,-43.77736
2020-06-18 15:56:00,-46.23116
2020-06-18 16:00:00,2.501
2020-06-19 16:00:00,80.67118
2020-06-22 16:00:00,97.3321
2020-06-23 15:33:00,0.7353842
2020-06-23 16:00:00,1.96088
2020-06-24 09:51:00,-36.7323
2020-06-24 16:00:00,175.7361
2020-06-25 10:22:00,-6.268335
2020-06-25 16:00:00,110.2536
2020-06-26 11:51:00,71.93349
2020-06-26 12:08:00,-45.37819
2020-06-26 16:00:00,85.88123
2020-06-29 10:02:00,-7.39777
2020-06-29 16:00:00,146.0617
2020-06-30 16:00:00,143.136
2020-07-01 09:55:00,-48.09344
2020-07-01 10:09:00,-41.91528
2020-07-01 16:00:00,81.5164
2020-07-02 10:30:00,-41.03179
2020-07-02 15:02:00,-26.74441
2020-07-02 15:44:00,-41.33125
2020-07-02 16:00:00,24.61212
2020-07-06 09:31:00,-0.2421132
2020-07-06 14:16:00,14.50482
2020-07-06 15:37:00,-46.06325
2020-07-06 16:00:00,13.23564
2020-07-07 09:48:00,-55.39117
2020-07-07 12:45:00,-7.768544
2020-07-07 16:00:00,89.28992
2020-07-08 11:06:00,-15.32152
2020-07-08 12:59:00,-26.67674
2020-07-08 13:57:00,-43.79356
2020-07-08 15:07:00,-46.35104
2020-07-08 16:00:00,31.77816
2020-07-09 12:48:00,26.38214
2020-07-09 16:00:00,57.58562
2020-07-10 10:28:00,-24.78431
2020-07-10 16:00:00,95.16035
2020-07-13 10:04:00,-28.01184
2020-07-13 10:30:00,-45.44728
2020-07-13 12:56:00,-15.23212
2020-07-13 16:00:00,347.2301
2020-07-14 09:50:00,-31.26925
2020-07-14 10:34:00,6.178414
2020-07-14 11:07:00,-46.60453
2020-07-14 11:09:00,-47.53942
2020-07-14 16:00:00,150.5029
2020-07-15 09:44:00,-49.34057
2020-07-15 09:59:00,-42.5829
2020-07-15 10:28:00,-41.12918
2020-07-15 11:02:00,-44.45168
2020-07-15 14:05:00,-1.402623
2020-07-15 15:08:00,-44.41016
2020-07-15 15:37:00,-40.85178
2020-07-15 16:00:00,-3.741202
2020-07-16 12:43:00,-12.56222
2020-07-16 16:00:00,49.47565
2020-07-17 11:11:00,-14.38442
2020-07-17 16:00:00,12.47998
2020-07-20 09:53:00,-33.61621
2020-07-20 16:00:00,249.2854
2020-07-21 14:09:00,17.81758
2020-07-21 15:11:00,-49.88673
2020-07-21 16:00:00,42.54732
2020-07-22 10:45:00,-32.42572
2020-07-22 15:18:00,-17.76527
2020-07-22 16:00:00,4.375864
2020-07-23 10:13:00,-49.2815
2020-07-23 16:00:00,213.3765
2020-07-24 09:38:00,-50.14034
2020-07-24 10:00:00,-13.98467
2020-07-24 13:10:00,24.07782
2020-07-24 13:44:00,-46.59877
2020-07-24 16:00:00,12.67154
2020-07-27 11:16:00,5.207594
2020-07-27 13:16:00,-34.77808
2020-07-27 16:00:00,53.5188
2020-07-28 10:58:00,-37.54782
2020-07-28 15:04:00,-36.93683
2020-07-28 16:00:00,58.32625
2020-07-29 12:11:00,-34.1321
2020-07-29 14:12:00,-48.8934
2020-07-29 16:00:00,13.39789
2020-07-30 09:56:00,-41.96035
2020-07-30 10:41:00,-32.90486
2020-07-30 16:00:00,103.3458
2020-07-31 11:15:00,26.52336
2020-07-31 12:04:00,-36.76896
2020-07-31 14:56:00,-24.6031
2020-07-31 16:00:00,92.84557
2020-08-03 10:48:00,-28.77404
2020-08-03 11:49:00,-43.39923
2020-08-03 16:00:00,-10.407
2020-08-04 11:25:00,-23.06701
2020-08-04 15:57:00,-33.54716
2020-08-04 16:00:00,16.49158
2020-08-05 15:52:00,-27.23937
2020-08-05 16:00:00,-32.73138
2020-08-06 10:52:00,-36.40122
2020-08-06 11:22:00,-47.35916
2020-08-06 16:00:00,104.3724
2020-08-07 11:30:00,-46.1904
2020-08-07 16:00:00,69.16092
2020-08-10 12:46:00,38.26933
2020-08-10 16:00:00,13.78469
2020-08-11 09:47:00,-40.96588
2020-08-11 10:05:00,-51.67842
2020-08-11 10:41:00,-44.65608
2020-08-11 14:18:00,-20.64101
2020-08-11 16:00:00,118.4199
2020-08-12 16:00:00,110.4384
2020-08-13 13:29:00,-13.15349
2020-08-13 16:00:00,25.89517
2020-08-14 12:41:00,-13.66732
2020-08-14 15:17:00,-43.85474
2020-08-14 16:00:00,-31.91226
2020-08-17 16:00:00,12.42208
2020-08-18 09:56:00,-42.20801
2020-08-18 12:08:00,-31.79018
2020-08-18 16:00:00,29.70885
2020-08-19 10:26:00,-33.44702
2020-08-19 14:19:00,-28.29133
2020-08-19 16:00:00,42.2275
2020-08-20 16:00:00,137.6096
2020-08-21 16:00:00,35.17457
2020-08-24 16:00:00,30.22767
2020-08-25 16:00:00,74.38461
2020-08-26 16:00:00,134.0363
2020-08-27 09:53:00,-18.3935
2020-08-27 10:07:00,-45.27341
2020-08-27 10:31:00,-57.00633
2020-08-27 12:35:00,-43.13758
2020-08-27 14:29:00,-27.6272
2020-08-27 15:58:00,-42.57895
2020-08-27 16:00:00,-0.8384514
2020-08-28 10:04:00,-48.73661
2020-08-28 10:49:00,-41.42295
2020-08-28 15:41:00,-34.48852
2020-08-28 16:00:00,-8.748724
2020-08-31 16:00:00,39.01791
2020-09-01 09:47:00,-45.32344
2020-09-01 16:00:00,85.31583
2020-09-02 12:33:00,25.8884
2020-09-02 16:00:00,66.10565
2020-09-03 16:00:00,333.9628
2020-09-04 09:43:00,-25.26593
2020-09-04 12:01:00,216.9008
2020-09-04 12:11:00,-43.95031
2020-09-04 12:28:00,-54.63406
2020-09-04 13:06:00,-58.90152
2020-09-04 14:02:00,-52.47278
2020-09-04 16:00:00,108.3127
2020-09-08 09:31:00,0.0
2020-09-08 09:42:00,-28.76062
2020-09-08 09:52:00,-34.20982
2020-09-08 11:28:00,31.19638
2020-09-08 16:00:00,165.0488
2020-09-09 10:02:00,-46.50852
2020-09-09 16:00:00,86.82747
2020-09-10 09:51:00,-35.55941
2020-09-10 10:03:00,-42.21429
2020-09-10 10:47:00,-53.08776
2020-09-10 16:00:00,277.7475
2020-09-11 09:50:00,-16.70304
2020-09-11 09:57:00,-53.13827
2020-09-11 10:24:00,-27.04636
2020-09-11 10:40:00,-52.38637
2020-09-11 10:46:00,-47.28397
2020-09-11 11:27:00,-35.01729
2020-09-11 16:00:00,75.2048
2020-09-14 09:42:00,-53.97569
2020-09-14 12:34:00,15.30714
2020-09-14 15:49:00,-23.92239
2020-09-14 16:00:00,-34.03014
2020-09-15 10:23:00,-29.88852
2020-09-15 11:12:00,-30.63457
2020-09-15 14:10:00,-32.72251
2020-09-15 16:00:00,-13.78858
2020-09-16 14:18:00,5.471058
2020-09-16 14:47:00,-41.82176
2020-09-16 16:00:00,118.5162
2020-09-17 11:49:00,34.56667
2020-09-17 15:50:00,-21.52975
2020-09-17 16:00:00,11.08096
2020-09-18 10:18:00,-13.30267
2020-09-18 10:27:00,-48.6366
2020-09-18 16:00:00,118.3392
2020-09-21 09:38:00,-40.77755
2020-09-21 09:47:00,-53.73968
2020-09-21 10:05:00,-47.66753
2020-09-21 11:51:00,-17.90281
2020-09-21 16:00:00,178.244
2020-09-22 10:13:00,-12.7036
2020-09-22 10:48:00,-48.93742
2020-09-22 12:03:00,-39.38801
2020-09-22 16:00:00,127.9057
2020-09-23 16:00:00,255.527
2020-09-24 09:47:00,-62.05963
2020-09-24 10:36:00,17.39009
2020-09-24 10:48:00,-43.05257
2020-09-24 15:01:00,12.67602
2020-09-24 15:49:00,-43.96464
2020-09-24 16:00:00,-27.73003
2020-09-25 10:00:00,-38.9365
2020-09-25 10:14:00,-54.16198
2020-09-25 10:22:00,-60.91792
2020-09-25 16:00:00,213.7566
2020-09-28 10:23:00,-24.58799
2020-09-28 10:45:00,-41.76334
2020-09-28 13:25:00,-32.84072
2020-09-28 16:00:00,49.54218
2020-09-29 10:36:00,-54.45642
2020-09-29 14:35:00,-33.55927
2020-09-29 15:29:00,-39.60832
2020-09-29 16:00:00,5.743952
2020-09-30 14:48:00,33.60865
2020-09-30 16:00:00,14.88714
2020-10-01 11:37:00,-25.81849
2020-10-01 14:20:00,-47.60874
2020-10-01 14:32:00,-49.79343
2020-10-01 16:00:00,15.36165
2020-10-02 11:28:00,-18.20734
2020-10-02 16:00:00,115.5968
2020-10-05 16:00:00,95.34061
2020-10-06 10:04:00,-34.32144
2020-10-06 11:09:00,-32.24331
2020-10-06 13:44:00,-22.73075
2020-10-06 14:52:00,-43.61384
2020-10-06 16:00:00,121.3396
2020-10-07 11:07:00,-33.1402
2020-10-07 16:00:00,44.84305
2020-10-08 12:09:00,-26.8963
2020-10-08 14:01:00,-43.48108
2020-10-08 16:00:00,-26.07222
2020-10-09 16:00:00,59.04962
2020-10-12 09:55:00,-44.43234
2020-10-12 10:39:00,-44.2096
2020-10-12 16:00:00,122.194
2020-10-13 10:25:00,-20.27768
2020-10-13 13:10:00,-24.57307
2020-10-13 13:18:00,-45.95512
2020-10-13 13:46:00,-50.07212
2020-10-13 15:20:00,-42.45449
2020-10-13 16:00:00,-40.41904
2020-10-14 10:15:00,-24.95051
2020-10-14 16:00:00,96.12403
2020-10-15 10:16:00,1.27054
2020-10-15 11:20:00,-28.58353
2020-10-15 12:24:00,-39.69176
2020-10-15 14:02:00,-42.18157
2020-10-15 16:00:00,39.04931
2020-10-16 11:07:00,-30.24866
2020-10-16 16:00:00,101.0651
2020-10-19 16:00:00,225.2527
2020-10-20 10:01:00,-45.92275
2020-10-20 10:45:00,-37.59559
2020-10-20 12:17:00,-31.73378
2020-10-20 15:12:00,-24.36626
2020-10-20 16:00:00,4.285225
2020-10-21 10:51:00,-0.2134791
2020-10-21 14:29:00,-8.966312
2020-10-21 15:47:00,-39.2458
2020-10-21 16:00:00,19.27195
2020-10-22 13:12:00,33.62388
2020-10-22 16:00:00,17.40588
2020-10-23 13:09:00,-13.56852
2020-10-23 16:00:00,48.60842
2020-10-26 10:31:00,-13.96198
2020-10-26 16:00:00,110.3463
2020-10-27 10:20:00,-32.6755
2020-10-27 10:49:00,-37.34179
2020-10-27 16:00:00,24.22512
2020-10-28 16:00:00,197.3728
2020-10-29 09:56:00,-43.98598
2020-10-29 16:00:00,70.0249
2020-10-30 16:00:00,152.3216
2020-11-02 10:37:00,-25.75011
2020-11-02 16:00:00,60.61286
2020-11-03 13:55:00,75.98001
2020-11-03 15:30:00,-45.3777
2020-11-03 16:00:00,-29.22941
2020-11-04 09:38:00,-47.15869
2020-11-04 10:01:00,-31.22914
2020-11-04 16:00:00,99.40742
2020-11-05 10:31:00,-12.67006
2020-11-05 11:03:00,-45.12936
2020-11-05 11:57:00,-45.75475
2020-11-05 14:02:00,-42.42928
2020-11-05 15:48:00,-37.07232
2020-11-05 16:00:00,-8.073698
2020-11-06 10:17:00,12.93256
2020-11-06 16:00:00,92.10719
2020-11-09 09:48:00,-34.23245
2020-11-09 09:57:00,-53.02314
2020-11-09 10:03:00,-48.55372
2020-11-09 10:50:00,-14.59854
2020-11-09 11:31:00,-36.44675
2020-11-09 11:51:00,-47.59853
2020-11-09 16:00:00,248.6137
2020-11-10 11:30:00,24.19338
2020-11-10 13:26:00,-25.96901
2020-11-10 13:55:00,-41.52949
2020-11-10 14:13:00,-40.71487
2020-11-10 16:00:00,-0.8606593
2020-11-11 16:00:00,110.4232
2020-11-12 09:50:00,-40.3884
2020-11-12 10:15:00,-49.79724
2020-11-12 11:17:00,-41.39661
2020-11-12 16:00:00,70.75076
2020-11-13 12:44:00,-16.42866
2020-11-13 16:00:00,36.58844
2020-11-16 13:03:00,9.424281
2020-11-16 16:00:00,-54.60937
2020-11-17 10:50:00,-35.25975
2020-11-17 11:27:00,-41.99672
2020-11-17 13:03:00,-43.6353
2020-11-17 15:13:00,-37.2095
2020-11-17 16:00:00,3.964362
2020-11-18 10:58:00,-32.66947
2020-11-18 14:18:00,-26.5097
2020-11-18 15:11:00,-45.62578
2020-11-18 15:42:00,-50.41877
2020-11-18 16:00:00,39.36678
2020-11-19 16:00:00,73.56805
2020-11-20 15:17:00,-37.93168
2020-11-20 16:00:00,37.8669
2020-11-23 14:58:00,18.84067
2020-11-23 16:00:00,-13.00363
2020-11-24 10:41:00,-28.13058
2020-11-24 16:00:00,111.3693
2020-11-25 12:59:00,-39.69403
2020-11-25 16:00:00,10.70796
2020-11-27 09:31:00,2.467765
2020-11-27 12:22:00,-26.29058
2020-11-30 09:31:00,-31.67273
2020-11-30 13:09:00,22.23991
2020-11-30 16:00:00,39.67118
2020-12-01 10:41:00,-32.07262
2020-12-01 11:08:00,-48.97199
2020-12-01 16:00:00,28.79697
2020-12-02 10:01:00,-35.07136
2020-12-02 16:00:00,66.26129
2020-12-03 11:10:00,-41.72406
2020-12-03 16:00:00,-1.603785
2020-12-04 16:00:00,26.40845
2020-12-07 13:44:00,-29.98173
2020-12-07 16:00:00,-35.05068
2020-12-08 11:34:00,-34.11812
2020-12-08 16:00:00,51.10258
2020-12-09 16:00:00,180.8031
2020-12-10 09:40:00,-50.92025
2020-12-10 16:00:00,90.13408
2020-12-11 10:13:00,-47.6142
2020-12-11 11:24:00,-38.88293
2020-12-11 13:53:00,-24.8033
2020-12-11 16:00:00,39.54653
2020-12-14 13:00:00,6.613492
2020-12-14 16:00:00,23.83289
2020-12-15 14:14:00,-23.14815
2020-12-15 16:00:00,28.66927
2020-12-16 16:00:00,35.45327
2020-12-17 15:56:00,-29.48983
2020-12-17 16:00:00,-2.744291
2020-12-18 16:00:00,23.95351
2020-12-21 09:50:00,-50.60289
2020-12-21 11:39:00,6.357532
2020-12-21 16:00:00,86.87527
2020-12-22 10:51:00,-34.56131
2020-12-22 13:41:00,-21.08457
2020-12-22 16:00:00,-0.1966375
2020-12-23 12:35:00,-37.10941
2020-12-23 16:00:00,-48.96851
2020-12-28 09:31:00,-23.0792
2020-12-28 11:03:00,-35.82896
2020-12-28 16:00:00,14.82666
2020-12-29 16:00:00,5.251488
2020-12-30 16:00:00,-4.089581
2020-12-31 15:14:00,-37.27047
2020-12-31 16:00:00,7.970761
2021-01-04 16:00:00,144.0945
2021-01-05 11:17:00,-14.15178
2021-01-05 14:02:00,-52.55388
2021-01-05 16:00:00,18.40539
2021-01-06 09:39:00,-51.56384
2021-01-06 14:39:00,46.54571
2021-01-06 16:00:00,49.09016
2021-01-07 16:00:00,98.63859
2021-01-08 09:49:00,-40.61614
2021-01-08 10:21:00,-43.47492
2021-01-08 10:28:00,-55.92798
2021-01-08 10:58:00,-49.30852
2021-01-08 13:23:00,-40.63327
2021-01-08 14:53:00,-38.29722
2021-01-08 16:00:00,39.68482
2021-01-11 09:58:00,-35.62922
2021-01-11 14:16:00,-16.59367
2021-01-11 16:00:00,30.15017
2021-01-12 11:17:00,-23.84691
2021-01-12 11:49:00,-40.61738
2021-01-12 14:04:00,-20.77993
2021-01-12 16:00:00,-13.37235
2021-01-13 10:06:00,-49.85796
2021-01-13 10:32:00,-46.22347
2021-01-13 16:00:00,27.83846
2021-01-14 12:07:00,-41.65467
2021-01-14 16:00:00,55.51486
2021-01-15 11:35:00,6.991377
2021-01-15 15:07:00,-37.89646
2021-01-15 16:00:00,12.87529
2021-01-19 12:16:00,-26.19833
2021-01-19 16:00:00,53.22752
2021-01-20 16:00:00,82.72303
2021-01-21 12:21:00,-20.04421
2021-01-21 13:28:00,-40.73205
2021-01-21 16:00:00,18.13355
2021-01-22 10:39:00,-36.61225
2021-01-22 15:01:00,-40.12149
2021-01-22 16:00:00,-24.4622
2021-01-25 13:12:00,43.7037
2021-01-25 15:17:00,-46.68551
2021-01-25 15:47:00,-47.83884
2021-01-25 16:00:00,23.99152
2021-01-26 10:07:00,-50.42423
2021-01-26 16:00:00,-14.07017
2021-01-27 10:01:00,-9.986622
2021-01-27 11:34:00,-10.72961
2021-01-27 12:43:00,-40.51482
2021-01-27 14:19:00,-45.79408
2021-01-27 16:00:00,105.3961
2021-01-28 09:44:00,-42.24387
2021-01-28 15:35:00,41.87668
2021-01-28 16:00:00,47.55166
2021-01-29 10:00:00,-16.06334
2021-01-29 10:08:00,-49.44919
2021-01-29 10:12:00,-54.10799
2021-01-29 11:12:00,-41.60305
2021-01-29 15:34:00,22.03825
2021-01-29 15:41:00,-43.21355
2021-01-29 16:00:00,36.07114
2021-02-01 10:26:00,-18.58879
2021-02-01 16:00:00,122.9939
2021-02-02 16:00:00,24.59841
2021-02-03 10:01:00,-47.16368
2021-02-03 10:12:00,-49.71447
2021-02-03 12:49:00,-22.84547
2021-02-03 15:19:00,-40.21274
2021-02-03 16:00:00,35.53753
2021-02-04 12:02:00,-43.83183
2021-02-04 16:00:00,65.55368
2021-02-05 12:05:00,-40.0946
2021-02-05 16:00:00,8.649405
2021-02-08 11:33:00,-54.42922
2021-02-08 15:58:00,-46.83024
2021-02-08 16:00:00,5.849343
2021-02-09 13:51:00,-35.18816
2021-02-09 16:00:00,-12.25871
2021-02-10 14:31:00,25.72242
2021-02-10 16:00:00,-13.71742
2021-02-11 10:52:00,-41.65449
2021-02-11 12:21:00,-45.84819
2021-02-11 16:00:00,-34.91007
2021-02-12 16:00:00,63.42495
2021-02-16 16:00:00,30.23993
2021-02-17 10:15:00,-31.09396
2021-02-17 12:50:00,-14.86157
2021-02-17 16:00:00,39.20563
2021-02-18 11:17:00,-28.83816
2021-02-18 12:08:00,-47.3724
2021-02-18 12:31:00,-46.85706
2021-02-18 16:00:00,56.03997
2021-02-19 11:28:00,-41.79882
2021-02-19 12:20:00,-39.98174
2021-02-19 16:00:00,44.54139
2021-02-22 10:20:00,-40.22796
2021-02-22 13:57:00,-8.04069
2021-02-22 14:56:00,-42.78694
2021-02-22 16:00:00,72.05584
2021-02-23 10:03:00,34.36824
2021-02-23 12:10:00,22.28078
2021-02-23 12:26:00,-43.3026
2021-02-23 12:40:00,-44.27078
2021-02-23 13:14:00,-41.37424
2021-02-23 16:00:00,156.9209
2021-02-24 09:49:00,-32.36742
2021-02-24 10:00:00,-54.02619
2021-02-24 10:26:00,-40.11593
2021-02-24 16:00:00,166.8961
2021-02-25 10:01:00,-19.81693
2021-02-25 16:00:00,297.8442
2021-02-26 09:50:00,-34.63737
2021-02-26 10:47:00,21.62705
2021-02-26 14:22:00,-1.741655
2021-02-26 14:33:00,-47.03286
2021-02-26 16:00:00,-64.72866
2021-03-01 10:03:00,-47.70938
2021-03-01 16:00:00,125.286
2021-03-02 16:00:00,135.5971
2021-03-03 11:09:00,45.19752
2021-03-03 12:07:00,-40.18625
2021-03-03 16:00:00,160.6176
2021-03-04 09:47:00,-29.24723
2021-03-04 10:38:00,31.10481
2021-03-04 12:23:00,-9.479047
2021-03-04 16:00:00,139.3556
2021-03-05 12:24:00,90.04332
2021-03-05 16:00:00,203.4813
2021-03-08 09:42:00,-68.57097
2021-03-08 09:58:00,-32.86413
2021-03-08 10:09:00,-37.93823
2021-03-08 11:12:00,-24.33909
2021-03-08 16:00:00,240.2158
2021-03-09 09:44:00,-43.28234
2021-03-09 09:50:00,-42.27952
2021-03-09 16:00:00,109.8988
2021-03-10 09:52:00,-51.1509
2021-03-10 10:03:00,-58.40851
2021-03-10 16:00:00,109.3595
2021-03-11 09:46:00,-40.40948
2021-03-11 10:03:00,-43.85795
2021-03-11 10:20:00,-56.74714
2021-03-11 10:42:00,-56.1037
2021-03-11 16:00:00,39.63063
2021-03-12 09:47:00,-36.08348
2021-03-12 10:24:00,-35.17637
2021-03-12 11:44:00,-29.64465
2021-03-12 16:00:00,62.8087
2021-03-15 10:39:00,-40.10489
2021-03-15 10:54:00,-43.75097
2021-03-15 11:29:00,-45.29509
2021-03-15 13:43:00,-48.01828
2021-03-15 16:00:00,79.77647
2021-03-16 12:25:00,-0.567698
2021-03-16 16:00:00,46.36463
2021-03-17 09:49:00,-40.92664
2021-03-17 11:05:00,-17.49596
2021-03-17 14:02:00,-74.92152
2021-03-17 16:00:00,88.31963
2021-03-18 12:11:00,-34.36824
2021-03-18 12:54:00,-46.37291
2021-03-18 16:00:00,116.1824
2021-03-19 10:40:00,-43.92415
2021-03-19 16:00:00,25.18498
2021-03-22 16:00:00,55.19655
2021-03-23 10:10:00,-43.27761
2021-03-23 10:36:00,-34.12969
2021-03-23 11:00:00,-39.7949
2021-03-23 13:49:00,-30.68069
2021-03-23 16:00:00,56.38918
2021-03-24 10:57:00,-4.230362
2021-03-24 11:57:00,-36.32729
2021-03-24 16:00:00,130.7921
2021-03-25 09:52:00,-25.07346
2021-03-25 10:01:00,-45.95263
2021-03-25 10:31:00,-35.77293
2021-03-25 12:26:00,-2.942734
2021-03-25 14:02:00,-46.48153
2021-03-25 14:54:00,-61.08254
2021-03-25 16:00:00,5.679481
2021-03-26 11:13:00,-28.85496
2021-03-26 12:01:00,-41.64793
2021-03-26 13:51:00,-41.28047
2021-03-26 15:21:00,-33.43501
2021-03-26 16:00:00,103.8683
2021-03-29 09:46:00,-33.54476
2021-03-29 11:56:00,7.930828
2021-03-29 16:00:00,32.71643
2021-03-30 10:45:00,-33.35089
2021-03-30 16:00:00,26.24213
2021-03-31 16:00:00,58.61665
2021-04-01 16:00:00,6.012212
2021-04-05 16:00:00,86.33174
2021-04-06 13:22:00,-21.51052
2021-04-06 16:00:00,-2.026716
2021-04-07 16:00:00,25.23857
2021-04-08 16:00:00,-41.81121
2021-04-09 16:00:00,77.42476
2021-04-12 12:34:00,-38.53915
2021-04-12 16:00:00,4.889444
2021-04-13 11:38:00,-20.65522
2021-04-13 13:42:00,-39.23615
2021-04-13 16:00:00,22.05131
2021-04-14 16:00:00,85.97634
2021-04-15 16:00:00,19.30088
2021-04-16 10:13:00,-41.37486
2021-04-16 16:00:00,11.23756
2021-04-19 16:00:00,38.50907
2021-04-20 10:42:00,-52.79224
2021-04-20 16:00:00,35.74265
2021-04-21 09:50:00,-48.86498
2021-04-21 16:00:00,101.9723
2021-04-22 13:12:00,-44.92605
2021-04-22 16:00:00,71.3035
2021-04-23 16:00:00,56.14833
2021-04-26 16:00:00,32.03465
2021-04-27 16:00:00,15.92271
2021-04-28 10:49:00,-26.89232
2021-04-28 14:39:00,-34.15546
2021-04-28 15:56:00,-45.68419
2021-04-28 16:00:00,-3.599518
2021-04-29 14:34:00,26.97874
2021-04-29 16:00:00,0.1791505
2021-04-30 11:19:00,-26.2453
2021-04-30 16:00:00,7.02918
2021-05-03 10:09:00,-46.35559
2021-05-03 10:54:00,-49.91203
2021-05-03 16:00:00,46.55359
2021-05-04 15:58:00,83.24776
2021-05-04 16:00:00,16.8263
2021-05-05 11:57:00,-13.40975
2021-05-05 12:44:00,-42.37677
2021-05-05 16:00:00,56.0059
2021-05-06 09:59:00,-45.19523
2021-05-06 10:42:00,-29.39863
2021-05-06 11:10:00,-41.37138
2021-05-06 11:29:00,-44.52393
2021-05-06 16:00:00,86.79847
2021-05-07 13:08:00,-2.004775
2021-05-07 16:00:00,5.833242
2021-05-10 16:00:00,155.8844
2021-05-11 10:31:00,8.550419
2021-05-11 10:58:00,-42.52572
2021-05-11 16:00:00,90.36258
2021-05-12 10:02:00,-51.68986
2021-05-12 16:00:00,104.2975
2021-05-13 10:02:00,-44.39617
2021-05-13 11:10:00,-33.57678
2021-05-13 14:45:00,-10.46861
2021-05-13 16:00:00,-38.59829
2021-05-14 16:00:00,88.37551
2021-05-17 10:02:00,-36.40868
2021-05-17 10:40:00,-33.71633
2021-05-17 11:12:00,-57.81975
2021-05-17 15:13:00,-37.386
2021-05-17 16:00:00,12.03935
2021-05-18 14:05:00,-26.20104
2021-05-18 16:00:00,82.56244
2021-05-19 16:00:00,134.8194
2021-05-20 16:00:00,96.19704
2021-05-21 16:00:00,72.55497
2021-05-24 16:00:00,56.96798
2021-05-25 16:00:00,5.123232
2021-05-26 16:00:00,-12.3918
2021-05-27 14:17:00,-31.02077
2021-05-27 16:00:00,4.209987
2021-05-28 15:56:00,-37.46544
2021-05-28 16:00:00,2.920881
2021-06-01 16:00:00,50.65413
2021-06-02 16:00:00,-12.4476
2021-06-03 10:12:00,-16.8263
2021-06-03 10:42:00,-41.90279
2021-06-03 10:54:00,-43.37671
2021-06-03 16:00:00,-12.36619
2021-06-04 16:00:00,55.69657
2021-06-07 16:00:00,20.32742
2021-06-08 16:00:00,32.66146
2021-06-09 16:00:00,21.84746
2021-06-10 10:47:00,7.029814
2021-06-10 12:40:00,-40.70825
2021-06-10 16:00:00,17.22189
2021-06-14 16:00:00,77.37703
2021-06-15 10:45:00,-44.25719
2021-06-15 16:00:00,17.24812
2021-06-16 15:26:00,16.73312
2021-06-16 16:00:00,-26.21162
2021-06-17 16:00:00,111.0655
2021-06-18 09:53:00,-40.01558
2021-06-18 10:41:00,-43.55401
2021-06-18 11:12:00,-43.18813
2021-06-18 13:13:00,-31.28722
2021-06-18 14:45:00,-40.22754
2021-06-18 16:00:00,6.227536
2021-06-21 09:56:00,-28.74538
2021-06-21 16:00:00,61.06463
2021-06-22 16:00:00,64.76775
2021-06-23 16:00:00,-7.191595
2021-06-24 13:21:00,-40.07564
2021-06-24 16:00:00,-1.2193
2021-06-25 16:00:00,-2.441534
2021-06-28 16:00:00,22.10059
2021-06-29 16:00:00,17.88417
2021-07-01 16:00:00,-21.87242
2021-07-02 16:00:00,26.74526
2021-07-06 15:13:00,-22.74695
2021-07-06 16:00:00,10.67019
2021-07-07 16:00:00,0.1688904
2021-07-08 10:01:00,-43.05317
2021-07-08 11:01:00,-39.28199
2021-07-08 11:25:00,-40.80863
2021-07-08 16:00:00,56.69496
2021-07-09 16:00:00,49.02293
2021-07-12 16:00:00,-29.34233
2021-07-13 13:29:00,-8.557047
2021-07-13 16:00:00,14.77775
2021-07-14 11:30:00,-52.52801
2021-07-14 16:00:00,12.57271
2021-07-15 09:58:00,-37.24426
2021-07-15 10:29:00,-49.36282
2021-07-15 16:00:00,17.37957
2021-07-16 16:00:00,93.17242
2021-07-19 09:55:00,-59.20308
2021-07-19 11:04:00,-33.14402
2021-07-19 12:38:00,-34.23892
2021-07-19 16:00:00,14.10583
2021-07-20 10:20:00,-48.52949
2021-07-20 16:00:00,82.71823
2021-07-21 16:00:00,48.96396
2021-07-22 12:23:00,-39.56877
2021-07-22 14:20:00,-44.9442
2021-07-22 16:00:00,7.038241
2021-07-23 16:00:00,66.50443
2021-07-26 16:00:00,3.308629
2021-07-27 15:59:00,47.61508
2021-07-27 16:00:00,3.680222
2021-07-28 10:03:00,-24.40247
2021-07-28 13:17:00,-16.33987
2021-07-28 14:49:00,-40.24851
2021-07-28 16:00:00,-15.80199
2021-07-29 16:00:00,-14.94247
2021-07-30 16:00:00,14.90039
2021-08-02 10:21:00,-24.19974
2021-08-02 12:09:00,-30.96748
2021-08-02 16:00:00,9.686524
2021-08-03 11:45:00,-9.702242
2021-08-03 16:00:00,56.48585
2021-08-04 12:15:00,-40.31251
2021-08-04 16:00:00,0.4977353
2021-08-05 16:00:00,10.89127
2021-08-06 16:00:00,-8.452945
2021-08-09 14:34:00,-38.44497
2021-08-09 16:00:00,-14.36165
2021-08-10 16:00:00,33.28586
2021-08-11 16:00:00,13.96021
2021-08-12 16:00:00,45.30841
2021-08-13 16:00:00,-2.313323
2021-08-16 13:25:00,13.28418
2021-08-16 16:00:00,65.51162
2021-08-17 10:38:00,-41.10001
2021-08-17 11:44:00,-36.43927
2021-08-17 16:00:00,-20.20674
2021-08-18 11:37:00,-40.24948
2021-08-18 14:06:00,-37.40628
2021-08-18 14:14:00,-41.92523
2021-08-18 16:00:00,71.84028
2021-08-19 16:00:00,55.90732
2021-08-20 11:57:00,-11.15087
2021-08-20 12:54:00,-44.15342
2021-08-20 16:00:00,8.460097
2021-08-23 16:00:00,76.03311
2021-08-24 16:00:00,-13.98147
2021-08-25 16:00:00,-15.9734
2021-08-26 12:08:00,-32.84636
2021-08-26 15:02:00,-39.74265
2021-08-26 16:00:00,9.157659
2021-08-27 16:00:00,39.21441
2021-08-30 16:00:00,41.84302
2021-08-31 16:00:00,-3.848497
2021-09-01 14:37:00,-39.66484
2021-09-01 16:00:00,12.9544
2021-09-02 16:00:00,12.32059
2021-09-03 16:00:00,21.44824
2021-09-07 16:00:00,-0.7974736
2021-09-08 16:00:00,-20.04297
2021-09-09 16:00:00,34.41597
2021-09-10 16:00:00,111.5593
2021-09-13 16:00:00,40.80448
2021-09-14 12:01:00,-5.169461
2021-09-14 13:07:00,-49.40743
2021-09-14 16:00:00,10.87168
2021-09-15 12:28:00,-19.36565
2021-09-15 16:00:00,68.37968
2021-09-16 12:48:00,-25.97909
2021-09-16 16:00:00,47.45093
2021-09-17 16:00:00,47.74122
2021-09-20 10:06:00,-22.01039
2021-09-20 16:00:00,0.6665111
2021-09-21 10:08:00,-55.74855
2021-09-21 11:34:00,-37.26315
2021-09-21 13:27:00,-44.58293
2021-09-21 14:52:00,-48.77805
2021-09-21 16:00:00,-47.54726
2021-09-22 16:00:00,56.3782
2021-09-23 16:00:00,32.95244
2021-09-24 16:00:00,36.86228
2021-09-27 10:22:00,-17.50128
2021-09-27 16:00:00,17.14107
2021-09-28 15:10:00,61.80986
2021-09-28 15:31:00,-46.89785
2021-09-28 16:00:00,26.17713
2021-09-29 11:23:00,-32.61655
2021-09-29 14:16:00,-14.33752
2021-09-29 15:42:00,-41.0982
2021-09-29 16:00:00,26.55346
2021-09-30 14:11:00,-5.740237
2021-09-30 15:43:00,-39.98988
2021-09-30 16:00:00,55.05862
2021-10-01 11:15:00,3.582945
2021-10-01 16:00:00,83.97337
2021-10-04 16:00:00,128.4435
2021-10-05 16:00:00,57.11737
2021-10-06 09:57:00,-28.80165
2021-10-06 10:22:00,-32.32351
2021-10-06 16:00:00,114.1388
2021-10-07 14:45:00,-5.524769
2021-10-07 16:00:00,25.46149
2021-10-08 16:00:00,38.83985
2021-10-11 13:05:00,14.20599
2021-10-11 16:00:00,70.08478
2021-10-12 12:03:00,-9.857408
2021-10-12 12:56:00,-45.33338
2021-10-12 14:20:00,-41.10524
2021-10-12 15:05:00,-42.46573
2021-10-12 16:00:00,3.582334
2021-10-13 13:32:00,-29.22089
2021-10-13 16:00:00,5.251211
2021-10-14 16:00:00,58.86681
2021-10-15 16:00:00,20.52402
2021-10-18 16:00:00,116.9794
2021-10-19 16:00:00,17.88909
2021-10-20 16:00:00,1.13749
2021-10-21 16:00:00,45.7651
2021-10-22 10:31:00,-41.23577
2021-10-22 11:13:00,-45.75512
2021-10-22 16:00:00,32.48441
2021-10-25 10:31:00,-27.64812
2021-10-25 16:00:00,56.44128
2021-10-26 11:36:00,-30.82329
2021-10-26 16:00:00,38.76838
2021-10-27 10:09:00,-32.65202
2021-10-27 10:42:00,-43.35747
2021-10-27 15:55:00,-19.02691
2021-10-27 16:00:00,13.45636
2021-10-28 16:00:00,37.57363
2021-10-29 16:00:00,89.17055
2021-11-01 11:34:00,-41.97155
2021-11-01 14:18:00,-36.59133
2021-11-01 15:33:00,-40.68322
2021-11-01 16:00:00,23.17588
2021-11-02 16:00:00,22.91922
2021-11-03 16:00:00,77.47216
2021-11-04 16:00:00,71.52106
2021-11-05 16:00:00,16.63767
2021-11-08 14:19:00,-43.0757
2021-11-08 15:48:00,-41.0593
2021-11-08 16:00:00,-10.88189
2021-11-09 16:00:00,66.91473
2021-11-10 09:43:00,-43.93071
2021-11-10 11:45:00,0.6204051
2021-11-10 16:00:00,87.78188
2021-11-11 16:00:00,7.01645
2021-11-12 10:47:00,-37.92845
2021-11-12 16:00:00,69.66149
2021-11-15 16:00:00,1.235311
2021-11-16 16:00:00,46.52023
2021-11-17 16:00:00,-19.57815
2021-11-18 10:12:00,-40.66155
2021-11-18 11:34:00,-32.26448
2021-11-18 16:00:00,48.16486
2021-11-19 13:42:00,-27.12886
2021-11-19 16:00:00,-18.28623
2021-11-22 11:05:00,-32.27686
2021-11-22 16:00:00,175.699
2021-11-23 10:08:00,-23.24088
2021-11-23 15:16:00,24.0613
2021-11-23 16:00:00,19.97143
2021-11-24 10:02:00,-54.28545
2021-11-24 16:00:00,96.41491
2021-11-29 09:31:00,115.0629
2021-11-29 10:40:00,-29.78887
2021-11-29 11:27:00,-46.04888
2021-11-29 16:00:00,51.05013
2021-11-30 10:39:00,-24.86348
2021-11-30 16:00:00,122.3335
2021-12-01 12:54:00,-23.1014
2021-12-01 16:00:00,262.831
2021-12-02 10:12:00,-8.16801
2021-12-02 11:11:00,-22.7948
2021-12-02 16:00:00,32.31068
2021-12-03 16:00:00,174.2759
2021-12-06 09:48:00,6.852917
2021-12-06 10:08:00,-39.86986
2021-12-06 10:12:00,-45.31335
2021-12-06 16:00:00,101.0568
2021-12-07 16:00:00,85.89526
2021-12-08 10:49:00,-47.14382
2021-12-08 11:32:00,-47.98228
2021-12-08 16:00:00,33.6721
2021-12-09 16:00:00,115.2222
2021-12-10 10:19:00,-28.92397
2021-12-10 10:37:00,-54.76636
2021-12-10 13:03:00,-37.79173
2021-12-10 16:00:00,35.03703
2021-12-13 16:00:00,107.1516
2021-12-14 10:04:00,-14.44202
2021-12-14 14:47:00,20.27951
2021-12-14 16:00:00,36.23074
2021-12-15 10:41:00,-28.05447
2021-12-15 11:11:00,-45.42168
2021-12-15 14:05:00,-38.99774
2021-12-15 16:00:00,243.772
2021-12-16 16:00:00,235.3104
2021-12-17 09:38:00,-63.66199
2021-12-17 09:49:00,-44.62578
2021-12-17 10:15:00,-36.6527
2021-12-17 10:35:00,-51.91661
2021-12-17 12:09:00,-20.59602
2021-12-17 12:17:00,-50.96128
2021-12-17 15:51:00,-39.64619
2021-12-17 16:00:00,-9.356317
2021-12-20 10:32:00,-43.66533
2021-12-20 14:11:00,-26.98882
2021-12-20 16:00:00,13.29787
2021-12-21 11:10:00,-2.863005
2021-12-21 16:00:00,159.4874
2021-12-22 16:00:00,107.5235
2021-12-23 16:00:00,29.70053
2021-12-27 16:00:00,80.19478
2021-12-28 16:00:00,24.94557
2021-12-29 14:53:00,-9.099181
2021-12-29 16:00:00,-6.969697
2021-12-30 10:07:00,-44.52414
2021-12-30 15:38:00,-22.39032
2021-12-30 16:00:00,36.08685
2021-12-31 16:00:00,43.15143
2022-01-03 09:49:00,-59.92839
2022-01-03 10:29:00,-24.87904
2022-01-03 16:00:00,42.02192
2022-01-04 15:52:00,76.61437
2022-01-04 16:00:00,-28.95221
2022-01-05 09:53:00,-48.05904
2022-01-05 10:36:00,-34.86901
2022-01-05 16:00:00,237.3506
2022-01-06 09:52:00,-0.9523961
2022-01-06 10:27:00,-13.33481
2022-01-06 15:42:00,-17.12193
2022-01-06 16:00:00,-10.00492
2022-01-07 09:43:00,-35.01512
2022-01-07 10:09:00,-28.70738
2022-01-07 16:00:00,84.14322
2022-01-10 11:21:00,28.37481
2022-01-10 12:11:00,-39.90319
2022-01-10 12:54:00,-46.63076
2022-01-10 16:00:00,200.6929
2022-01-11 09:43:00,-59.65936
2022-01-11 09:53:00,-46.78778
2022-01-11 10:43:00,-26.0149
2022-01-11 11:05:00,-60.05474
2022-01-11 16:00:00,135.3968
2022-01-12 10:10:00,-46.52625
2022-01-12 10:40:00,-47.56243
2022-01-12 12:52:00,-25.6241
2022-01-12 13:54:00,-40.92513
2022-01-12 16:00:00,-10.54886
2022-01-13 16:00:00,260.9461
2022-01-14 10:39:00,2.748185
2022-01-14 11:39:00,-42.50436
2022-01-14 12:49:00,-39.58866
2022-01-14 14:04:00,-37.48405
2022-01-14 16:00:00,39.27565
2022-01-18 09:31:00,-4.822608
2022-01-18 09:44:00,-46.41433
2022-01-18 11:00:00,-38.39146
2022-01-18 16:00:00,61.7284
2022-01-19 10:31:00,-28.3836
2022-01-19 12:22:00,3.108181
2022-01-19 14:07:00,-46.63721
2022-01-19 16:00:00,111.3029
2022-01-20 13:02:00,-7.379469
2022-01-20 16:00:00,261.5902
2022-01-21 09:42:00,-38.39388
2022-01-21 10:35:00,1.528091
2022-01-21 11:49:00,-26.49097
2022-01-21 16:00:00,182.0132
2022-01-24 09:45:00,-80.39037
2022-01-24 10:39:00,-21.05673
2022-01-24 10:42:00,-55.09155
2022-01-24 13:15:00,26.4555
2022-01-24 13:29:00,-53.40739
2022-01-24 13:36:00,-63.35911
2022-01-24 14:40:00,-41.79561
2022-01-24 14:51:00,-64.29605
2022-01-24 16:00:00,292.8076
2022-01-25 09:38:00,-63.96025
2022-01-25 09:47:00,-93.31723
2022-01-25 10:30:00,-25.44889
2022-01-25 10:39:00,-42.13087
2022-01-25 10:46:00,-58.59548
2022-01-25 11:00:00,-60.89405
2022-01-25 13:29:00,-29.21698
2022-01-25 15:55:00,-14.83077
2022-01-25 16:00:00,-8.664132
2022-01-26 09:54:00,-22.55104
2022-01-26 10:26:00,-34.61585
2022-01-26 11:24:00,-40.29387
2022-01-26 14:16:00,-20.58503
2022-01-26 14:27:00,-41.94834
2022-01-26 14:36:00,-55.92764
2022-01-26 14:40:00,-71.86502
2022-01-26 14:45:00,-69.28406
2022-01-26 16:00:00,178.2367
2022-01-27 09:45:00,-52.00763
2022-01-27 10:02:00,-40.58951
2022-01-27 10:06:00,-55.09786
2022-01-27 10:27:00,-46.44609
2022-01-27 11:03:00,-20.09822
2022-01-27 11:20:00,-43.25531
2022-01-27 11:38:00,-42.74253
2022-01-27 12:02:00,-41.51404
2022-01-27 16:00:00,199.6777
2022-01-28 10:13:00,55.36468
2022-01-28 14:26:00,78.4075
2022-01-28 14:43:00,-43.33925
2022-01-28 16:00:00,210.4556
2022-01-31 09:36:00,-58.18383
2022-01-31 16:00:00,259.9683
2022-02-01 11:01:00,-0.3365304
2022-02-01 16:00:00,89.85059
2022-02-02 09:44:00,-57.99203
2022-02-02 10:03:00,-40.10208
2022-02-02 10:20:00,-44.06813
2022-02-02 12:48:00,-7.957428
2022-02-02 14:18:00,-40.25245
2022-02-02 14:42:00,-44.40675
2022-02-02 16:00:00,10.26609
2022-02-03 10:02:00,-34.22047
2022-02-03 10:17:00,-48.10716
2022-02-03 11:05:00,-37.04957
2022-02-03 11:15:00,-42.96072
2022-02-03 11:30:00,-43.11511
2022-02-03 16:00:00,149.0941
2022-02-04 09:42:00,-31.60567
2022-02-04 10:47:00,-7.230907
2022-02-04 11:37:00,-56.5108
2022-02-04 16:00:00,60.13363
2022-02-07 10:15:00,-15.60486
2022-02-07 15:14:00,0.3397662
2022-02-07 15:29:00,-46.88933
2022-02-07 16:00:00,55.30331
2022-02-08 10:02:00,-53.35484
2022-02-08 10:47:00,-54.84839
2022-02-08 16:00:00,109.4415
2022-02-09 10:35:00,-33.9319
2022-02-09 16:00:00,73.66113
2022-02-10 11:34:00,45.76852
2022-02-10 11:49:00,-43.20635
2022-02-10 12:47:00,-43.52266
2022-02-10 16:00:00,112.1404
2022-02-11 09:48:00,-60.47597
2022-02-11 09:58:00,-67.90165
2022-02-11 16:00:00,290.5123
2022-02-14 09:39:00,-46.48297
2022-02-14 10:04:00,-28.39166
2022-02-14 10:13:00,-45.87237
2022-02-14 10:18:00,-45.48795
2022-02-14 10:50:00,-58.87729
2022-02-14 13:50:00,-33.02291
2022-02-14 15:36:00,-20.51048
2022-02-14 15:48:00,-43.03634
2022-02-14 16:00:00,-18.97567
2022-02-15 09:52:00,-41.67887
2022-02-15 10:43:00,-48.59826
2022-02-15 12:26:00,-34.42222
2022-02-15 13:25:00,-36.26818
2022-02-15 16:00:00,55.75441
2022-02-16 11:09:00,-16.78927
2022-02-16 12:33:00,-40.95245
2022-02-16 14:02:00,-56.56285
2022-02-16 16:00:00,76.77576
2022-02-17 16:00:00,179.3761
2022-02-18 09:55:00,-34.27441
2022-02-18 10:13:00,-58.10268
2022-02-18 14:30:00,22.31431
2022-02-18 15:23:00,-43.13099
2022-02-18 16:00:00,13.72622
2022-02-21 10:19:00,-25.66002
2022-02-21 10:50:00,-42.35684
2022-02-22 09:31:00,55.02661
2022-02-22 10:52:00,-3.755633
2022-02-22 14:57:00,25.9415
2022-02-22 15:48:00,-41.07623
2022-02-22 16:00:00,10.98683
2022-02-23 16:00:00,327.276
2022-02-24 16:00:00,616.3056
2022-02-25 09:41:00,-37.56843
2022-02-25 10:23:00,-22.62606
2022-02-25 16:00:00,164.1165
2022-02-28 09:55:00,-47.7276
2022-02-28 10:13:00,-37.22084
2022-02-28 10:32:00,-44.83188
2022-02-28 12:41:00,-6.73019
2022-02-28 15:52:00,-45.54799
2022-02-28 16:00:00,45.16505
2022-03-01 10:04:00,-30.06963
2022-03-01 10:20:00,-40.91927
2022-03-01 10:44:00,-38.46897
2022-03-01 16:00:00,121.848
2022-03-02 09:45:00,-50.62028
2022-03-02 10:09:00,-44.15833
2022-03-02 10:31:00,-38.11967
2022-03-02 10:56:00,-48.79953
2022-03-02 11:05:00,-53.31859
2022-03-02 16:00:00,101.4598
2022-03-03 12:38:00,53.02116
2022-03-03 12:42:00,-54.53522
2022-03-03 16:00:00,69.3388
2022-03-04 12:18:00,35.19104
2022-03-04 14:01:00,-47.56757
2022-03-04 16:00:00,-17.92309
2022-03-07 16:00:00,356.7292
2022-03-08 09:37:00,-87.24389
2022-03-08 09:41:00,-80.49872
2022-03-08 09:45:00,-89.64463
2022-03-08 09:55:00,-71.45262
2022-03-08 10:56:00,-9.984928
2022-03-08 11:23:00,-55.89746
2022-03-08 12:03:00,-50.91226
2022-03-08 14:03:00,28.24593
2022-03-08 14:09:00,-49.19726
2022-03-08 14:24:00,-49.14326
2022-03-08 14:25:00,-54.64378
2022-03-08 15:33:00,-45.19563
2022-03-08 16:00:00,53.46791
2022-03-09 09:44:00,-42.05013
2022-03-09 09:50:00,-58.58693
2022-03-09 10:03:00,-47.29355
2022-03-09 16:00:00,106.829
2022-03-10 09:58:00,-40.73697
2022-03-10 10:34:00,-35.77686
2022-03-10 13:51:00,-16.84218
2022-03-10 16:00:00,44.89856
2022-03-11 16:00:00,252.6567
2022-03-14 09:45:00,-58.02525
2022-03-14 11:22:00,-16.34877
2022-03-14 16:00:00,175.8018
2022-03-15 09:59:00,-29.28982
2022-03-15 16:00:00,207.6538
2022-03-16 12:48:00,39.45133
2022-03-16 14:57:00,-30.01801
2022-03-16 16:00:00,127.6935
2022-03-17 10:49:00,-9.356894
2022-03-17 11:42:00,-49.52992
2022-03-17 11:51:00,-46.59749
2022-03-17 12:21:00,-43.03437
2022-03-17 16:00:00,125.8606
2022-03-18 16:00:00,242.7366
2022-03-21 09:50:00,-31.88853
2022-03-21 11:03:00,14.25665
2022-03-21 12:33:00,-28.2058
2022-03-21 15:57:00,-26.71416
2022-03-21 16:00:00,11.31891
2022-03-22 16:00:00,139.2372
2022-03-23 10:09:00,-33.83569
2022-03-23 13:23:00,2.752783
2022-03-23 16:00:00,62.43657
2022-03-24 10:19:00,-44.70273
2022-03-24 10:47:00,-43.34911
2022-03-24 16:00:00,156.9996
2022-03-25 10:36:00,-35.49532
2022-03-25 11:03:00,-44.67761
2022-03-25 14:04:00,-11.04954
2022-03-25 15:25:00,-42.96072
2022-03-25 15:54:00,-44.51039
2022-03-25 16:00:00,20.71342
2022-03-28 10:19:00,-7.251999
2022-03-28 10:55:00,-40.33687
2022-03-28 11:07:00,-44.5453
2022-03-28 13:37:00,-27.69101
2022-03-28 16:00:00,94.29356
2022-03-29 09:43:00,-42.90223
2022-03-29 11:48:00,-7.758976
2022-03-29 12:34:00,-42.39385
2022-03-29 13:46:00,-43.07132
2022-03-29 16:00:00,56.24742
2022-03-30 10:16:00,-48.69433
2022-03-30 11:01:00,-40.57362
2022-03-30 16:00:00,50.635
2022-03-31 10:36:00,-18.64305
2022-03-31 12:22:00,-31.7339
2022-03-31 15:03:00,-34.33505
2022-03-31 15:25:00,-44.34995
2022-03-31 16:00:00,76.08115
2022-04-01 10:54:00,-23.05311
2022-04-01 11:29:00,-40.79577
2022-04-01 15:57:00,-18.71144
2022-04-01 16:00:00,1.00954
2022-04-04 16:00:00,146.0208
2022-04-05 16:00:00,158.2614
2022-04-06 13:42:00,14.77663
2022-04-06 14:11:00,-37.68455
2022-04-06 14:34:00,-37.65437
2022-04-06 15:36:00,-36.13649
2022-04-06 15:48:00,-42.65755
2022-04-06 16:00:00,-22.01204
2022-04-07 09:49:00,-34.73775
2022-04-07 09:59:00,-46.5935
2022-04-07 10:22:00,-36.41485
2022-04-07 14:01:00,2.585939
2022-04-07 16:00:00,31.0393
2022-04-08 10:29:00,3.989246
2022-04-08 13:50:00,-15.78984
2022-04-08 16:00:00,34.06267
2022-04-11 09:49:00,-50.3216
2022-04-11 10:20:00,-44.60429
2022-04-11 16:00:00,82.52462
2022-04-12 09:48:00,-50.6365
2022-04-12 10:39:00,-25.89533
2022-04-12 16:00:00,150.6535
2022-04-13 16:00:00,172.0161
2022-04-14 16:00:00,200.1446
2022-04-18 10:05:00,-31.17679
2022-04-18 11:24:00,-17.96526
2022-04-18 13:36:00,-23.93679
2022-04-18 15:34:00,-36.80695
2022-04-18 16:00:00,-31.89706
2022-04-19 09:49:00,-67.88106
2022-04-19 16:00:00,194.0216
2022-04-20 16:00:00,150.5187
2022-04-21 09:59:00,-20.71447
2022-04-21 16:00:00,344.6092
2022-04-22 09:37:00,-46.83756
2022-04-22 10:03:00,-14.77401
2022-04-22 10:17:00,-49.17406
2022-04-22 16:00:00,221.4616
2022-04-25 09:46:00,-45.95933
2022-04-25 09:52:00,-58.23267
2022-04-25 10:00:00,-53.39879
2022-04-25 10:12:00,-47.09251
2022-04-25 11:07:00,-22.87343
2022-04-25 11:27:00,-43.03298
2022-04-25 11:32:00,-49.58461
2022-04-25 12:26:00,-48.32735
2022-04-25 16:00:00,128.565
2022-04-26 16:00:00,283.2708
2022-04-27 10:05:00,25.59694
2022-04-27 11:02:00,3.429617
2022-04-27 11:13:00,-45.93451
2022-04-27 11:32:00,-49.59311
2022-04-27 12:03:00,-51.44425
2022-04-27 12:15:00,-52.47635
2022-04-27 14:56:00,-27.24432
2022-04-27 16:00:00,64.57159
2022-04-28 11:09:00,20.45648
2022-04-28 11:52:00,-45.93163
2022-04-28 12:16:00,-49.57575
2022-04-28 16:00:00,217.6264
2022-04-29 09:46:00,-23.10336
2022-04-29 09:52:00,-50.26734
2022-04-29 10:18:00,-43.83418
2022-04-29 16:00:00,325.1237
2022-05-02 09:44:00,-41.27887
2022-05-02 10:14:00,-56.62207
2022-05-02 10:26:00,-72.1557
2022-05-02 11:06:00,-36.01301
2022-05-02 11:16:00,-53.63181
2022-05-02 11:19:00,-75.18652
2022-05-02 12:02:00,-63.09763
2022-05-02 12:05:00,-55.92863
2022-05-02 12:21:00,-60.52468
2022-05-02 12:43:00,-45.2655
2022-05-02 15:13:00,-20.01516
2022-05-02 16:00:00,139.0505
2022-05-03 09:58:00,-50.15084
2022-05-03 10:44:00,-39.9587
2022-05-03 11:08:00,-42.03858
2022-05-03 12:10:00,-36.31915
2022-05-03 13:02:00,-54.48546
2022-05-03 14:18:00,-43.69562
2022-05-03 14:58:00,-40.05443
2022-05-03 15:42:00,-40.2764
2022-05-03 16:00:00,-34.88127
2022-05-04 12:23:00,23.57541
2022-05-04 14:35:00,-11.14313
2022-05-04 14:43:00,-88.85982
2022-05-04 16:00:00,319.8993
2022-05-05 16:00:00,321.7612
2022-05-06 09:34:00,-48.08632
2022-05-06 10:08:00,51.26493
2022-05-06 10:12:00,-56.46483
2022-05-06 10:15:00,-73.26516
2022-05-06 13:54:00,14.38877
2022-05-06 16:00:00,6.691991
2022-05-09 09:37:00,-49.64625
2022-05-09 09:48:00,-47.20094
2022-05-09 09:55:00,-52.85051
2022-05-09 09:58:00,-45.5763
2022-05-09 12:17:00,29.11764
2022-05-09 12:39:00,-51.96061
2022-05-09 16:00:00,123.0894
2022-05-10 10:01:00,20.21779
2022-05-10 10:29:00,-38.11052
2022-05-10 13:32:00,42.48465
2022-05-10 15:42:00,-27.2981
2022-05-10 16:00:00,-10.34084
2022-05-11 09:35:00,-61.76853
2022-05-11 09:43:00,-32.91626
2022-05-11 10:11:00,10.39268
2022-05-11 10:20:00,-54.55582
2022-05-11 10:54:00,-47.78102
2022-05-11 11:39:00,-60.01302
2022-05-11 11:55:00,-57.02615
2022-05-11 16:00:00,258.2928
2022-05-12 09:45:00,-18.24469
2022-05-12 10:02:00,-27.3172
2022-05-12 10:07:00,-72.40837
2022-05-12 11:53:00,26.56266
2022-05-12 12:33:00,-41.841
2022-05-12 12:43:00,-46.90117
2022-05-12 12:45:00,-53.01245
2022-05-12 13:06:00,-51.47736
2022-05-12 15:52:00,-13.67212
2022-05-12 16:00:00,38.85983
2022-05-13 09:42:00,-47.5521
2022-05-13 14:04:00,86.21754
2022-05-13 14:54:00,-66.09952
2022-05-13 16:00:00,39.92623
2022-05-16 09:41:00,-48.50016
2022-05-16 09:47:00,-61.85358
2022-05-16 10:10:00,-43.05683
2022-05-16 10:48:00,-34.54161
2022-05-16 11:50:00,-30.78742
2022-05-16 12:41:00,-42.48227
2022-05-16 13:25:00,-47.56267
2022-05-16 15:35:00,-35.1476
2022-05-16 16:00:00,11.82515
2022-05-17 09:49:00,-42.54469
2022-05-17 11:35:00,-1.203563
2022-05-17 14:22:00,-41.31734
2022-05-17 14:42:00,-48.33642
2022-05-17 16:00:00,72.35629
2022-05-18 16:00:00,325.8932
2022-05-19 09:45:00,-25.77698
2022-05-19 10:02:00,-18.69984
2022-05-19 10:32:00,-31.03832
2022-05-19 10:34:00,-52.8032
2022-05-19 10:42:00,-50.43318
2022-05-19 10:56:00,-56.78831
2022-05-19 12:46:00,-30.95263
2022-05-19 13:58:00,-49.92972
2022-05-19 14:08:00,-54.27408
2022-05-19 14:39:00,-66.11397
2022-05-19 15:26:00,-70.6839
2022-05-19 16:00:00,24.359
2022-05-20 09:44:00,-45.72216
2022-05-20 09:49:00,-50.70973
2022-05-20 15:39:00,180.0597
2022-05-20 16:00:00,70.40905
2022-05-23 09:43:00,-60.39744
2022-05-23 09:59:00,-30.43725
2022-05-23 10:31:00,-19.37087
2022-05-23 10:54:00,-42.65961
2022-05-23 11:03:00,-51.70631
2022-05-23 16:00:00,107.2898
2022-05-24 11:47:00,75.09865
2022-05-24 13:05:00,-36.76471
2022-05-24 13:40:00,-48.91444
2022-05-24 14:56:00,-39.70965
2022-05-24 15:07:00,-52.29991
2022-05-24 16:00:00,48.82937
2022-05-25 09:50:00,-25.4399
2022-05-25 10:15:00,-48.45909
2022-05-25 12:27:00,-7.191506
2022-05-25 13:44:00,-40.85175
2022-05-25 14:08:00,-52.06906
2022-05-25 14:15:00,-64.42043
2022-05-25 16:00:00,64.00809
2022-05-26 16:00:00,244.961
2022-05-27 16:00:00,172.0439
2022-05-31 09:31:00,14.07129
2022-05-31 10:23:00,7.938713
2022-05-31 14:57:00,13.10928
2022-05-31 15:11:00,-52.36848
2022-05-31 16:00:00,-18.74655
2022-06-01 10:02:00,-36.71732
2022-06-01 14:29:00,88.99518
2022-06-01 15:05:00,-41.13924
2022-06-01 15:15:00,-41.50779
2022-06-01 15:55:00,-41.13843
2022-06-01 16:00:00,30.38548
2022-06-02 10:25:00,-1.598881
2022-06-02 10:40:00,-44.37604
2022-06-02 16:00:00,234.0345
2022-06-03 09:38:00,-48.00409
2022-06-03 09:58:00,-41.3166
2022-06-03 10:13:00,-42.72158
2022-06-03 13:05:00,4.152085
2022-06-03 13:20:00,-57.75773
2022-06-03 16:00:00,9.549578
2022-06-06 10:02:00,-61.02002
2022-06-06 11:11:00,-38.54205
2022-06-06 16:00:00,101.147
2022-06-07 16:00:00,173.88
2022-06-08 12:25:00,9.657075
2022-06-08 16:00:00,61.62752
2022-06-09 09:41:00,-44.88847
2022-06-09 09:50:00,-42.89619
2022-06-09 10:56:00,-11.3239
2022-06-09 16:00:00,237.4749
2022-06-10 09:46:00,-41.87587
2022-06-10 09:52:00,-49.58506
2022-06-10 13:52:00,38.3645
2022-06-10 14:05:00,-53.16366
2022-06-10 14:58:00,-41.45361
2022-06-10 15:47:00,-43.58759
2022-06-10 16:00:00,34.5176
2022-06-13 09:41:00,-30.34572
2022-06-13 12:35:00,18.04544
2022-06-13 13:02:00,-57.71911
2022-06-13 16:00:00,102.745
2022-06-14 10:00:00,-10.79652
2022-06-14 10:15:00,-44.6802
2022-06-14 10:52:00,-34.04745
2022-06-14 11:07:00,-45.38945
2022-06-14 11:38:00,-45.37506
2022-06-14 12:16:00,-47.59387
2022-06-14 13:08:00,-42.72937
2022-06-14 13:49:00,-38.5794
2022-06-14 15:43:00,-51.78595
2022-06-14 16:00:00,-32.14443
2022-06-15 10:33:00,-32.82609
2022-06-15 12:03:00,-37.29634
2022-06-15 13:00:00,-39.54802
2022-06-15 13:29:00,-43.1956
2022-06-15 14:06:00,-56.69476
2022-06-15 14:19:00,-58.11032
2022-06-15 14:25:00,-67.54849
2022-06-15 14:40:00,-132.0796
2022-06-15 16:00:00,11.22286
2022-06-16 09:48:00,-33.86154
2022-06-16 09:53:00,-47.42263
2022-06-16 16:00:00,101.5026
2022-06-17 10:11:00,-3.996714
2022-06-17 11:09:00,-1.999156
2022-06-17 12:04:00,-39.97513
2022-06-17 12:16:00,-45.93293
2022-06-17 16:00:00,25.52493
2022-06-21 09:31:00,26.77729
2022-06-21 14:04:00,55.08686
2022-06-21 16:00:00,10.13739
2022-06-22 11:58:00,74.72738
2022-06-22 13:01:00,-50.02372
2022-06-22 15:30:00,-46.34199
2022-06-22 16:00:00,34.70276
2022-06-23 10:00:00,-44.64863
2022-06-23 12:03:00,-12.45464
2022-06-23 14:34:00,-31.82043
2022-06-23 16:00:00,58.72393
2022-06-24 16:00:00,205.4061
2022-06-27 10:51:00,38.24957
2022-06-27 12:26:00,-33.44205
2022-06-27 16:00:00,20.91964
2022-06-28 10:00:00,-39.1196
2022-06-28 16:00:00,347.8782
2022-06-29 09:52:00,-28.612
2022-06-29 11:24:00,-10.94021
2022-06-29 11:37:00,-56.69373
2022-06-29 12:15:00,-58.93658
2022-06-29 14:00:00,-44.6793
2022-06-29 16:00:00,-1.710791
2022-06-30 10:55:00,47.73166
2022-06-30 15:09:00,25.07031
2022-06-30 15:31:00,-49.79776
2022-06-30 15:55:00,-50.41653
2022-06-30 16:00:00,-36.97099
2022-07-01 09:43:00,-26.16488
2022-07-01 10:15:00,-0.8698867
2022-07-01 11:18:00,-21.53157
2022-07-01 11:53:00,-52.51964
2022-07-01 13:47:00,-48.43355
2022-07-01 16:00:00,85.11008
2022-07-05 09:48:00,-40.58353
2022-07-05 16:00:00,324.0114
2022-07-06 09:38:00,-53.51875
2022-07-06 10:00:00,-38.34258
2022-07-06 10:23:00,-53.17914
2022-07-06 10:33:00,-47.52307
2022-07-06 11:32:00,-57.43365
2022-07-06 13:07:00,-55.21694
2022-07-06 16:00:00,41.3965
2022-07-07 16:00:00,120.924
2022-07-08 09:51:00,-34.8237
2022-07-08 10:15:00,-32.65731
2022-07-08 12:32:00,18.03782
2022-07-08 13:42:00,-39.73592
2022-07-08 16:00:00,22.88141
2022-07-11 10:41:00,54.32407
2022-07-11 15:01:00,-33.69329
2022-07-11 16:00:00,12.38897
2022-07-12 09:47:00,-26.48813
2022-07-12 11:13:00,26.7676
2022-07-12 11:45:00,-41.72695
2022-07-12 12:38:00,-41.27011
2022-07-12 13:25:00,-42.14897
2022-07-12 16:00:00,78.7584
2022-07-13 09:40:00,-60.02687
2022-07-13 10:21:00,-0.6462314
2022-07-13 10:28:00,-44.162
2022-07-13 16:00:00,85.14745
2022-07-14 10:54:00,15.06543
2022-07-14 16:00:00,173.2983
2022-07-15 09:47:00,-63.68496
2022-07-15 10:02:00,-66.40469
2022-07-15 10:23:00,-64.92286
2022-07-15 10:27:00,-47.90721
2022-07-15 16:00:00,45.16939
2022-07-18 09:42:00,-47.50643
2022-07-18 09:48:00,-52.27921
2022-07-18 10:19:00,-38.44019
2022-07-18 11:45:00,-42.922
2022-07-18 13:21:00,-40.88929
2022-07-18 16:00:00,173.513
2022-07-19 10:00:00,-50.80158
2022-07-19 16:00:00,166.135
2022-07-20 13:12:00,45.24061
2022-07-20 13:34:00,-44.8349
2022-07-20 13:59:00,-49.2591
2022-07-20 14:25:00,-47.68447
2022-07-20 16:00:00,27.34878
2022-07-21 09:43:00,-46.00149
2022-07-21 10:07:00,-42.59148
2022-07-21 11:03:00,-27.11007
2022-07-21 16:00:00,129.7765
2022-07-22 10:00:00,-23.57042
2022-07-22 16:00:00,133.2195
2022-07-25 12:48:00,-9.085219
2022-07-25 13:41:00,-44.37631
2022-07-25 16:00:00,-13.37223
2022-07-26 16:00:00,102.1638
2022-07-27 16:00:00,229.475
2022-07-28 10:54:00,30.38005
2022-07-28 16:00:00,148.5789
2022-07-29 09:42:00,-54.10173
2022-07-29 11:24:00,0.0
2022-07-29 12:50:00,-49.52136
2022-07-29 16:00:00,66.5438
2022-08-01 09:41:00,-48.8023
2022-08-01 13:04:00,51.85458
2022-08-01 16:00:00,19.05642
2022-08-02 09:57:00,-23.43281
2022-08-02 10:45:00,-36.10529
2022-08-02 13:38:00,-0.5802483
2022-08-02 14:33:00,-48.93712
2022-08-02 15:20:00,-49.08377
2022-08-02 16:00:00,1.354044
2022-08-03 16:00:00,156.8868
2022-08-04 10:18:00,-39.08232
2022-08-04 12:02:00,-27.54041
2022-08-04 16:00:00,30.85084
2022-08-05 11:08:00,0.1896705
2022-08-05 13:08:00,-26.93271
2022-08-05 14:29:00,-40.4797
2022-08-05 15:48:00,-44.63268
2022-08-05 16:00:00,3.403483
2022-08-08 10:50:00,14.84851
2022-08-08 16:00:00,104.3485
2022-08-09 11:28:00,-11.30788
2022-08-09 12:04:00,-41.73447
2022-08-09 14:55:00,-31.52815
2022-08-09 16:00:00,-10.15695
2022-08-10 09:51:00,-42.34019
2022-08-10 10:16:00,-43.28599
2022-08-10 10:52:00,-35.19338
2022-08-10 16:00:00,47.26004
2022-08-11 10:02:00,-44.01932
2022-08-11 10:49:00,-30.88189
2022-08-11 16:00:00,118.7164
2022-08-12 16:00:00,114.8954
2022-08-15 10:18:00,-33.08824
2022-08-15 11:36:00,-38.54666
2022-08-15 16:00:00,57.32238
2022-08-16 11:21:00,-18.01603
2022-08-16 14:48:00,-20.18571
2022-08-16 15:33:00,-44.86614
2022-08-16 16:00:00,-2.379732
2022-08-17 09:42:00,-46.62735
2022-08-17 10:08:00,-35.55095
2022-08-17 10:14:00,-45.20379
2022-08-17 14:04:00,-27.24543
2022-08-17 16:00:00,-21.62622
2022-08-18 09:46:00,-37.74497
2022-08-18 10:02:00,-50.01389
2022-08-18 10:23:00,-50.63762
2022-08-18 16:00:00,23.70941
2022-08-19 16:00:00,80.58485
2022-08-22 16:00:00,93.19093
2022-08-23 09:50:00,-33.53038
2022-08-23 10:56:00,-20.47597
2022-08-23 16:00:00,12.38822
2022-08-24 10:02:00,-49.97375
2022-08-24 16:00:00,10.25462
2022-08-25 11:26:00,-7.684475
2022-08-25 13:34:00,-47.10361
2022-08-25 16:00:00,72.33342
2022-08-26 10:11:00,-64.5383
2022-08-26 10:24:00,-102.8268
2022-08-26 16:00:00,324.3368
2022-08-29 10:01:00,-6.776958
2022-08-29 10:18:00,-45.4763
2022-08-29 10:35:00,-48.05019
2022-08-29 12:17:00,-19.55229
2022-08-29 12:38:00,-43.20988
2022-08-29 12:50:00,-49.79701
2022-08-29 15:52:00,-40.99339
2022-08-29 16:00:00,13.38768
2022-08-30 16:00:00,135.7448
2022-08-31 09:46:00,-57.80696
2022-08-31 10:10:00,-48.06248
2022-08-31 16:00:00,114.4984
2022-09-01 10:04:00,-75.93279
2022-09-01 14:22:00,-9.486883
2022-09-01 16:00:00,125.067
2022-09-02 09:53:00,-13.16189
2022-09-02 10:01:00,-43.68049
2022-09-02 10:14:00,-47.12191
2022-09-02 12:22:00,-14.35329
2022-09-02 16:00:00,193.137
2022-09-06 09:31:00,-17.68456
2022-09-06 10:42:00,40.45992
2022-09-06 12:26:00,-28.18828
2022-09-06 16:00:00,4.988464
2022-09-07 10:02:00,-22.73761
2022-09-07 11:08:00,-31.07649
2022-09-07 16:00:00,130.1169
2022-09-08 12:07:00,22.76596
2022-09-08 13:15:00,-42.56364
2022-09-08 16:00:00,46.66232
2022-09-09 16:00:00,85.71829
2022-09-12 11:04:00,-19.08697
2022-09-12 11:35:00,-45.14717
2022-09-12 11:56:00,-42.19658
2022-09-12 13:30:00,-36.65964
2022-09-12 16:00:00,9.229621
2022-09-13 09:37:00,-60.19367
2022-09-13 16:00:00,245.2708
2022-09-14 09:46:00,-52.9485
2022-09-14 10:28:00,-52.04998
2022-09-14 10:40:00,-52.11469
2022-09-14 13:50:00,-32.42864
2022-09-14 15:55:00,-43.93145
2022-09-14 16:00:00,16.71171
2022-09-15 10:29:00,-25.90407
2022-09-15 13:04:00,4.328558
2022-09-15 14:03:00,-58.15152
2022-09-15 16:00:00,40.44636
2022-09-16 10:14:00,-42.14494
2022-09-16 11:01:00,-31.63422
2022-09-16 14:28:00,-37.65841
2022-09-16 16:00:00,55.64338
2022-09-19 11:37:00,9.898696
2022-09-19 12:52:00,-40.39724
2022-09-19 16:00:00,81.30763
2022-09-20 10:09:00,-36.34454
2022-09-20 13:13:00,-20.09503
2022-09-20 15:38:00,-22.86218
2022-09-20 16:00:00,-17.57837
2022-09-21 11:05:00,-40.65634
2022-09-21 12:29:00,-40.19427
2022-09-21 14:02:00,-95.91326
2022-09-21 14:36:00,-74.73684
2022-09-21 15:13:00,-34.89708
2022-09-21 15:16:00,-74.6519
2022-09-21 15:27:00,-77.22088
2022-09-21 16:00:00,179.9761
2022-09-22 15:03:00,16.77239
2022-09-22 16:00:00,-37.69358
2022-09-23 11:26:00,3.940455
2022-09-23 11:45:00,-41.39109
2022-09-23 15:46:00,-8.796429
2022-09-23 16:00:00,-3.954914
2022-09-26 10:50:00,12.68897
2022-09-26 16:00:00,107.938
2022-09-27 09:51:00,-27.99297
2022-09-27 16:00:00,135.5704
2022-09-28 09:45:00,-38.3371
2022-09-28 10:10:00,-33.11331
2022-09-28 10:22:00,-48.50606
2022-09-28 16:00:00,186.6955
2022-09-29 11:55:00,75.77593
2022-09-29 12:20:00,-46.61177
2022-09-29 15:59:00,-17.17102
2022-09-29 16:00:00,1.558326
2022-09-30 09:38:00,-51.83883
2022-09-30 09:44:00,-36.67755
2022-09-30 12:02:00,11.36414
2022-09-30 16:00:00,179.8393
2022-10-03 09:47:00,-26.39475
2022-10-03 16:00:00,161.7766
2022-10-04 12:55:00,22.68406
2022-10-04 14:52:00,-34.48796
2022-10-04 15:13:00,-42.10255
2022-10-04 16:00:00,-47.02634
2022-10-05 12:08:00,18.93486
2022-10-05 16:00:00,149.5857
2022-10-06 10:00:00,-15.87438
2022-10-06 11:01:00,-5.156633
2022-10-06 11:16:00,-45.74153
2022-10-06 11:21:00,-40.34259
2022-10-06 12:01:00,-44.04813
2022-10-06 12:50:00,-48.5594
2022-10-06 14:08:00,-46.60653
2022-10-06 16:00:00,37.54612
2022-10-07 16:00:00,155.6541
2022-10-10 13:49:00,64.2949
2022-10-10 16:00:00,-27.01966
2022-10-11 10:42:00,-20.0069
2022-10-11 14:49:00,-5.049114
2022-10-11 16:00:00,39.95408
2022-10-12 09:37:00,-42.50601
2022-10-12 10:08:00,-23.00331
2022-10-12 11:20:00,-41.27087
2022-10-12 12:38:00,-40.41239
2022-10-12 14:12:00,-46.10951
2022-10-12 15:02:00,-40.16064
2022-10-12 16:00:00,11.75115
2022-10-13 09:36:00,-41.44239
2022-10-13 09:38:00,-40.79696
2022-10-13 09:43:00,-39.77327
2022-10-13 16:00:00,514.7669
2022-10-14 09:41:00,-50.74205
2022-10-14 09:44:00,-60.98514
2022-10-14 16:00:00,337.1393
2022-10-17 10:53:00,-0.9043636
2022-10-17 11:42:00,-44.31782
2022-10-17 16:00:00,5.177615
2022-10-18 16:00:00,153.1599
2022-10-19 09:44:00,-36.24161
2022-10-19 10:08:00,-40.1904
2022-10-19 11:37:00,-9.839658
2022-10-19 11:56:00,-43.20283
2022-10-19 12:09:00,-42.7941
2022-10-19 16:00:00,12.53526
2022-10-20 09:46:00,-50.87226
2022-10-20 12:10:00,50.16685
2022-10-20 16:00:00,116.7688
2022-10-21 09:37:00,-66.9945
2022-10-21 09:39:00,-53.13955
2022-10-21 10:37:00,18.29723
2022-10-21 10:49:00,-46.4487
2022-10-21 11:01:00,-43.98959
2022-10-21 11:32:00,-55.68079
2022-10-21 16:00:00,181.3617
2022-10-24 09:45:00,-42.46985
2022-10-24 09:47:00,-85.74396
2022-10-24 10:02:00,-70.99191
2022-10-24 11:01:00,-20.74368
2022-10-24 16:00:00,112.0923
2022-10-25 16:00:00,111.8018
2022-10-26 12:59:00,55.92427
2022-10-26 16:00:00,86.5576
2022-10-27 10:14:00,18.19816
2022-10-27 10:44:00,-25.91925
2022-10-27 16:00:00,98.66103
2022-10-28 10:14:00,-4.215477
2022-10-28 10:26:00,-69.47373
2022-10-28 16:00:00,214.2574
2022-10-31 11:30:00,-2.180787
2022-10-31 15:10:00,-33.14074
2022-10-31 15:41:00,-41.78243
2022-10-31 16:00:00,-24.1809
2022-11-01 16:00:00,181.5503
2022-11-02 14:02:00,-62.47923
2022-11-02 14:38:00,-71.11874
2022-11-02 14:43:00,-59.43141
2022-11-02 14:49:00,-54.23041
2022-11-02 16:00:00,301.8885
2022-11-03 09:46:00,-47.49389
2022-11-03 10:17:00,-12.97257
2022-11-03 11:31:00,-26.37424
2022-11-03 12:19:00,-42.44955
2022-11-03 14:01:00,-41.34618
2022-11-03 16:00:00,49.86779
2022-11-04 10:02:00,19.07213
2022-11-04 11:29:00,-26.01529
2022-11-04 15:09:00,5.308958
2022-11-04 16:00:00,63.27945
2022-11-07 10:04:00,-23.62819
2022-11-07 10:32:00,-39.13491
2022-11-07 11:01:00,-42.73504
2022-11-07 11:46:00,-45.29856
2022-11-07 13:10:00,-43.66612
2022-11-07 16:00:00,81.4608
2022-11-08 09:54:00,-41.75176
2022-11-08 13:30:00,32.53943
2022-11-08 15:32:00,-24.55066
2022-11-08 16:00:00,-29.20889
2022-11-09 10:35:00,-66.13217
2022-11-09 11:46:00,-53.12115
2022-11-09 12:10:00,-51.25298
2022-11-09 16:00:00,124.2335
2022-11-10 09:50:00,-30.89621
2022-11-10 16:00:00,233.6479
2022-11-11 09:47:00,-49.18563
2022-11-11 11:30:00,12.88024
2022-11-11 11:52:00,-43.73647
2022-11-11 16:00:00,116.1227
2022-11-14 10:02:00,-40.93468
2022-11-14 11:18:00,-30.36351
2022-11-14 11:36:00,-49.62409
2022-11-14 15:49:00,-19.49731
2022-11-14 16:00:00,26.54266
2022-11-15 10:02:00,-37.71619
2022-11-15 10:49:00,-41.72635
2022-11-15 11:35:00,-39.19116
2022-11-15 12:33:00,-43.60646
2022-11-15 16:00:00,67.99032
2022-11-16 12:46:00,-23.77667
2022-11-16 13:59:00,-55.2767
2022-11-16 16:00:00,-1.277792
2022-11-17 15:22:00,25.63771
2022-11-17 15:49:00,-45.12732
2022-11-17 16:00:00,22.24837
2022-11-18 15:41:00,42.0525
2022-11-18 16:00:00,-11.94386
2022-11-21 09:49:00,-41.88414
2022-11-21 10:06:00,-46.41513
2022-11-21 16:00:00,39.96992
2022-11-22 10:07:00,-20.31027
2022-11-22 16:00:00,136.0618
2022-11-23 11:56:00,-8.474576
2022-11-23 14:04:00,-57.25191
2022-11-23 16:00:00,9.487666
2022-11-25 11:34:00,-41.4315
2022-11-28 09:31:00,-7.641527
2022-11-28 10:22:00,-33.57131
2022-11-28 16:00:00,98.28167
2022-11-29 10:30:00,-34.97636
2022-11-29 11:04:00,-39.15747
2022-11-29 16:00:00,43.84733
2022-11-30 10:48:00,-38.04007
2022-11-30 11:41:00,-42.9585
2022-11-30 12:20:00,-41.04647
2022-11-30 13:32:00,-86.9867
2022-11-30 16:00:00,366.8817
2022-12-01 10:11:00,-19.85481
2022-12-01 11:01:00,-7.874832
2022-12-01 11:19:00,-55.08045
2022-12-01 13:07:00,-48.93081
2022-12-01 16:00:00,-4.558452
2022-12-02 10:14:00,-57.15009
2022-12-02 16:00:00,76.53596
2022-12-05 10:02:00,-54.54203
2022-12-05 11:13:00,-37.82148
2022-12-05 11:24:00,-41.02822
2022-12-05 16:00:00,76.71935
2022-12-06 16:00:00,162.714
2022-12-07 09:48:00,-41.75772
2022-12-07 10:52:00,-33.24208
2022-12-07 11:23:00,-51.53858
2022-12-07 13:14:00,-47.01683
2022-12-07 14:04:00,-47.23011
2022-12-07 16:00:00,-20.24424
2022-12-08 09:54:00,-19.95878
2022-12-08 16:00:00,85.30539
2022-12-09 09:39:00,-46.45535
2022-12-09 15:39:00,-3.226084
2022-12-09 16:00:00,42.38291
2022-12-12 09:52:00,-41.55754
2022-12-12 10:35:00,-38.58341
2022-12-12 11:10:00,-39.16562
2022-12-12 16:00:00,100.6574
2022-12-13 09:46:00,-23.73483
2022-12-13 10:03:00,-33.97369
2022-12-13 16:00:00,214.8672
2022-12-14 14:02:00,-20.43267
2022-12-14 15:14:00,-31.87268
2022-12-14 15:19:00,-77.42967
2022-12-14 16:00:00,38.59285
2022-12-15 16:00:00,170.887
2022-12-16 10:04:00,-62.02394
2022-12-16 15:18:00,37.88459
2022-12-16 16:00:00,-27.03772
2022-12-19 16:00:00,95.60907
2022-12-20 09:58:00,-45.08363
2022-12-20 11:17:00,-1.570845
2022-12-20 12:02:00,-43.54169
2022-12-20 16:00:00,-10.50303
2022-12-21 16:00:00,90.56923
2022-12-22 15:21:00,115.721
2022-12-22 16:00:00,32.89921
2022-12-23 09:36:00,-47.99855
2022-12-23 10:13:00,-5.460005
2022-12-23 16:00:00,77.30787
2022-12-27 10:23:00,0.908967
2022-12-27 12:45:00,-51.3613
2022-12-27 16:00:00,23.072
2022-12-28 10:27:00,-16.90656
2022-12-28 16:00:00,140.7451
2022-12-29 16:00:00,107.655
2022-12-30 09:49:00,-42.97438
2022-12-30 10:20:00,-39.94582
2022-12-30 13:23:00,-31.0978
2022-12-30 15:12:00,-38.07601
2022-12-30 16:00:00,75.17766
2023-01-03 09:49:00,-30.98617
2023-01-03 16:00:00,141.2226
2023-01-04 09:42:00,-64.29109
2023-01-04 09:46:00,-59.34987
2023-01-04 11:16:00,-7.292118
2023-01-04 14:05:00,-20.72185
2023-01-04 14:07:00,-54.76451
2023-01-04 14:27:00,-76.70661
2023-01-04 15:03:00,-74.09779
2023-01-04 15:31:00,-50.17026
2023-01-04 16:00:00,-35.59287
2023-01-05 09:59:00,-0.9192444
2023-01-05 10:37:00,-34.4685
2023-01-05 13:25:00,-44.27227
2023-01-05 15:23:00,-43.15886
2023-01-05 16:00:00,21.21184
2023-01-06 09:39:00,-52.65327
2023-01-06 10:04:00,-19.10154
2023-01-06 16:00:00,212.0133
2023-01-09 13:46:00,41.80751
2023-01-09 16:00:00,89.46762
2023-01-10 09:48:00,-42.63107
2023-01-10 09:55:00,-58.95275
2023-01-10 10:33:00,-49.02507
2023-01-10 12:41:00,-61.58325
2023-01-10 16:00:00,47.62965
2023-01-11 09:39:00,-48.90571
2023-01-11 10:58:00,-28.18762
2023-01-11 11:20:00,-42.84263
2023-01-11 16:00:00,94.55537
2023-01-12 10:13:00,8.072786
2023-01-12 11:03:00,-41.7067
2023-01-12 11:16:00,-42.75847
2023-01-12 16:00:00,71.83406
2023-01-13 16:00:00,124.7329
2023-01-17 09:31:00,4.969857
2023-01-17 09:56:00,-44.52129
2023-01-17 10:44:00,-25.60461
2023-01-17 13:40:00,-44.0063
2023-01-17 16:00:00,-10.95337
2023-01-18 10:35:00,-43.02816
2023-01-18 16:00:00,176.7072
2023-01-19 13:38:00,-5.708264
2023-01-19 16:00:00,-28.96388
2023-01-20 16:00:00,207.1814
2023-01-23 16:00:00,165.4846
2023-01-24 10:06:00,-25.43139
2023-01-24 10:17:00,-44.67108
2023-01-24 15:42:00,-41.11601
2023-01-24 16:00:00,-31.3856
2023-01-25 09:42:00,-43.94803
2023-01-25 09:55:00,-47.17082
2023-01-25 11:14:00,-32.81149
2023-01-25 16:00:00,154.3296
2023-01-26 10:25:00,-16.6424
2023-01-26 10:40:00,-41.32918
2023-01-26 12:14:00,-22.31445
2023-01-26 16:00:00,75.32565
2023-01-27 10:57:00,-9.702525
2023-01-27 11:23:00,-50.21284
2023-01-27 16:00:00,52.63483
2023-01-30 10:23:00,-39.80695
2023-01-30 16:00:00,84.28071
2023-01-31 10:02:00,-42.17831
2023-01-31 10:21:00,-48.19931
2023-01-31 16:00:00,94.89794
2023-02-01 13:35:00,-37.38202
2023-02-01 14:02:00,-42.18107
2023-02-01 14:09:00,-61.78324
2023-02-01 14:33:00,-59.35023
2023-02-01 14:39:00,-61.15071
2023-02-01 16:00:00,201.6386
2023-02-02 09:43:00,-42.40798
2023-02-02 10:01:00,-43.99662
2023-02-02 10:21:00,-45.37474
2023-02-02 14:44:00,21.21016
2023-02-02 15:36:00,-40.76273
2023-02-02 16:00:00,36.30331
2023-02-03 13:00:00,77.36599
2023-02-03 16:00:00,84.82231
2023-02-06 10:17:00,-39.57836
2023-02-06 10:58:00,-31.54889
2023-02-06 13:31:00,-36.42588
2023-02-06 14:18:00,-42.75212
2023-02-06 15:08:00,-47.14541
2023-02-06 16:00:00,-3.997362
2023-02-07 10:02:00,-43.06048
2023-02-07 11:10:00,-49.45341
2023-02-07 13:31:00,-0.199231
2023-02-07 14:09:00,-53.19573
2023-02-07 16:00:00,124.8538
2023-02-08 16:00:00,112.9153
2023-02-09 16:00:00,176.4752
2023-02-10 09:52:00,-47.87892
2023-02-10 10:02:00,-56.131
2023-02-10 10:12:00,-51.57465
2023-02-10 10:53:00,-40.40159
2023-02-10 13:22:00,-32.24956
2023-02-10 13:59:00,-48.11775
2023-02-10 15:55:00,-41.4432
2023-02-10 16:00:00,-8.901837
2023-02-13 16:00:00,96.58142
2023-02-14 09:38:00,-57.25806
2023-02-14 10:39:00,30.87162
2023-02-14 13:03:00,-46.16491
2023-02-14 16:00:00,50.52816
2023-02-15 09:55:00,-50.68203
2023-02-15 11:08:00,-41.38892
2023-02-15 16:00:00,93.73204
2023-02-16 09:49:00,-44.75524
2023-02-16 15:17:00,14.12261
2023-02-16 16:00:00,83.22574
2023-02-17 10:20:00,-10.92034
2023-02-17 10:49:00,-36.76545
2023-02-17 14:34:00,-25.34417
2023-02-17 16:00:00,24.67338
2023-02-21 10:00:00,-42.77944
2023-02-21 16:00:00,99.63379
2023-02-22 10:02:00,-43.35141
2023-02-22 12:26:00,-6.603248
2023-02-22 14:34:00,-32.78824
2023-02-22 16:00:00,-16.13771
2023-02-23 14:17:00,16.82362
2023-02-23 16:00:00,34.11496
2023-02-24 09:46:00,-43.82048
2023-02-24 11:48:00,-5.63204
2023-02-24 12:49:00,-41.0699
2023-02-24 14:54:00,-41.02994
2023-02-24 16:00:00,5.420506
2023-02-27 10:38:00,-32.28659
2023-02-27 16:00:00,27.64597
2023-02-28 10:53:00,-31.83923
2023-02-28 11:19:00,-47.08176
2023-02-28 15:37:00,-29.93332
2023-02-28 16:00:00,7.868146
2023-03-01 10:07:00,-52.24097
2023-03-01 12:12:00,-23.75693
2023-03-01 13:32:00,-43.86694
2023-03-01 16:00:00,5.846854
2023-03-02 16:00:00,134.3888
2023-03-03 16:00:00,126.6604
2023-03-06 12:49:00,-6.250126
2023-03-06 16:00:00,55.07586
2023-03-07 10:37:00,-17.30209
2023-03-07 10:46:00,-44.50134
2023-03-07 12:22:00,-37.35227
2023-03-07 13:08:00,-47.78754
2023-03-07 16:00:00,54.14683
2023-03-08 10:25:00,-27.76007
2023-03-08 13:19:00,-25.63261
2023-03-08 15:44:00,-41.52875
2023-03-08 16:00:00,16.78849
2023-03-09 12:03:00,-10.17273
2023-03-09 16:00:00,219.1401
2023-03-10 10:03:00,0.2089864
2023-03-10 10:25:00,-49.32182
2023-03-10 10:37:00,-53.13675
2023-03-10 12:11:00,-29.0394
2023-03-10 16:00:00,75.84805
2023-03-13 09:49:00,-51.0584
2023-03-13 15:58:00,103.503
2023-03-13 16:00:00,2.723426
2023-03-14 13:17:00,5.154639
2023-03-14 15:57:00,-32.14838
2023-03-14 16:00:00,24.23944
2023-03-15 09:59:00,-48.40171
2023-03-15 10:09:00,-44.70476
2023-03-15 10:20:00,-48.83275
2023-03-15 11:09:00,-41.4113
2023-03-15 12:58:00,-43.71495
2023-03-15 13:15:00,-45.97796
2023-03-15 16:00:00,110.5018
2023-03-16 16:00:00,279.9054
2023-03-17 10:25:00,-29.79691
2023-03-17 14:04:00,16.31931
2023-03-17 14:16:00,-42.34201
2023-03-17 16:00:00,-5.735533
2023-03-20 10:26:00,-22.85464
2023-03-20 12:14:00,-31.32869
2023-03-20 12:53:00,-54.50025
2023-03-20 16:00:00,44.11561
2023-03-21 10:17:00,-43.08496
2023-03-21 13:12:00,-18.99242
2023-03-21 16:00:00,66.24976
2023-03-22 15:03:00,2.131163
2023-03-22 15:23:00,-51.33072
2023-03-22 15:35:00,-53.38113
2023-03-22 16:00:00,158.4841
2023-03-23 13:14:00,10.26455
2023-03-23 16:00:00,57.65473
2023-03-24 09:57:00,-23.85841
2023-03-24 10:23:00,-39.40925
2023-03-24 10:31:00,-47.39986
2023-03-24 11:10:00,-44.83693
2023-03-24 11:48:00,-44.64723
2023-03-24 12:23:00,-47.17809
2023-03-24 12:50:00,-43.6801
2023-03-24 16:00:00,58.89695
2023-03-27 10:32:00,-41.17374
2023-03-27 16:00:00,62.11301
2023-03-28 15:52:00,-4.327046
2023-03-28 16:00:00,12.77892
2023-03-29 12:16:00,-34.54969
2023-03-29 16:00:00,34.43073
2023-03-30 12:48:00,-37.6227
2023-03-30 16:00:00,-33.7391
2023-03-31 16:00:00,115.7861
2023-04-03 10:51:00,-37.33806
2023-04-03 15:04:00,-19.49613
2023-04-03 16:00:00,26.44803
2023-04-04 10:02:00,-51.52888
2023-04-04 10:25:00,-47.32128
2023-04-04 16:00:00,20.1883
2023-04-05 16:00:00,33.7175
2023-04-06 16:00:00,130.9515
2023-04-10 10:45:00,-36.39585
2023-04-10 16:00:00,103.611
2023-04-11 13:50:00,-13.73862
2023-04-11 15:53:00,-39.2538
2023-04-11 16:00:00,-6.313011
2023-04-12 13:13:00,11.24302
2023-04-12 14:29:00,-52.27212
2023-04-12 16:00:00,59.45075
2023-04-13 16:00:00,101.321
2023-04-14 10:20:00,-22.35653
2023-04-14 15:44:00,-6.076372
2023-04-14 16:00:00,5.503368
2023-04-17 10:40:00,-60.39722
2023-04-17 15:19:00,-27.42962
2023-04-17 16:00:00,22.03564
2023-04-18 16:00:00,37.01396
2023-04-19 16:00:00,34.63368
2023-04-20 14:33:00,-11.62946
2023-04-20 16:00:00,16.03298
2023-04-21 10:25:00,-32.4507
2023-04-21 10:50:00,-42.87245
2023-04-21 11:05:00,-47.47809
2023-04-21 16:00:00,15.68747
2023-04-24 10:08:00,-33.35684
2023-04-24 16:00:00,9.753672
2023-04-25 16:00:00,108.3116
2023-04-26 10:21:00,-35.70739
2023-04-26 11:04:00,-42.61501
2023-04-26 13:51:00,-32.01852
2023-04-26 16:00:00,28.83183
2023-04-27 16:00:00,127.636
2023-04-28 10:10:00,-42.10446
2023-04-28 11:00:00,-28.89628
2023-04-28 12:02:00,-46.40591
2023-04-28 16:00:00,47.88839
2023-05-01 11:18:00,-43.89091
2023-05-01 12:32:00,-43.33082
2023-05-01 16:00:00,-17.63271
2023-05-02 16:00:00,49.62077
2023-05-03 11:30:00,-44.18346
2023-05-03 14:02:00,-50.06922
2023-05-03 15:11:00,-40.38422
2023-05-03 16:00:00,71.43263
2023-05-04 11:09:00,-31.65285
2023-05-04 16:00:00,-19.31425
2023-05-05 16:00:00,103.3156
2023-05-08 16:00:00,32.11449
2023-05-09 16:00:00,-5.279333
2023-05-10 10:03:00,-32.94585
2023-05-10 10:44:00,-29.29268
2023-05-10 14:44:00,-18.33832
2023-05-10 16:00:00,19.42545
2023-05-11 11:05:00,-44.14928
2023-05-11 16:00:00,18.25259
2023-05-12 16:00:00,20.48417
2023-05-15 11:17:00,-41.70173
2023-05-15 16:00:00,35.38307
2023-05-16 16:00:00,-12.03837
2023-05-17 11:02:00,-33.34445
2023-05-17 16:00:00,76.99125
2023-05-18 16:00:00,117.2721
2023-05-19 16:00:00,5.589211
2023-05-22 10:10:00,-21.22188
2023-05-22 14:52:00,-43.43516
2023-05-22 16:00:00,-18.84219
2023-05-23 16:00:00,73.4071
2023-05-24 15:19:00,-20.19497
2023-05-24 16:00:00,5.863061
2023-05-25 10:42:00,-27.38344
2023-05-25 16:00:00,45.45455
2023-05-26 16:00:00,189.4572
2023-05-30 09:54:00,-45.56239
2023-05-30 16:00:00,53.37064
2023-05-31 10:14:00,-31.80949
2023-05-31 13:42:00,-10.98575
2023-05-31 16:00:00,-35.35969
2023-06-01 16:00:00,108.077
2023-06-02 09:48:00,-43.7779
2023-06-02 10:49:00,-17.34769
2023-06-02 16:00:00,-0.6858475
2023-06-05 14:14:00,-21.17776
2023-06-05 16:00:00,13.52091
2023-06-06 12:59:00,-25.74135
2023-06-06 15:04:00,-45.24965
2023-06-06 16:00:00,-8.563843
2023-06-07 16:00:00,195.3172
2023-06-08 16:00:00,73.29316
2023-06-09 10:47:00,-11.11472
2023-06-09 16:00:00,32.52534
2023-06-12 16:00:00,103.7507
2023-06-13 11:13:00,-5.544448
2023-06-13 14:30:00,-29.38608
2023-06-13 15:20:00,-40.75652
2023-06-13 16:00:00,4.528758
2023-06-14 14:02:00,-23.44273
2023-06-14 14:50:00,-45.48506
2023-06-14 16:00:00,35.75546
2023-06-15 16:00:00,135.6139
2023-06-16 12:54:00,-12.50426
2023-06-16 14:22:00,-44.7645
2023-06-16 16:00:00,45.78038
2023-06-20 09:59:00,-48.18293
2023-06-20 12:29:00,-3.118333
2023-06-20 16:00:00,10.66465
2023-06-21 14:21:00,26.54663
2023-06-21 15:40:00,-42.15782
2023-06-21 16:00:00,8.46726
2023-06-22 16:00:00,116.0317
2023-06-23 10:14:00,-27.45424
2023-06-23 15:03:00,-20.90766
2023-06-23 16:00:00,-16.79443
2023-06-26 10:40:00,-19.37214
2023-06-26 16:00:00,141.011
2023-06-27 10:12:00,-36.76471
2023-06-27 11:29:00,-39.91949
2023-06-27 16:00:00,96.06068
2023-06-28 12:46:00,-3.975155
2023-06-28 16:00:00,-34.29935
2023-06-29 11:22:00,-26.02569
2023-06-29 14:00:00,-40.0119
2023-06-29 16:00:00,-28.71846
2023-06-30 11:49:00,-7.190012
2023-06-30 12:56:00,-41.8629
2023-06-30 16:00:00,-13.679
2023-07-03 16:00:00,-18.42942
2023-07-05 12:02:00,-24.22252
2023-07-05 16:00:00,-12.22215
2023-07-06 12:08:00,-17.97553
2023-07-06 16:00:00,32.26497
2023-07-07 10:35:00,-45.69126
2023-07-07 11:53:00,-47.38167
2023-07-07 15:42:00,-18.6668
2023-07-07 16:00:00,36.74722
2023-07-10 10:23:00,-18.63272
2023-07-10 11:05:00,-40.48783
2023-07-10 13:32:00,-32.72024
2023-07-10 16:00:00,8.071025
2023-07-11 10:46:00,-24.88956
2023-07-11 16:00:00,35.35079
2023-07-12 11:40:00,-30.86769
2023-07-12 14:15:00,-29.9906
2023-07-12 16:00:00,-10.3441
2023-07-13 11:59:00,-44.18026
2023-07-13 16:00:00,48.62444
2023-07-14 10:50:00,-21.99506
2023-07-14 11:38:00,-42.18406
2023-07-14 12:26:00,-41.69101
2023-07-14 16:00:00,39.16967
2023-07-17 11:30:00,-43.7501
2023-07-17 16:00:00,38.80758
2023-07-18 16:00:00,105.6561
2023-07-19 12:27:00,-39.43882
2023-07-19 16:00:00,10.79863
2023-07-20 16:00:00,150.0742
2023-07-21 13:59:00,-2.236958
2023-07-21 14:33:00,-42.01345
2023-07-21 16:00:00,29.8383
2023-07-24 10:30:00,-17.67494
2023-07-24 11:38:00,-38.17467
2023-07-24 13:57:00,-39.77007
2023-07-24 16:00:00,-15.87709
2023-07-25 16:00:00,6.8655
2023-07-26 14:40:00,-30.81021
2023-07-26 15:10:00,-47.99309
2023-07-26 15:46:00,-50.63576
2023-07-26 16:00:00,-11.67552
2023-07-27 10:26:00,-45.15205
2023-07-27 16:00:00,159.9343
2023-07-28 13:45:00,2.058917
2023-07-28 14:23:00,-41.01151
2023-07-28 16:00:00,-2.050085
2023-07-31 16:00:00,-29.24115
2023-08-01 10:43:00,-41.25478
2023-08-01 16:00:00,-2.528325
2023-08-02 16:00:00,80.32193
2023-08-03 10:26:00,-37.73402
2023-08-03 11:16:00,-45.35479
2023-08-03 16:00:00,-11.81344
2023-08-04 09:46:00,-46.3877
2023-08-04 10:56:00,-13.22325
2023-08-04 14:05:00,-24.47902
2023-08-04 16:00:00,82.33509
2023-08-07 13:14:00,-29.23977
2023-08-07 16:00:00,33.36573
2023-08-08 14:15:00,1.959088
2023-08-08 16:00:00,26.12629
2023-08-09 14:14:00,26.45157
2023-08-09 15:48:00,-45.34888
2023-08-09 16:00:00,13.81465
2023-08-10 10:47:00,-20.68808
2023-08-10 16:00:00,74.92532
2023-08-11 11:13:00,-27.9519
2023-08-11 14:33:00,-36.82081
2023-08-11 16:00:00,-18.17761
2023-08-14 16:00:00,115.4107
2023-08-15 12:02:00,-7.404117
2023-08-15 13:45:00,-42.09003
2023-08-15 16:00:00,23.94082
2023-08-16 11:49:00,-36.70514
2023-08-16 16:00:00,83.63757
2023-08-17 12:29:00,-4.520115
2023-08-17 13:44:00,-48.36011
2023-08-17 16:00:00,64.23299
2023-08-18 10:39:00,-48.39758
2023-08-18 16:00:00,41.52697
2023-08-21 10:27:00,-13.29049
2023-08-21 12:45:00,-28.63785
2023-08-21 16:00:00,69.87838
2023-08-22 16:00:00,42.5978
2023-08-23 16:00:00,90.12598
2023-08-24 16:00:00,260.5404
2023-08-25 10:09:00,-56.05606
2023-08-25 10:15:00,-62.74747
2023-08-25 10:26:00,-60.02201
2023-08-25 14:15:00,-2.851488
2023-08-25 16:00:00,46.11386
2023-08-28 09:44:00,-50.25541
2023-08-28 13:02:00,-18.77482
2023-08-28 13:57:00,-43.28358
2023-08-28 15:47:00,-49.6344
2023-08-28 16:00:00,3.977659
2023-08-29 16:00:00,185.8613
2023-08-30 09:56:00,-49.39154
2023-08-30 10:27:00,-38.31665
2023-08-30 10:58:00,-43.17061
2023-08-30 16:00:00,20.36133
2023-08-31 12:25:00,-30.51376
2023-08-31 14:18:00,-44.13873
2023-08-31 16:00:00,-35.60488
2023-09-01 16:00:00,37.55175
2023-09-05 09:31:00,-2.73849
2023-09-05 16:00:00,14.98985
2023-09-06 16:00:00,27.04059
2023-09-07 16:00:00,33.82539
2023-09-08 11:00:00,-35.46215
2023-09-08 16:00:00,12.2437
2023-09-11 13:20:00,-17.38339
2023-09-11 16:00:00,39.08531
2023-09-12 16:00:00,61.21521
2023-09-13 10:41:00,-39.36879
2023-09-13 15:08:00,-21.80386
2023-09-13 16:00:00,-17.77473
2023-09-14 10:39:00,-34.22017
2023-09-14 16:00:00,37.30567
2023-09-15 16:00:00,106.0701
2023-09-18 10:43:00,-30.32023
2023-09-18 11:33:00,-43.42311
2023-09-18 16:00:00,-16.51688
2023-09-19 13:20:00,-19.60272
2023-09-19 16:00:00,28.2053
2023-09-20 16:00:00,143.5959
2023-09-21 10:40:00,-29.57097
2023-09-21 11:27:00,-42.97636
2023-09-21 16:00:00,54.87244
2023-09-22 13:33:00,-18.88117
2023-09-22 16:00:00,44.86482
2023-09-25 16:00:00,53.1709
2023-09-26 16:00:00,49.21693
2023-09-27 14:41:00,2.713888
2023-09-27 16:00:00,5.938242
2023-09-28 10:33:00,-31.9028
2023-09-28 10:45:00,-41.1978
2023-09-28 16:00:00,76.46271
2023-09-29 10:26:00,-39.57367
2023-09-29 16:00:00,71.78272
2023-10-02 11:55:00,2.011128
2023-10-02 15:56:00,-33.3445
2023-10-02 16:00:00,12.19125
2023-10-03 10:04:00,-46.35207
2023-10-03 16:00:00,101.7097
2023-10-04 10:04:00,-39.96762
2023-10-04 10:38:00,-37.75757
2023-10-04 16:00:00,66.62843
2023-10-05 12:32:00,28.41435
2023-10-05 16:00:00,26.30337
2023-10-06 10:17:00,-41.9305
2023-10-06 16:00:00,219.5963
2023-10-09 10:51:00,-26.13052
2023-10-09 12:01:00,-45.55619
2023-10-09 16:00:00,93.68926
2023-10-10 16:00:00,19.52036
2023-10-11 11:03:00,-31.81388
2023-10-11 11:40:00,-41.3082
2023-10-11 15:42:00,-30.21148
2023-10-11 16:00:00,14.32758
2023-10-12 13:05:00,-24.96272
2023-10-12 16:00:00,45.01284
2023-10-13 16:00:00,120.2182
2023-10-16 13:27:00,-0.4923683
2023-10-16 13:43:00,-43.00228
2023-10-16 16:00:00,-2.451421
2023-10-17 10:11:00,-38.78474
2023-10-17 16:00:00,65.54725
2023-10-18 10:37:00,-40.48516
2023-10-18 16:00:00,69.89771
2023-10-19 10:14:00,-26.73175
2023-10-19 10:30:00,-50.00911
2023-10-19 12:03:00,-41.77276
2023-10-19 12:34:00,-50.38284
2023-10-19 13:03:00,-50.63797
2023-10-19 13:39:00,-53.6975
2023-10-19 16:00:00,78.48169
2023-10-20 10:13:00,-55.13532
2023-10-20 13:21:00,-3.887631
2023-10-20 14:17:00,-47.30928
2023-10-20 16:00:00,44.13887
2023-10-23 09:51:00,-23.17
2023-10-23 16:00:00,72.77397
2023-10-24 11:41:00,-28.99772
2023-10-24 14:34:00,-29.08206
2023-10-24 16:00:00,11.8014
2023-10-25 11:07:00,-4.941469
2023-10-25 11:27:00,-45.81375
2023-10-25 16:00:00,92.73359
2023-10-26 09:40:00,-41.67243
2023-10-26 15:01:00,55.3906
2023-10-26 15:36:00,-49.06412
2023-10-26 16:00:00,37.37432
2023-10-27 10:08:00,-41.98153
2023-10-27 10:43:00,-44.2447
2023-10-27 11:07:00,-46.89086
2023-10-27 12:52:00,-38.66114
2023-10-27 16:00:00,23.95105
2023-10-30 10:19:00,-12.33003
2023-10-30 13:32:00,-24.34275
2023-10-30 16:00:00,3.989454
2023-10-31 10:12:00,-18.45725
2023-10-31 16:00:00,73.34538
2023-11-01 16:00:00,116.8296
2023-11-02 10:42:00,-38.28458
2023-11-02 16:00:00,36.13128
2023-11-03 10:28:00,-28.63101
2023-11-03 11:33:00,-45.47642
2023-11-03 16:00:00,28.58323
2023-11-06 16:00:00,-30.61779
2023-11-07 16:00:00,55.42657
2023-11-08 15:45:00,-18.87652
2023-11-08 16:00:00,-5.359927
2023-11-09 10:09:00,-43.44232
2023-11-09 11:07:00,-37.77087
2023-11-09 13:04:00,-39.89944
2023-11-09 16:00:00,60.90312
2023-11-10 16:00:00,153.3028
2023-11-13 16:00:00,3.860569
2023-11-14 16:00:00,12.92703
2023-11-15 10:52:00,-39.12941
2023-11-15 11:45:00,-38.66383
2023-11-15 16:00:00,11.7856
2023-11-16 10:40:00,-33.36008
2023-11-16 12:41:00,-32.99809
2023-11-16 16:00:00,6.766752
2023-11-17 16:00:00,1.100923
2023-11-20 16:00:00,67.26738
2023-11-21 16:00:00,-16.9157
2023-11-22 09:54:00,-54.59495
2023-11-22 16:00:00,17.57251
2023-11-27 16:00:00,-22.74994
2023-11-28 13:17:00,-27.93732
2023-11-28 15:57:00,-43.51024
2023-11-28 16:00:00,3.272506
2023-11-29 16:00:00,72.47723
2023-11-30 15:54:00,13.76419
2023-11-30 16:00:00,12.2169
2023-12-01 11:12:00,-39.34282
2023-12-01 16:00:00,47.96689
2023-12-04 12:17:00,-12.80329
2023-12-04 16:00:00,21.94298
2023-12-05 11:55:00,-6.936343
2023-12-05 16:00:00,-40.70043
2023-12-06 16:00:00,80.44157
2023-12-07 10:17:00,-39.75237
2023-12-07 16:00:00,38.18646
2023-12-08 12:15:00,-4.215062
2023-12-08 13:13:00,-42.63693
2023-12-08 16:00:00,14.463
2023-12-11 16:00:00,60.73376
2023-12-12 16:00:00,67.20699
2023-12-13 14:04:00,-43.56018
2023-12-13 16:00:00,72.63559
2023-12-14 16:00:00,30.93857
2023-12-15 13:00:00,-31.88208
2023-12-15 15:56:00,-35.85189
2023-12-15 16:00:00,-27.12638
2023-12-18 16:00:00,15.81764
2023-12-20 14:34:00,-35.0445
2023-12-20 16:00:00,132.8723
2023-12-21 15:28:00,-24.73964
2023-12-21 16:00:00,19.50643
2023-12-22 16:00:00,-1.030715
2023-12-26 16:00:00,2.48829
2023-12-27 16:00:00,-29.44365
2023-12-28 16:00:00,-4.097461
2023-12-29 16:00:00,18.47453
2024-01-02 16:00:00,49.09691
2024-01-03 14:32:00,-30.92333
2024-01-03 15:10:00,-40.60272
2024-01-03 16:00:00,9.81458
2024-01-04 14:31:00,-22.25418
2024-01-04 16:00:00,20.17964
2024-01-05 12:10:00,-22.70972
2024-01-05 16:00:00,6.980167
2024-01-08 16:00:00,129.4728
2024-01-09 16:00:00,61.26993
2024-01-10 10:45:00,-44.31688
2024-01-10 16:00:00,33.3131
2024-01-11 13:55:00,30.94105
2024-01-11 16:00:00,29.70692
2024-01-12 16:00:00,-4.273504
2024-01-16 10:15:00,-33.90834
2024-01-16 12:09:00,-12.6911
2024-01-16 16:00:00,-28.66515
2024-01-17 11:04:00,-13.72192
2024-01-17 13:50:00,-28.59781
2024-01-17 14:32:00,-43.01975
2024-01-17 16:00:00,35.84496
2024-01-18 10:39:00,-39.87112
2024-01-18 12:14:00,-32.97186
2024-01-18 14:17:00,-35.43336
2024-01-18 16:00:00,26.37131
2024-01-19 16:00:00,119.5138
2024-01-22 16:00:00,30.26194
2024-01-23 16:00:00,19.00407
2024-01-24 14:16:00,-13.83946
2024-01-24 16:00:00,30.40416
2024-01-25 12:33:00,-36.80722
2024-01-25 16:00:00,13.72985
2024-01-26 12:50:00,-25.59982
2024-01-26 16:00:00,2.28138
2024-01-29 16:00:00,67.08357
2024-01-30 16:00:00,21.98893
2024-01-31 13:07:00,-16.42083
2024-01-31 15:04:00,-44.00472
2024-01-31 16:00:00,40.0104
2024-02-01 10:56:00,-35.87379
2024-02-01 12:06:00,-36.43672
2024-02-01 16:00:00,50.1347
2024-02-02 16:00:00,106.3087
2024-02-05 12:26:00,-12.02978
2024-02-05 16:00:00,6.50241
2024-02-06 16:00:00,6.648372
2024-02-07 16:00:00,19.93738
2024-02-08 16:00:00,-6.991834
2024-02-09 16:00:00,55.04383
2024-02-12 13:40:00,-31.67709
2024-02-12 16:00:00,29.0024
2024-02-13 13:50:00,-8.484883
2024-02-13 16:00:00,-9.624367
2024-02-14 11:01:00,-45.44116
2024-02-14 13:40:00,-34.9409
2024-02-14 16:00:00,35.38084
2024-02-15 12:40:00,-28.19035
2024-02-15 16:00:00,21.53786
2024-02-16 11:14:00,7.277715
2024-02-16 14:49:00,-33.3338
2024-02-16 16:00:00,24.31107
2024-02-20 15:11:00,36.54702
2024-02-20 16:00:00,16.20792
2024-02-21 12:12:00,-44.37152
2024-02-21 15:45:00,-31.95804
2024-02-21 16:00:00,20.85655
2024-02-22 16:00:00,63.15701
2024-02-23 16:00:00,46.3469
2024-02-26 11:54:00,-44.65031
2024-02-26 16:00:00,-41.9592
2024-02-27 10:21:00,-37.58247
2024-02-27 12:40:00,-40.21522
2024-02-27 14:36:00,-36.20061
2024-02-27 16:00:00,-1.52604
2024-02-28 14:53:00,-36.76419
2024-02-28 16:00:00,-17.47152
2024-02-29 13:13:00,-17.07219
2024-02-29 16:00:00,13.57905
2024-03-01 16:00:00,89.28203
2024-03-04 16:00:00,7.935205
2024-03-05 16:00:00,63.17277
2024-03-06 11:02:00,-20.77303
2024-03-06 14:16:00,-28.60736
2024-03-06 16:00:00,-3.464907
2024-03-07 10:17:00,-46.57123
2024-03-07 16:00:00,44.16101
2024-03-08 11:05:00,-21.64679
2024-03-08 16:00:00,154.3121
2024-03-11 10:35:00,-32.36652
2024-03-11 16:00:00,-4.171824
2024-03-12 10:01:00,-16.37229
2024-03-12 16:00:00,99.18134
2024-03-13 13:32:00,-27.0823
2024-03-13 15:30:00,-49.33304
2024-03-13 16:00:00,-15.23335
2024-03-14 10:32:00,-11.19255
2024-03-14 12:08:00,-43.35674
2024-03-14 16:00:00,-11.77647
2024-03-15 10:40:00,-24.44819
2024-03-15 11:40:00,-41.06097
2024-03-15 16:00:00,5.949334
2024-03-18 11:34:00,-41.23683
2024-03-18 16:00:00,35.12128
2024-03-19 10:51:00,-35.12605
2024-03-19 16:00:00,70.97085
2024-03-20 14:02:00,-28.06335
2024-03-20 16:00:00,93.37374
2024-03-21 11:53:00,-42.43035
2024-03-21 13:55:00,-39.30954
2024-03-21 16:00:00,35.1692
2024-03-22 16:00:00,-1.480504
2024-03-25 16:00:00,6.893103
2024-03-26 16:00:00,48.00561
2024-03-27 15:41:00,-5.008799
2024-03-27 16:00:00,16.23662
2024-03-28 16:00:00,-1.760587
2024-04-01 10:21:00,-21.54708
2024-04-01 16:00:00,15.52041
2024-04-02 12:59:00,-30.58272
2024-04-02 16:00:00,24.88378
2024-04-03 15:16:00,13.64629
2024-04-03 16:00:00,-13.90025
2024-04-04 14:04:00,-39.19984
2024-04-04 16:00:00,222.3304
2024-04-05 16:00:00,60.77189
2024-04-08 10:28:00,-37.77924
2024-04-08 12:15:00,-33.0006
2024-04-08 16:00:00,-13.40813
2024-04-09 15:31:00,6.543075
2024-04-09 16:00:00,18.68725
2024-04-10 09:56:00,-42.64186
2024-04-10 12:16:00,-34.90305
2024-04-10 13:24:00,-47.16005
2024-04-10 13:38:00,-47.62493
2024-04-10 15:26:00,-39.99228
2024-04-10 16:00:00,-5.219493
2024-04-11 11:43:00,-42.15064
2024-04-11 16:00:00,107.7371
2024-04-12 16:00:00,51.02809
2024-04-15 16:00:00,205.4654
2024-04-16 13:32:00,-34.06156
2024-04-16 14:09:00,-52.24748
2024-04-16 16:00:00,-35.95117
2024-04-17 16:00:00,128.6048
2024-04-18 10:12:00,-22.14777
2024-04-18 12:52:00,-14.73255
2024-04-18 16:00:00,43.69538
2024-04-19 10:12:00,-45.83423
2024-04-19 16:00:00,141.5784
2024-04-22 10:22:00,-44.88317
2024-04-22 12:17:00,-19.13598
2024-04-22 16:00:00,41.96088
2024-04-23 16:00:00,52.95763
2024-04-24 16:00:00,33.0196
2024-04-25 16:00:00,114.2857
2024-04-26 16:00:00,47.87586
2024-04-29 13:31:00,-26.00962
2024-04-29 15:04:00,-50.48955
2024-04-29 16:00:00,-39.8116
2024-04-30 11:08:00,-38.30561
2024-04-30 16:00:00,140.6197
2024-05-01 14:02:00,-35.24658
2024-05-01 15:53:00,-0.2855511
2024-05-01 16:00:00,44.54725
2024-05-02 11:04:00,-19.42469
2024-05-02 16:00:00,63.15039
2024-05-03 10:10:00,-33.90726
2024-05-03 11:45:00,-34.85924
2024-05-03 16:00:00,5.41915
2024-05-06 16:00:00,34.04924
2024-05-07 14:21:00,-35.75832
2024-05-07 16:00:00,-7.837314
2024-05-08 16:00:00,16.66414
2024-05-09 10:39:00,-33.9156
2024-05-09 16:00:00,11.54179
2024-05-10 16:00:00,7.663569
2024-05-13 16:00:00,-19.98987
2024-05-14 16:00:00,36.79727
2024-05-15 10:35:00,-46.0455
2024-05-15 16:00:00,79.67107
2024-05-16 14:16:00,-42.9402
2024-05-16 16:00:00,8.303646
2024-05-17 16:00:00,-20.69892
2024-05-20 16:00:00,19.22025
2024-05-21 16:00:00,24.25987
2024-05-22 16:00:00,-9.853397
2024-05-23 16:00:00,107.278
2024-05-24 16:00:00,36.69188
2024-05-28 09:31:00,3.035102
2024-05-28 11:33:00,-39.64045
2024-05-28 14:34:00,-36.84287
2024-05-28 16:00:00,-42.94348
2024-05-29 15:54:00,-21.10069
2024-05-29 16:00:00,-6.516477
2024-05-30 16:00:00,44.94863
2024-05-31 15:35:00,63.46682
2024-05-31 16:00:00,88.55318
2024-06-03 16:00:00,14.32051
2024-06-04 10:16:00,-42.87418
2024-06-04 12:50:00,-38.48379
2024-06-04 16:00:00,27.34474
2024-06-05 16:00:00,101.3979
2024-06-06 16:00:00,-14.70762
2024-06-07 14:13:00,-15.21651
2024-06-07 16:00:00,-6.043328
2024-06-10 16:00:00,31.7552
2024-06-11 10:43:00,-46.01993
2024-06-11 16:00:00,73.81812
2024-06-12 15:33:00,-8.604747
2024-06-12 16:00:00,-22.10882
2024-06-13 16:00:00,-3.063334
2024-06-14 16:00:00,28.01477
2024-06-17 16:00:00,95.38045
2024-06-18 13:51:00,-42.66351
2024-06-18 16:00:00,-13.15822
2024-06-20 16:00:00,70.86839
2024-06-21 11:03:00,-38.11052
2024-06-21 13:37:00,-33.59476
2024-06-21 16:00:00,-12.15493
2024-06-24 10:03:00,-58.1271
2024-06-24 10:31:00,-46.65824
2024-06-24 16:00:00,74.27422
2024-06-25 13:07:00,-17.61051
2024-06-25 13:52:00,-43.22186
2024-06-25 16:00:00,20.82784
2024-06-26 11:13:00,-35.77012
2024-06-26 11:56:00,-54.72643
2024-06-26 15:15:00,-47.06323
2024-06-26 15:57:00,-41.89243
2024-06-26 16:00:00,-5.370838
2024-06-27 10:52:00,-35.11175
2024-06-27 16:00:00,-19.8668
2024-06-28 10:59:00,7.334295
2024-06-28 16:00:00,96.02127
2024-07-01 11:29:00,-28.27912
2024-07-01 16:00:00,50.88421
2024-07-02 16:00:00,88.65204
2024-07-03 16:00:00,56.39005
2024-07-05 16:00:00,53.01516
2024-07-08 16:00:00,-0.8467093
2024-07-09 16:00:00,8.334642
2024-07-10 12:24:00,-42.36419
2024-07-10 16:00:00,44.94976
2024-07-11 16:00:00,189.6781
2024-07-12 15:49:00,30.36548
2024-07-12 16:00:00,10.69909
2024-07-15 12:17:00,-15.24261
2024-07-15 16:00:00,19.86988
2024-07-16 15:55:00,3.761634
2024-07-16 16:00:00,2.184996
2024-07-17 16:00:00,93.28428
2024-07-18 15:51:00,50.22308
2024-07-18 15:56:00,-47.22003
2024-07-18 16:00:00,-12.96217
2024-07-19 10:28:00,-43.28135
2024-07-19 16:00:00,65.39324
2024-07-22 10:08:00,-32.41633
2024-07-22 10:41:00,-47.96645
2024-07-22 11:11:00,-55.36047
2024-07-22 12:57:00,-37.32187
2024-07-22 16:00:00,14.77308
2024-07-23 10:49:00,-37.56536
2024-07-23 11:14:00,-38.95974
2024-07-23 12:25:00,-35.43931
2024-07-23 16:00:00,19.28544
2024-07-24 16:00:00,187.7682
2024-07-25 10:38:00,10.32612
2024-07-25 14:51:00,12.56117
2024-07-25 15:27:00,-41.81804
2024-07-25 15:44:00,-43.20554
2024-07-25 16:00:00,71.36322
2024-07-26 10:02:00,-43.8924
2024-07-26 10:10:00,-51.39711
2024-07-26 10:27:00,-43.27074
2024-07-26 10:34:00,-39.29812
2024-07-26 11:07:00,-41.28819
2024-07-26 15:04:00,-20.36341
2024-07-26 16:00:00,-32.56946
2024-07-29 10:15:00,-23.55987
2024-07-29 12:07:00,-16.99798
2024-07-29 14:04:00,-34.4564
2024-07-29 16:00:00,12.73836
2024-07-30 16:00:00,154.6559
2024-07-31 13:33:00,-8.89244
2024-07-31 14:08:00,-42.6959
2024-07-31 16:00:00,16.69749
2024-08-01 10:20:00,-21.82904
2024-08-01 16:00:00,263.0333
2024-08-02 09:40:00,-53.7352
2024-08-02 09:50:00,-27.99657
2024-08-02 11:39:00,23.64225
2024-08-02 12:58:00,-36.22066
2024-08-02 14:33:00,-39.32539
2024-08-02 15:41:00,-44.95955
2024-08-02 15:58:00,-44.75695
2024-08-02 16:00:00,-5.653824
2024-08-05 14:44:00,184.09
2024-08-05 16:00:00,-38.85415
2024-08-06 09:38:00,-54.23934
2024-08-06 09:54:00,-29.75902
2024-08-06 15:54:00,66.10361
2024-08-06 16:00:00,34.68557
2024-08-07 10:20:00,-45.87342
2024-08-07 10:49:00,-49.60896
2024-08-07 11:20:00,-41.54135
2024-08-07 16:00:00,263.4252
2024-08-08 10:01:00,-24.498
2024-08-08 16:00:00,170.2431
2024-08-09 10:12:00,-38.509
2024-08-09 12:26:00,-27.28513
2024-08-09 13:04:00,-44.56123
2024-08-09 16:00:00,37.62136
2024-08-12 10:11:00,-25.81964
2024-08-12 11:26:00,-25.88728
2024-08-12 11:56:00,-55.00195
2024-08-12 13:02:00,-50.15381
2024-08-12 16:00:00,-25.00168
2024-08-13 16:00:00,105.1448
2024-08-14 11:05:00,3.143254
2024-08-14 12:46:00,-28.5602
2024-08-14 15:00:00,-43.35716
2024-08-14 16:00:00,-1.700636
2024-08-15 16:00:00,91.57887
2024-08-16 16:00:00,23.90479
2024-08-19 10:52:00,-44.50356
2024-08-19 16:00:00,114.0762
2024-08-20 10:14:00,-39.43089
2024-08-20 14:25:00,-17.3981
2024-08-20 16:00:00,-26.42939
2024-08-21 10:54:00,-34.05079
2024-08-21 14:02:00,-53.45706
2024-08-21 16:00:00,-14.67269
2024-08-22 16:00:00,177.1676
2024-08-23 10:48:00,-25.22863
2024-08-23 11:42:00,-23.26905
2024-08-23 11:47:00,-48.70109
2024-08-23 15:26:00,-38.03583
2024-08-23 16:00:00,-2.147197
2024-08-26 16:00:00,63.01509
2024-08-27 09:54:00,-40.21999
2024-08-27 16:00:00,60.1523
2024-08-28 16:00:00,84.24277
2024-08-29 10:20:00,-9.966268
2024-08-29 10:34:00,-40.28854
2024-08-29 14:12:00,-27.2608
2024-08-29 16:00:00,91.07515
2024-08-30 10:27:00,-37.25488
2024-08-30 15:25:00,-11.90979
2024-08-30 16:00:00,33.3845
2024-09-03 16:00:00,197.2183
2024-09-04 10:02:00,-50.00462
2024-09-04 10:10:00,-58.3446
2024-09-04 14:47:00,-4.218631
2024-09-04 16:00:00,-0.7913271
2024-09-05 10:52:00,19.37831
2024-09-05 14:52:00,-16.841
2024-09-05 15:17:00,-56.08606
2024-09-05 16:00:00,-25.88963
2024-09-06 16:00:00,230.3702
2024-09-09 10:29:00,-38.25012
2024-09-09 12:05:00,-16.51339
2024-09-09 14:32:00,-32.57023
2024-09-09 15:43:00,-40.6105
2024-09-09 16:00:00,11.65173
2024-09-10 13:16:00,-11.47064
2024-09-10 16:00:00,48.22808
2024-09-11 11:40:00,42.48314
2024-09-11 16:00:00,268.519
2024-09-12 10:14:00,-45.03039
2024-09-12 16:00:00,80.71726
2024-09-13 10:32:00,-23.74626
2024-09-13 10:45:00,-41.68704
2024-09-13 16:00:00,8.072163
2024-09-16 09:54:00,-35.39686
2024-09-16 10:32:00,-31.7963
2024-09-16 13:41:00,-30.99374
2024-09-16 16:00:00,9.784358
2024-09-17 10:47:00,-46.88881
2024-09-17 12:17:00,-52.15307
2024-09-17 16:00:00,30.1228
2024-09-18 13:33:00,-34.37621
2024-09-18 15:03:00,-34.38675
2024-09-18 15:28:00,-49.05432
2024-09-18 15:46:00,-64.95836
2024-09-18 16:00:00,18.31242
2024-09-19 10:19:00,-41.52543
2024-09-19 16:00:00,5.356053
2024-09-20 12:51:00,-9.871545
2024-09-20 14:32:00,-41.07007
2024-09-20 15:22:00,-41.23944
2024-09-20 16:00:00,2.995993
2024-09-23 12:54:00,-30.96976
2024-09-23 16:00:00,-19.21349
2024-09-24 11:06:00,-23.20446
2024-09-24 16:00:00,42.06963
2024-09-25 13:02:00,-36.82376
2024-09-25 16:00:00,-18.85201
2024-09-26 16:00:00,27.33212
2024-09-27 16:00:00,31.79298
2024-09-30 12:12:00,-31.71614
2024-09-30 14:16:00,-40.13733
2024-09-30 15:52:00,-38.43912
2024-09-30 16:00:00,15.31677
2024-10-01 14:01:00,90.18495
2024-10-01 16:00:00,-10.25064
2024-10-02 10:04:00,-41.89312
2024-10-02 16:00:00,27.43639
2024-10-03 10:24:00,-26.87131
2024-10-03 11:47:00,-47.87207
2024-10-03 12:48:00,-44.9001
2024-10-03 16:00:00,-16.78819
2024-10-04 12:40:00,-2.357466
2024-10-04 16:00:00,36.59414
2024-10-07 14:32:00,-47.82199
2024-10-07 16:00:00,41.57849
2024-10-08 16:00:00,80.06952
2024-10-09 16:00:00,70.5144
2024-10-10 10:12:00,-43.80784
2024-10-10 16:00:00,12.00686
2024-10-11 16:00:00,29.91846
2024-10-14 11:00:00,-31.98333
2024-10-14 15:38:00,-36.58285
2024-10-14 16:00:00,-11.26181
2024-10-15 16:00:00,116.9584
2024-10-16 10:25:00,-34.20598
2024-10-16 16:00:00,15.75249
2024-10-17 11:58:00,-2.197158
2024-10-17 14:12:00,-36.7333
2024-10-17 16:00:00,22.66018
2024-10-18 16:00:00,-15.2335
2024-10-21 10:41:00,-37.39251
2024-10-21 13:18:00,-19.80561
2024-10-21 16:00:00,15.2519
2024-10-22 16:00:00,42.65982
2024-10-23 16:00:00,81.19213
2024-10-24 13:06:00,-42.26012
2024-10-24 16:00:00,1.594955
2024-10-25 13:22:00,-2.064435
2024-10-25 16:00:00,42.51184
2024-10-28 16:00:00,12.05832
2024-10-29 16:00:00,86.26572
2024-10-30 10:06:00,-37.40361
2024-10-30 13:36:00,-30.73089
2024-10-30 16:00:00,31.67514
2024-10-31 16:00:00,121.8037
2024-11-01 14:00:00,2.853067
2024-11-01 16:00:00,6.200551
2024-11-04 09:47:00,-38.40686
2024-11-04 11:45:00,-14.16114
2024-11-04 13:47:00,-35.32866
2024-11-04 15:37:00,-41.27826
2024-11-04 16:00:00,-0.2489451
2024-11-05 16:00:00,42.5826
2024-11-06 09:49:00,-38.63839
2024-11-06 10:18:00,-36.25071
2024-11-06 16:00:00,62.36681
2024-11-07 16:00:00,55.91423
2024-11-08 16:00:00,-8.352253
2024-11-11 16:00:00,-4.360945
2024-11-12 16:00:00,-8.858442
2024-11-13 11:56:00,-29.36858
2024-11-13 16:00:00,-6.73027
2024-11-14 16:00:00,42.53907
2024-11-15 16:00:00,88.39392
2024-11-18 16:00:00,21.98042
2024-11-19 16:00:00,79.23892
2024-11-20 11:49:00,-1.572746
2024-11-20 13:44:00,-48.14264
2024-11-20 15:31:00,-42.2982
2024-11-20 16:00:00,46.96143
2024-11-21 11:02:00,32.21773
2024-11-21 16:00:00,45.70891
2024-11-22 10:13:00,-50.19888
2024-11-22 10:47:00,-40.33763
2024-11-22 11:22:00,-45.93207
2024-11-22 12:29:00,-45.6621
2024-11-22 16:00:00,1.079396
2024-11-25 09:53:00,-38.35239
2024-11-25 16:00:00,45.77095
2024-11-26 15:57:00,-34.39504
2024-11-26 16:00:00,-7.379108
2024-11-27 14:16:00,3.960776
2024-11-27 16:00:00,-2.281351
2024-11-29 16:00:00,45.34252
2024-12-02 16:00:00,25.98998
2024-12-03 16:00:00,24.02487
2024-12-04 16:00:00,30.50484
2024-12-05 16:00:00,0.4656252
2024-12-06 16:00:00,39.05118
2024-12-09 16:00:00,39.75152
2024-12-10 10:59:00,-35.9029
2024-12-10 16:00:00,46.72571
2024-12-11 16:00:00,63.61411
2024-12-12 16:00:00,-36.02422
2024-12-13 10:29:00,-33.36228
2024-12-13 15:35:00,-6.305026
2024-12-13 16:00:00,-11.11277
2024-12-16 16:00:00,58.68304
2024-12-17 10:17:00,-45.79512
2024-12-17 11:11:00,-41.45078
2024-12-17 15:25:00,-38.78474
2024-12-17 16:00:00,-25.72948
2024-12-18 14:02:00,-40.86498
2024-12-18 16:00:00,328.7172
2024-12-19 11:39:00,-2.775946
2024-12-19 12:13:00,-42.78396
2024-12-19 14:01:00,-32.05165
2024-12-19 14:12:00,-40.28384
2024-12-19 16:00:00,61.83242
2024-12-20 09:50:00,-52.80327
2024-12-20 10:06:00,-46.71354
2024-12-20 16:00:00,129.3913
2024-12-23 11:21:00,-17.25096
2024-12-23 16:00:00,57.90502
2024-12-26 09:31:00,69.53881
2024-12-26 10:39:00,-36.48595
2024-12-26 16:00:00,0.4544164
2024-12-27 13:54:00,54.30602
2024-12-27 16:00:00,21.47161
2024-12-30 10:46:00,-26.626
2024-12-30 16:00:00,19.30231
2024-12-31 10:29:00,-23.82204
2024-12-31 10:51:00,-42.52146
2024-12-31 16:00:00,69.37782
2025-01-02 09:51:00,-8.338814
2025-01-02 10:25:00,-16.31168
2025-01-02 11:50:00,-33.26438
2025-01-02 12:26:00,-44.28356
2025-01-02 16:00:00,35.89038
2025-01-03 09:53:00,-43.66761
2025-01-03 10:06:00,-49.72266
2025-01-03 10:19:00,-52.3939
2025-01-03 11:28:00,-44.69313
2025-01-03 16:00:00,47.18028
2025-01-06 12:43:00,-16.49503
2025-01-06 16:00:00,17.55493
2025-01-07 16:00:00,157.8232
2025-01-08 10:04:00,-45.54953
2025-01-08 10:13:00,-43.12259
2025-01-08 11:38:00,-36.85403
2025-01-08 12:16:00,-41.51318
2025-01-08 13:26:00,-34.99295
2025-01-08 16:00:00,-1.989281
2025-01-10 10:39:00,16.94453
2025-01-10 11:02:00,-41.18694
2025-01-10 13:09:00,-33.49106
2025-01-10 16:00:00,-14.49207
2025-01-13 10:28:00,-40.84869
2025-01-13 10:40:00,-44.39405
2025-01-13 12:01:00,-37.47208
2025-01-13 12:18:00,-41.22966
2025-01-13 16:00:00,60.14983
2025-01-14 09:55:00,-49.1415
2025-01-14 10:14:00,-41.64931
2025-01-14 10:34:00,-43.01712
2025-01-14 13:56:00,1.904263
2025-01-14 14:56:00,-38.68771
2025-01-14 16:00:00,-1.314516
2025-01-15 11:34:00,-10.44454
2025-01-15 13:21:00,-41.58688
2025-01-15 16:00:00,12.401
2025-01-16 11:04:00,-30.63647
2025-01-16 11:43:00,-45.93092
2025-01-16 16:00:00,46.25997
2025-01-17 11:01:00,-27.86388
2025-01-17 16:00:00,3.473308
2025-01-21 11:54:00,-16.17786
2025-01-21 16:00:00,20.76652
2025-01-22 16:00:00,-3.862539
2025-01-23 16:00:00,39.85561
2025-01-24 16:00:00,30.60191
2025-01-27 11:22:00,-1.764519
2025-01-27 16:00:00,-4.470904
2025-01-28 09:58:00,-26.26898
2025-01-28 16:00:00,139.5775
2025-01-29 14:42:00,-31.78891
2025-01-29 16:00:00,-3.598291
2025-01-30 10:04:00,-43.33345
2025-01-30 14:15:00,-10.64901
2025-01-30 15:46:00,-36.4225
2025-01-30 15:57:00,-46.76802
2025-01-30 16:00:00,-9.356266
2025-01-31 13:27:00,-7.891938
2025-01-31 16:00:00,118.9304
2025-02-03 09:55:00,-48.51062
2025-02-03 10:26:00,-61.96664
2025-02-03 16:00:00,44.22391
2025-02-04 12:33:00,21.85513
2025-02-04 13:52:00,-42.80296
2025-02-04 16:00:00,10.97276
2025-02-05 16:00:00,75.93559
2025-02-06 10:49:00,-39.51166
2025-02-06 13:32:00,-42.6579
2025-02-06 14:35:00,-53.81145
2025-02-06 15:52:00,-55.82927
2025-02-06 16:00:00,14.42357
2025-02-07 16:00:00,114.8175
2025-02-10 16:00:00,3.892788
2025-02-11 12:05:00,-38.68915
2025-02-11 16:00:00,-15.97242
2025-02-12 16:00:00,79.8687
2025-02-13 10:04:00,-51.74467
2025-02-13 13:21:00,-19.93075
2025-02-13 14:05:00,-44.27758
2025-02-13 16:00:00,47.94528
2025-02-14 16:00:00,6.875874
2025-02-18 16:00:00,3.261138
2025-02-19 11:13:00,-42.71379
2025-02-19 16:00:00,12.82715
2025-02-20 14:51:00,-1.017536
2025-02-20 16:00:00,13.67881
2025-02-21 16:00:00,177.1355
2025-02-24 11:47:00,23.53104
2025-02-24 15:03:00,-37.11412
2025-02-24 16:00:00,56.28474
2025-02-25 12:42:00,39.93094
2025-02-25 15:55:00,-34.54903
2025-02-25 16:00:00,-10.05751
2025-02-26 12:54:00,-6.109884
2025-02-26 16:00:00,34.21275
2025-02-27 11:20:00,59.46156
2025-02-27 11:45:00,-40.31162
2025-02-27 16:00:00,215.6677
2025-02-28 09:38:00,-50.91016
2025-02-28 12:48:00,7.045162
2025-02-28 14:40:00,-37.62867
2025-02-28 16:00:00,119.1138
2025-03-03 10:32:00,13.69097
2025-03-03 10:59:00,-48.9974
2025-03-03 11:24:00,-49.11886
2025-03-03 11:36:00,-45.65992
2025-03-03 16:00:00,192.3399
2025-03-04 09:44:00,-53.34478
2025-03-04 09:50:00,-49.31574
2025-03-04 09:55:00,-46.49736
2025-03-04 11:51:00,-1.602347
2025-03-04 16:00:00,54.96401
2025-03-05 09:43:00,-33.8854
2025-03-05 09:51:00,-40.37833
2025-03-05 10:02:00,-52.45894
2025-03-05 10:23:00,-68.43958
2025-03-05 12:19:00,-44.05395
2025-03-05 16:00:00,123.7411
2025-03-06 11:45:00,4.428535
2025-03-06 16:00:00,118.042
2025-03-07 10:17:00,-19.11998
2025-03-07 12:47:00,30.72521
2025-03-07 13:00:00,-52.03199
2025-03-07 13:06:00,-68.48456
2025-03-07 16:00:00,77.7357
2025-03-10 16:00:00,170.6941
2025-03-11 10:04:00,-13.85681
2025-03-11 11:14:00,-16.83112
2025-03-11 12:02:00,-44.63656
2025-03-11 14:10:00,-22.67603
2025-03-11 16:00:00,-28.15236
2025-03-12 12:11:00,18.15919
2025-03-12 13:58:00,-46.94358
2025-03-12 14:43:00,-53.42809
2025-03-12 15:43:00,-46.78719
2025-03-12 16:00:00,-19.16051
2025-03-13 10:20:00,-1.282183
2025-03-13 10:44:00,-41.5374
2025-03-13 16:00:00,86.51098
2025-03-14 10:02:00,-37.56708
2025-03-14 10:52:00,-43.09571
2025-03-14 16:00:00,66.28183
2025-03-17 10:05:00,-39.13153
2025-03-17 13:36:00,-25.97896
2025-03-17 16:00:00,26.79644
2025-03-18 12:31:00,32.89725
2025-03-18 12:53:00,-43.49606
2025-03-18 13:15:00,-42.40119
2025-03-18 14:16:00,-42.606
2025-03-18 14:51:00,-46.51462
2025-03-18 16:00:00,-23.14963
2025-03-19 09:56:00,-57.64501
2025-03-19 13:33:00,-17.95858
2025-03-19 14:02:00,-47.72052
2025-03-19 16:00:00,31.23929
2025-03-20 12:23:00,56.84755
2025-03-20 16:00:00,32.71251
2025-03-21 16:00:00,118.0259
2025-03-24 16:00:00,25.47504
2025-03-25 16:00:00,16.7453
2025-03-26 16:00:00,138.5143
2025-03-27 09:56:00,-43.54572
2025-03-27 12:52:00,-15.32443
2025-03-27 15:23:00,-38.1827
2025-03-27 15:52:00,-40.64788
2025-03-27 16:00:00,17.72341
2025-03-28 10:05:00,-48.28192
2025-03-28 16:00:00,190.1582
2025-03-31 09:57:00,-6.941261
2025-03-31 16:00:00,182.1799
2025-04-01 10:09:00,-43.60521
2025-04-01 10:40:00,-27.77634
2025-04-01 14:09:00,13.39878
2025-04-01 15:34:00,-43.48777
2025-04-01 16:00:00,45.22105
2025-04-02 14:31:00,112.6608
2025-04-02 14:41:00,-44.35833
2025-04-02 15:01:00,-46.70051
2025-04-02 15:30:00,-45.26214
2025-04-02 16:00:00,25.25797
2025-04-03 09:45:00,-41.4856
2025-04-03 12:15:00,9.623624
2025-04-03 12:59:00,-43.94183
2025-04-03 16:00:00,93.57314
2025-04-04 09:50:00,-5.925803
2025-04-04 10:10:00,-43.38425
2025-04-04 11:06:00,13.97112
2025-04-04 11:08:00,-49.59067
2025-04-04 11:13:00,-54.84944
2025-04-04 11:28:00,-55.65786
2025-04-04 16:00:00,234.7372
2025-04-07 09:34:00,-58.20121
2025-04-07 09:49:00,-17.63668
2025-04-07 10:37:00,246.183
2025-04-07 10:46:00,-74.65057
2025-04-07 11:16:00,-90.00616
2025-04-07 11:40:00,-80.98923
2025-04-07 12:03:00,-47.34237
2025-04-07 12:28:00,-47.71171
2025-04-07 12:45:00,-57.81425
2025-04-07 13:02:00,-79.93882
2025-04-07 13:04:00,-71.86109
2025-04-07 13:16:00,-84.7812
2025-04-07 16:00:00,42.89207
2025-04-08 09:47:00,-40.04032
2025-04-08 10:56:00,0.5500777
2025-04-08 16:00:00,517.4571
2025-04-09 09:39:00,-36.82895
2025-04-09 09:40:00,-74.79995
2025-04-09 10:16:00,-7.05036
2025-04-09 10:25:00,-63.06605
2025-04-09 10:51:00,-55.65969
2025-04-09 11:26:00,-46.90647
2025-04-09 11:35:00,-58.43096
2025-04-09 12:14:00,-42.20807
2025-04-09 16:00:00,1056.7916
2025-04-10 09:34:00,-49.06667
2025-04-10 09:39:00,-48.03099
2025-04-10 09:52:00,-48.92942
2025-04-10 09:57:00,-61.95853
2025-04-10 10:36:00,-15.35258
2025-04-10 10:50:00,-48.51975
2025-04-10 13:58:00,95.36949
2025-04-10 14:11:00,-51.93049
2025-04-10 14:23:00,-56.68765
2025-04-10 15:31:00,-59.07162
2025-04-10 15:56:00,-71.38875
2025-04-10 16:00:00,-18.09197
2025-04-11 09:40:00,-40.49408
2025-04-11 10:05:00,-9.338332
2025-04-11 10:09:00,-73.5573
2025-04-11 10:19:00,-61.58977
2025-04-11 10:47:00,-20.29633
2025-04-11 11:01:00,-54.68908
2025-04-11 11:41:00,-69.51799
2025-04-11 16:00:00,145.0878
2025-04-14 10:07:00,-7.830956
2025-04-14 10:19:00,-67.42394
2025-04-14 10:30:00,-55.40821
2025-04-14 11:07:00,-37.34462
2025-04-14 14:43:00,27.39259
2025-04-14 15:57:00,-42.97599
2025-04-14 16:00:00,-0.923946
2025-04-15 10:20:00,-24.52909
2025-04-15 11:22:00,-37.34434
2025-04-15 11:40:00,-44.14866
2025-04-15 12:25:00,-41.58114
2025-04-15 12:56:00,-44.68498
2025-04-15 16:00:00,17.50668
2025-04-16 10:43:00,-24.0669
2025-04-16 12:07:00,-37.95855
2025-04-16 16:00:00,97.61417
2025-04-17 09:52:00,-34.89667
2025-04-17 10:09:00,-41.94688
2025-04-17 11:20:00,-16.44178
2025-04-17 11:30:00,-46.93817
2025-04-17 12:18:00,-45.79653
2025-04-17 15:18:00,-32.69836
2025-04-17 16:00:00,-4.083688
2025-04-21 15:57:00,101.8265
2025-04-21 16:00:00,6.700074
2025-04-22 13:24:00,62.29373
2025-04-22 14:38:00,-39.35878
2025-04-22 15:23:00,-45.4663
2025-04-22 15:51:00,-43.21249
2025-04-22 16:00:00,10.48432
2025-04-23 09:39:00,-82.2942
2025-04-23 10:20:00,-47.68955
2025-04-23 10:27:00,-44.62699
2025-04-23 11:21:00,-35.12359
2025-04-23 16:00:00,115.8692
2025-04-24 16:00:00,212.4988
2025-04-25 09:49:00,-41.07678
2025-04-25 10:09:00,-39.81945
2025-04-25 10:24:00,-41.21181
2025-04-25 10:42:00,-43.84713
2025-04-25 16:00:00,89.89461
2025-04-28 09:45:00,-42.82765
2025-04-28 09:58:00,-36.00567
2025-04-28 15:05:00,26.01263
2025-04-28 16:00:00,33.66052
2025-04-29 12:57:00,-1.154201
2025-04-29 13:38:00,-42.58212
2025-04-29 16:00:00,35.76035
2025-04-30 10:15:00,-15.22506
2025-04-30 16:00:00,208.669
2025-05-01 10:01:00,-51.30259
2025-05-01 10:26:00,-51.06404
2025-05-01 11:59:00,-15.64181
2025-05-01 13:25:00,-40.10578
2025-05-01 15:53:00,-41.69319
2025-05-01 16:00:00,33.09307
2025-05-02 10:05:00,-41.03779
2025-05-02 16:00:00,30.31094
2025-05-05 15:58:00,-19.90743
2025-05-05 16:00:00,-6.233481
2025-05-06 10:19:00,-35.50401
2025-05-06 16:00:00,9.568535
2025-05-07 10:55:00,-37.72166
2025-05-07 13:15:00,-23.77538
2025-05-07 13:54:00,-43.04557
2025-05-07 15:43:00,-38.06403
2025-05-07 16:00:00,19.46209
2025-05-08 11:22:00,-23.28158
2025-05-08 15:57:00,13.78745
2025-05-08 16:00:00,1.240402
2025-05-09 16:00:00,30.69573
2025-05-12 12:26:00,-19.59606
2025-05-12 16:00:00,54.71365
2025-05-13 16:00:00,99.11215
2025-05-14 11:30:00,-35.90664
2025-05-14 13:23:00,-36.24586
2025-05-14 14:36:00,-40.71957
2025-05-14 16:00:00,2.804918
2025-05-15 15:27:00,-11.59006
2025-05-15 16:00:00,-42.07738
2025-05-16 13:18:00,-41.172
2025-05-16 16:00:00,20.50159
2025-05-19 16:00:00,102.6778
2025-05-20 10:50:00,-39.43319
2025-05-20 14:29:00,-38.57899
2025-05-20 16:00:00,-37.79236
2025-05-21 13:19:00,3.390623
2025-05-21 16:00:00,112.5539
2025-05-22 09:53:00,-41.89597
2025-05-22 10:57:00,-14.84991
2025-05-22 12:04:00,-45.67827
2025-05-22 15:57:00,-40.0658
2025-05-22 16:00:00,4.128868
2025-05-23 16:00:00,36.23925
2025-05-27 09:31:00,-21.42386
2025-05-27 16:00:00,83.25798
2025-05-28 16:00:00,47.4982
2025-05-29 16:00:00,69.68358
2025-05-30 10:14:00,-51.01921
2025-05-30 12:19:00,-46.78363
2025-05-30 15:02:00,-14.6886
2025-05-30 16:00:00,29.68612
2025-06-02 09:53:00,-22.676
2025-06-02 10:36:00,-30.81105
2025-06-02 16:00:00,60.14809
2025-06-03 16:00:00,43.72975
2025-06-04 11:08:00,-34.55783
2025-06-04 16:00:00,-9.413277
2025-06-05 10:31:00,-24.59996
2025-06-05 12:48:00,-19.72341
2025-06-05 16:00:00,78.93467
2025-06-06 11:21:00,-40.2594
2025-06-06 14:10:00,-38.46993
2025-06-06 16:00:00,-29.51405
2025-06-09 16:00:00,-12.35938
2025-06-10 12:07:00,-47.36945
2025-06-10 16:00:00,29.45205
2025-06-11 10:26:00,-48.57635
2025-06-11 12:12:00,-39.94417
2025-06-11 16:00:00,25.06523
2025-06-12 16:00:00,9.810632
2025-06-13 11:07:00,-34.80987
2025-06-13 14:18:00,-23.54725
2025-06-13 16:00:00,28.20826
2025-06-16 16:00:00,16.77182
2025-06-17 12:57:00,-37.32877
2025-06-17 16:00:00,40.33321
2025-06-18 13:29:00,-13.85183
2025-06-18 16:00:00,17.85044
2025-06-20 09:31:00,-9.57004
2025-06-20 16:00:00,90.05841
2025-06-23 12:26:00,9.946267
2025-06-23 13:21:00,-31.63653
2025-06-23 16:00:00,52.02997
2025-06-24 16:00:00,20.68495
2025-06-25 16:00:00,-2.115012
2025-06-26 16:00:00,35.29776
2025-06-27 13:47:00,-25.56086
2025-06-27 16:00:00,-9.458657
2025-06-30 16:00:00,3.059641
2025-07-01 16:00:00,28.99952
2025-07-02 16:00:00,40.43512
2025-07-04 09:31:00,16.94179
2025-07-07 16:00:00,0.9831553
2025-07-08 12:25:00,-38.94285
2025-07-08 16:00:00,-22.33797
2025-07-09 10:33:00,-40.48495
2025-07-09 16:00:00,-21.52034
2025-07-10 12:01:00,-17.18531
2025-07-10 16:00:00,-4.017503
2025-07-11 16:00:00,-10.11815
2025-07-14 10:22:00,-39.01128
2025-07-14 16:00:00,29.17197
2025-07-15 16:00:00,26.49966
2025-07-16 12:54:00,-24.26551
2025-07-16 16:00:00,18.99634
2025-07-17 16:00:00,45.6764
2025-07-18 16:00:00,-1.937818
2025-07-21 15:59:00,-16.26173
2025-07-21 16:00:00,-6.429559
2025-07-22 16:00:00,4.734798
2025-07-23 16:00:00,26.65234
2025-07-24 13:16:00,-43.32811
2025-07-24 16:00:00,-14.84313
2025-07-25 16:00:00,-10.12955
2025-07-28 16:00:00,-22.71903
2025-07-29 16:00:00,43.82381
2025-07-30 14:58:00,-47.94281
2025-07-30 16:00:00,-11.61713
2025-07-31 16:00:00,111.8826
2025-08-01 10:28:00,1.848992
2025-08-01 12:58:00,-38.07452
2025-08-01 16:00:00,5.787606
2025-08-04 16:00:00,50.2583
2025-08-05 10:23:00,-39.77121
2025-08-05 16:00:00,67.51607
2025-08-06 16:00:00,82.09951
2025-08-07 16:00:00,26.84151
2025-08-08 16:00:00,36.60911
2025-08-11 13:48:00,-40.45988
2025-08-11 16:00:00,22.8973
2025-08-12 10:54:00,-30.47816
2025-08-12 16:00:00,65.92297
2025-08-13 16:00:00,15.63771
2025-08-14 11:27:00,-29.64324
2025-08-14 13:28:00,-38.83922
2025-08-14 16:00:00,-21.37799
2025-08-15 16:00:00,-0.3150566
2025-08-18 16:00:00,-27.81172
2025-08-19 16:00:00,74.22053
2025-08-20 11:31:00,42.34018
2025-08-20 16:00:00,43.27373
2025-08-21 10:14:00,-49.28499
2025-08-21 11:16:00,-35.84345
2025-08-21 16:00:00,-2.261737
2025-08-22 16:00:00,114.8192
2025-08-25 16:00:00,-20.06987
2025-08-26 10:24:00,-45.12241
2025-08-26 16:00:00,19.11477
2025-08-27 16:00:00,9.004619
2025-08-28 10:49:00,-40.54068
2025-08-28 16:00:00,22.24424
2025-08-29 16:00:00,39.14579
2025-09-02 11:08:00,-3.889663
2025-09-02 13:36:00,-26.91397
2025-09-02 16:00:00,36.75916
2025-09-03 13:45:00,-33.03777
2025-09-03 16:00:00,-30.68797
2025-09-04 10:40:00,-36.79686
2025-09-04 16:00:00,59.82806
2025-09-05 16:00:00,40.56752
2025-09-08 12:49:00,-33.40454
2025-09-08 16:00:00,-3.992561
2025-09-09 13:14:00,-33.86372
2025-09-09 16:00:00,6.498339
2025-09-10 16:00:00,9.624538
2025-09-11 16:00:00,-7.074932
2025-09-12 16:00:00,6.225293
2025-09-17 14:05:00,-30.48528
2025-09-17 14:14:00,-47.18585
2025-09-17 15:07:00,-29.08752
2025-09-17 16:00:00,4.231778
2025-09-18 10:06:00,-44.48914
2025-09-18 16:00:00,-9.707854
2025-09-19 16:00:00,15.81306
2025-09-22 16:00:00,33.51361
2025-09-23 16:00:00,26.60883
2025-09-24 16:00:00,10.90182
2025-09-25 10:07:00,-36.50269
2025-09-25 13:59:00,-7.233236
2025-09-25 14:42:00,-43.32888
2025-09-25 16:00:00,1.725678
2025-09-26 10:09:00,-28.85871
2025-09-26 12:26:00,-21.0212
2025-09-26 16:00:00,22.59853
2025-09-29 11:19:00,-31.36618
2025-09-29 16:00:00,12.7669
2025-09-30 13:26:00,-36.94755
2025-09-30 14:49:00,-42.6422
2025-09-30 16:00:00,20.92871
2025-10-01 10:21:00,-48.91508
2025-10-01 16:00:00,61.95251
2025-10-02 14:27:00,-21.44895
2025-10-02 16:00:00,-1.493236
2025-10-03 16:00:00,33.69051
2025-10-06 16:00:00,-10.2141
2025-10-07 16:00:00,50.35357
2025-10-08 16:00:00,48.89563
2025-10-09 16:00:00,-25.86284
2025-10-10 16:00:00,340.9068
2025-10-13 09:52:00,-37.66193
2025-10-13 10:54:00,-33.59755
2025-10-13 11:22:00,-41.17968
2025-10-13 16:00:00,19.70126
2025-10-14 09:58:00,-24.27383
2025-10-14 16:00:00,75.59571
2025-10-15 11:38:00,-13.7949
2025-10-15 16:00:00,20.12032
2025-10-16 11:30:00,-37.11406
2025-10-16 16:00:00,80.39709
2025-10-17 09:53:00,-43.13051
2025-10-17 10:58:00,-11.29078
2025-10-17 11:58:00,-38.14945
2025-10-17 16:00:00,49.66721
2025-10-20 16:00:00,8.80212
2025-10-21 16:00:00,-7.901625
2025-10-22 10:28:00,-40.94065
2025-10-22 16:00:00,54.21615
2025-10-23 16:00:00,53.74632
2025-10-24 13:49:00,-46.66608
2025-10-24 16:00:00,-21.90452
2025-10-27 16:00:00,13.88621
2025-10-28 16:00:00,16.36849
2025-10-29 16:00:00,-25.55862
2025-10-30 09:52:00,-45.12826
2025-10-30 10:55:00,-40.3276
2025-10-30 16:00:00,46.74245
2025-10-31 10:48:00,-42.39442
2025-10-31 11:51:00,-39.06362
2025-10-31 15:36:00,-16.39627
2025-10-31 16:00:00,-47.09802
2025-11-03 16:00:00,20.35278
2025-11-04 11:28:00,-6.210457
2025-11-04 16:00:00,65.63872
2025-11-05 16:00:00,54.97993
2025-11-06 16:00:00,121.3407
2025-11-07 10:17:00,-13.90014
2025-11-07 10:35:00,-42.24171
2025-11-07 13:41:00,-7.320864
2025-11-07 16:00:00,87.08462
2025-11-10 12:52:00,-27.29808
2025-11-10 16:00:00,35.90804
2025-11-11 12:54:00,-24.75708
2025-11-11 16:00:00,13.86096
2025-11-12 15:53:00,-20.41235
2025-11-12 16:00:00,-9.454375
2025-11-13 10:11:00,-28.97522
2025-11-13 10:36:00,-48.05425
2025-11-13 16:00:00,86.00685
2025-11-14 16:00:00,133.1974
2025-11-17 10:10:00,6.482368
2025-11-17 11:50:00,-28.50394
2025-11-17 12:47:00,-42.43563
2025-11-17 16:00:00,64.17422
2025-11-18 09:44:00,-45.27488
2025-11-18 11:28:00,21.27164
2025-11-18 12:32:00,-43.54755
2025-11-18 12:41:00,-48.83569
2025-11-18 16:00:00,-22.62512
2025-11-19 10:58:00,43.26767
2025-11-19 15:21:00,-3.228573
2025-11-19 16:00:00,-24.9125
2025-11-20 10:18:00,-36.61807
2025-11-20 10:37:00,-42.11656
2025-11-20 10:57:00,-38.08224
2025-11-20 16:00:00,412.9597
2025-11-21 09:56:00,-55.59927
2025-11-21 10:02:00,-50.45253
2025-11-21 11:31:00,-7.140566
2025-11-21 16:00:00,57.394
2025-11-24 16:00:00,120.8524
2025-11-25 10:01:00,-18.5686
2025-11-25 10:05:00,-55.80402
2025-11-25 10:32:00,-56.11718
2025-11-25 16:00:00,105.1614
2025-11-26 11:01:00,-40.23126
2025-11-26 16:00:00,10.98216
2025-12-01 09:31:00,12.37575
2025-12-01 09:56:00,-51.25561
2025-12-01 16:00:00,22.19285
2025-12-02 11:15:00,-19.93317
2025-12-02 14:53:00,-37.30247
2025-12-02 16:00:00,-11.41252
2025-12-03 16:00:00,41.28835
2025-12-04 11:59:00,-29.9208
2025-12-04 14:22:00,-45.23475
2025-12-04 16:00:00,-39.17267
2025-12-05 10:58:00,-27.03986
2025-12-05 16:00:00,-0.09717984
2025-12-08 16:00:00,28.26176
2025-12-09 16:00:00,13.92825
2025-12-10 12:57:00,-48.13384
2025-12-10 16:00:00,48.00062
2025-12-11 10:22:00,-20.36799
2025-12-11 10:52:00,-42.80312
2025-12-11 11:48:00,-44.16484
2025-12-11 11:58:00,-44.06836
2025-12-11 12:18:00,-43.87084
2025-12-11 16:00:00,51.00794
2025-12-12 16:00:00,116.8284
2025-12-15 11:27:00,15.4173
2025-12-15 11:38:00,-41.57222
2025-12-15 16:00:00,27.03535
2025-12-16 09:52:00,-61.56279
2025-12-16 10:23:00,-44.27288
2025-12-16 12:04:00,-35.97554
2025-12-16 12:45:00,-42.91632
2025-12-16 13:52:00,-40.0012
2025-12-16 14:20:00,-43.5272
2025-12-16 14:53:00,-43.31733
2025-12-16 16:00:00,13.44715
2025-12-17 16:00:00,163.3394
2025-12-18 10:02:00,-30.53193
2025-12-18 10:14:00,-40.61827
2025-12-18 10:28:00,-49.02009
2025-12-18 12:12:00,-27.74788
2025-12-18 12:46:00,-37.43019
2025-12-18 14:35:00,-37.88252
2025-12-18 16:00:00,-2.475689
2025-12-19 16:00:00,27.63595
2025-12-22 16:00:00,-10.81429
2025-12-23 11:47:00,-42.00984
2025-12-23 16:00:00,21.25677
2025-12-25 09:31:00,-5.602944
2025-12-26 16:00:00,-9.093284
2025-12-29 10:11:00,-43.80227
2025-12-29 14:57:00,-32.6069
2025-12-29 16:00:00,-10.67194
2025-12-30 16:00:00,-34.83036
2025-12-31 16:00:00,44.68214
2026-01-02 10:13:00,-39.01852
2026-01-02 16:00:00,105.6263
2026-01-05 10:21:00,-42.26427
2026-01-05 13:18:00,-32.14933
2026-01-05 16:00:00,-3.029829
2026-01-06 11:08:00,-23.23976
2026-01-06 12:36:00,-42.4943
2026-01-06 16:00:00,20.96314
2026-01-07 15:33:00,-21.43002
2026-01-07 16:00:00,2.998907
2026-01-08 16:00:00,-17.45473
2026-01-09 10:10:00,-47.84271
2026-01-09 10:21:00,-51.19304
2026-01-09 16:00:00,63.54411
2026-01-12 16:00:00,18.23972
2026-01-13 10:04:00,-51.74632
2026-01-13 11:44:00,-26.249
2026-01-13 12:59:00,-37.05664
2026-01-13 16:00:00,-10.14395
2026-01-14 09:43:00,-45.48188
2026-01-14 15:35:00,18.6071
2026-01-14 16:00:00,8.588885
2026-01-15 16:00:00,41.62351
2026-01-16 16:00:00,42.64475
2026-01-20 09:31:00,28.429
2026-01-20 12:47:00,-28.89917
2026-01-20 16:00:00,51.93187
2026-01-21 11:47:00,20.0111
2026-01-21 14:29:00,-30.8465
2026-01-21 16:00:00,42.18494
2026-01-22 11:22:00,-22.15758
2026-01-22 15:38:00,-31.1663
2026-01-22 16:00:00,-28.62586
2026-01-23 16:00:00,26.29734
2026-01-26 16:00:00,6.194587
2026-01-27 16:00:00,18.53791
2026-01-28 16:00:00,17.75097
2026-01-29 12:25:00,85.75046
2026-01-29 16:00:00,58.4354
2026-01-30 10:48:00,-39.30757
2026-01-30 11:18:00,-44.26486
2026-01-30 16:00:00,51.62978
2026-02-02 16:00:00,60.40562
2026-02-03 16:00:00,145.2334
2026-02-04 09:55:00,-39.65123
2026-02-04 16:00:00,99.42366
2026-02-05 10:01:00,-18.23549
2026-02-05 11:30:00,-2.018652
2026-02-05 13:52:00,-38.95213
2026-02-05 14:13:00,-45.58809
2026-02-05 14:53:00,-44.07019
2026-02-05 15:09:00,-40.92258
2026-02-05 15:23:00,-45.59807
2026-02-05 16:00:00,12.36382
2026-02-06 10:03:00,-6.241443
2026-02-06 10:28:00,-34.34938
2026-02-06 16:00:00,97.57567
2026-02-09 16:00:00,100.0528
2026-02-10 09:57:00,-32.79952
2026-02-10 12:03:00,-29.24581
2026-02-10 16:00:00,37.23236
2026-02-11 12:44:00,26.3189
2026-02-11 16:00:00,-6.621797
2026-02-12 16:00:00,201.8893
2026-02-13 09:47:00,-49.63533
2026-02-13 15:29:00,-12.09555
2026-02-13 16:00:00,-11.90837
2026-02-17 09:31:00,-24.81163
2026-02-17 09:47:00,-36.55421
2026-02-17 11:03:00,5.77689
2026-02-17 16:00:00,50.19673
2026-02-18 14:38:00,29.05691
2026-02-18 16:00:00,-8.120382
2026-02-19 11:52:00,-24.8134
2026-02-19 16:00:00,-15.91202
2026-02-20 12:21:00,47.76926
2026-02-20 12:54:00,-42.72776
2026-02-20 16:00:00,17.17818
2026-02-23 16:00:00,64.58342
2026-02-24 09:42:00,-47.42787
2026-02-24 16:00:00,76.89521
2026-02-25 16:00:00,33.99411
2026-02-26 16:00:00,59.74083
2026-02-27 09:50:00,-50.50658
2026-02-27 13:23:00,-17.05184
2026-02-27 15:23:00,-41.59717
2026-02-27 16:00:00,5.303182
2026-03-02 16:00:00,112.0383
2026-03-03 09:39:00,-45.76216
2026-03-03 09:50:00,-47.68427
2026-03-03 11:07:00,-9.276722
2026-03-03 16:00:00,85.85745
2026-03-04 10:02:00,-47.08155
2026-03-04 16:00:00,61.0794
2026-03-05 10:25:00,-34.89968
2026-03-05 12:06:00,-21.95105
2026-03-05 12:12:00,-40.91873
2026-03-05 15:56:00,-7.697537
2026-03-05 16:00:00,8.191072
2026-03-06 10:02:00,-46.39688
2026-03-06 15:13:00,1.111616
2026-03-06 16:00:00,29.80822
2026-03-09 10:06:00,-15.65682
2026-03-09 10:13:00,-56.50122
2026-03-09 10:26:00,-51.27362
2026-03-09 16:00:00,219.6892
2026-03-10 10:35:00,-31.34451
2026-03-10 14:19:00,-5.390782
2026-03-10 16:00:00,17.08002
2026-03-11 10:02:00,-60.14347
2026-03-11 10:25:00,-59.28736
2026-03-11 16:00:00,16.28388
2026-03-12 12:24:00,2.426277
2026-03-12 13:57:00,-50.76193
2026-03-12 16:00:00,17.278
2026-03-13 10:17:00,-27.29837
2026-03-13 16:00:00,105.944
2026-03-16 10:40:00,-46.65441
2026-03-16 15:11:00,-58.43919
2026-03-16 15:50:00,-55.4771
2026-03-16 16:00:00,-9.230145
2026-03-17 10:19:00,-44.79126
2026-03-17 16:00:00,-3.833466
2026-03-18 10:16:00,-40.76402
2026-03-18 16:00:00,97.66674
2026-03-19 11:38:00,-16.87358
2026-03-19 12:04:00,-43.12597
2026-03-19 13:09:00,-41.10483
2026-03-19 14:15:00,-44.44945
2026-03-19 16:00:00,23.04406
2026-03-20 16:00:00,101.8
2026-03-23 11:42:00,-1.426316
2026-03-23 16:00:00,55.63424
2026-03-24 10:11:00,-27.26231
2026-03-24 13:07:00,-34.60315
2026-03-24 14:40:00,-56.01199
2026-03-24 15:54:00,-49.22565
2026-03-24 16:00:00,-5.06052
2026-03-25 09:51:00,-38.85495
2026-03-25 10:23:00,-26.51624
2026-03-25 11:14:00,-37.0654
2026-03-25 13:45:00,-33.51371
2026-03-25 14:57:00,-60.57263
2026-03-25 16:00:00,-18.60111
2026-03-26 10:47:00,-21.71912
2026-03-26 16:00:00,138.0611
2026-03-27 11:33:00,-10.82125
2026-03-27 12:27:00,-43.98003
2026-03-27 16:00:00,75.68177
2026-03-30 11:06:00,12.47641
2026-03-30 11:17:00,-46.33782
2026-03-30 11:39:00,-43.87188
2026-03-30 12:09:00,-40.04913
2026-03-30 16:00:00,76.98906
2026-03-31 10:51:00,-14.3724
2026-03-31 11:16:00,-40.72712
2026-03-31 16:00:00,155.2396
2026-04-01 09:45:00,-30.13421
2026-04-01 10:17:00,-46.63627
2026-04-01 14:23:00,-5.272626
2026-04-01 16:00:00,-13.24024
2026-04-02 09:55:00,-41.29054
2026-04-02 16:00:00,163.0144
2026-04-06 09:49:00,-48.44761
2026-04-06 10:06:00,-32.41624
2026-04-06 16:00:00,-29.74291
2026-04-07 12:04:00,-11.89947
2026-04-07 14:57:00,-45.06087
2026-04-07 15:20:00,-54.71232
2026-04-07 16:00:00,64.94646
2026-04-08 12:42:00,-9.062572
2026-04-08 14:43:00,-38.60543
2026-04-08 16:00:00,-20.37636
2026-04-09 11:17:00,-38.50655
2026-04-09 16:00:00,62.56974
2026-04-10 11:56:00,-43.03214
2026-04-10 16:00:00,-2.17574
2026-04-13 16:00:00,105.5537
2026-04-14 16:00:00,81.81545
2026-04-15 16:00:00,101.9225
2026-04-16 10:47:00,-35.14705
2026-04-16 14:28:00,-14.76685
2026-04-16 15:51:00,-42.28049
2026-04-16 16:00:00,0.6608013
2026-04-17 16:00:00,29.53437
