0,es_base,es_filt,nq_base,nq_filt
2018-01-02 16:00:00-05:00,100082.2908,100000.0,100140.1978,100000.0
2018-01-03 16:00:00-05:00,100160.0907,100077.736,100268.1914,100127.8144
2018-01-04 16:00:00-05:00,100037.8844,100077.736,100268.1914,100127.8144
2018-01-05 16:00:00-05:00,100123.3734,100163.2591,100393.7151,100253.1624
2018-01-08 16:00:00-05:00,100195.8133,100235.7278,100497.599,100356.9008
2018-01-09 16:00:00-05:00,100284.6558,100324.6057,100250.4741,100110.1219
2018-01-10 16:00:00-05:00,100406.1876,100446.1859,99940.9938,99801.0749
2018-01-11 16:00:00-05:00,100508.6254,100548.6645,100064.8871,99924.7947
2018-01-12 16:00:00-05:00,100592.7876,100548.6645,100176.9037,99924.7947
2018-01-16 16:00:00-05:00,100880.4992,100836.25,100740.5189,100486.9915
2018-01-17 16:00:00-05:00,101055.6169,101011.2908,100977.2271,100723.104
2018-01-18 16:00:00-05:00,101187.7963,101143.4122,100579.8147,100326.6918
2018-01-19 16:00:00-05:00,100899.9368,100855.679,100751.3701,100497.8155
2018-01-22 16:00:00-05:00,101002.8436,100958.5406,100886.2581,100632.364
2018-01-23 16:00:00-05:00,100901.9061,100857.6474,101052.1618,100797.8502
2018-01-24 16:00:00-05:00,100634.6747,100590.5333,100697.3411,100443.9224
2018-01-25 16:00:00-05:00,100373.9205,100329.8934,100565.1326,100312.0466
2018-01-26 16:00:00-05:00,100531.7907,100329.8934,100800.3184,100312.0466
2018-01-29 16:00:00-05:00,100206.12,100004.8768,100366.3001,99880.1307
2018-01-30 16:00:00-05:00,99770.0085,100004.8768,100166.6354,99880.1307
2018-01-31 16:00:00-05:00,99966.3742,100201.7049,100394.4204,100107.2643
2018-02-01 16:00:00-05:00,99527.3437,100201.7049,99809.049,100107.2643
2018-02-02 16:00:00-05:00,99763.2648,100439.2245,100121.9921,100421.1424
2018-02-05 16:00:00-05:00,99127.9387,100439.2245,99245.4979,100421.1424
2018-02-06 16:00:00-05:00,99435.7378,100751.0953,99733.8529,100915.2823
2018-02-07 16:00:00-05:00,98498.3745,99801.3323,98728.1976,99897.7142
2018-02-08 16:00:00-05:00,98979.2215,100288.54,99211.4837,100386.7252
2018-02-09 16:00:00-05:00,99465.5525,100288.54,99700.4821,100386.7252
2018-02-12 16:00:00-05:00,99015.4504,99834.7138,99055.2623,99737.0644
2018-02-13 16:00:00-05:00,99409.0338,100231.5537,99517.1863,100202.1677
2018-02-14 16:00:00-05:00,99741.1111,100566.3787,99872.3763,100559.8025
2018-02-15 16:00:00-05:00,100036.9829,100864.6985,100239.9398,100929.896
2018-02-16 16:00:00-05:00,100277.1278,101106.8304,99634.8281,100320.6193
2018-02-20 16:00:00-05:00,99938.8921,100765.7961,100273.6432,100963.8314
2018-02-21 16:00:00-05:00,100181.1152,101010.0234,100581.5767,101273.8844
2018-02-22 16:00:00-05:00,99474.0555,100297.1134,99802.8744,100489.8222
2018-02-23 16:00:00-05:00,98866.5715,100297.1134,99112.2683,100489.8222
2018-02-26 16:00:00-05:00,98407.3152,99831.2119,99312.5335,100692.8709
2018-02-27 16:00:00-05:00,98008.7491,99831.2119,98881.0996,100692.8709
2018-02-28 16:00:00-05:00,98285.6273,100113.2387,99181.6724,100998.951
2018-03-01 16:00:00-05:00,97565.4036,100113.2387,99609.6394,100998.951
2018-03-02 16:00:00-05:00,98021.4929,100581.2384,100097.3058,101493.4191
2018-03-05 16:00:00-05:00,98370.2724,100581.2384,99206.5643,101493.4191
2018-03-06 16:00:00-05:00,97905.5661,100106.0874,98542.7389,100814.2915
2018-03-07 16:00:00-05:00,97357.9287,99546.1413,97934.4386,100191.969
2018-03-08 16:00:00-05:00,97580.6944,99773.9139,97612.4662,99862.5747
2018-03-09 16:00:00-05:00,97812.2261,99773.9139,97865.6474,99862.5747
2018-03-12 16:00:00-04:00,97835.6255,99797.7826,97490.5395,99479.8128
2018-03-13 16:00:00-04:00,98011.1944,99976.8726,97700.6747,99694.2357
2018-03-14 16:00:00-04:00,98237.572,100207.7904,97984.2395,99983.5866
2018-03-15 16:00:00-04:00,97761.6833,99722.3573,98247.4702,100252.1885
2018-03-16 16:00:00-04:00,97398.7716,99352.1672,98444.9872,100453.7358
2018-03-19 16:00:00-04:00,97572.7081,99529.5922,98696.7841,100710.6705
2018-03-20 16:00:00-04:00,97480.2347,99435.2641,98065.4188,100066.4224
2018-03-21 16:00:00-04:00,97642.0352,99600.3097,98291.3081,100296.9209
2018-03-22 16:00:00-04:00,96916.2409,98859.9591,97431.1775,99419.2396
2018-03-23 16:00:00-04:00,97256.9877,99207.5398,97870.2319,99867.2527
2018-03-26 16:00:00-04:00,97711.0584,99670.7172,98349.6761,100356.4799
2018-03-27 16:00:00-04:00,97069.8078,99670.7172,98775.9125,100356.4799
2018-03-28 16:00:00-04:00,96088.2635,98662.8732,97780.3785,99345.0159
2018-03-29 16:00:00-04:00,96498.7515,99084.3599,98260.4207,99832.7394
2018-04-02 16:00:00-04:00,96845.7146,99084.3599,98740.6575,99832.7394
2018-04-03 16:00:00-04:00,95961.7661,98179.9784,97743.8602,98824.9174
2018-04-04 16:00:00-04:00,96430.2672,98179.9784,98223.8237,98824.9174
2018-04-05 16:00:00-04:00,96292.0992,98039.3033,97883.8035,98482.8164
2018-04-06 16:00:00-04:00,96605.2361,98358.1221,98305.8274,98907.4229
2018-04-09 16:00:00-04:00,96994.331,98754.2771,98785.9651,99390.4988
2018-04-10 16:00:00-04:00,97355.6592,99122.1615,97871.2861,98470.2224
2018-04-11 16:00:00-04:00,96967.8026,98727.2673,98267.4342,98868.7947
2018-04-12 16:00:00-04:00,96516.7418,98268.0221,98123.1814,98723.6592
2018-04-13 16:00:00-04:00,96769.9955,98268.0221,98426.45,98723.6592
2018-04-16 16:00:00-04:00,96982.5068,98483.8231,98183.2287,98479.7034
2018-04-17 16:00:00-04:00,97171.2909,98675.5296,98454.441,98751.7347
2018-04-18 16:00:00-04:00,96799.2969,98297.777,97998.0526,98293.9682
2018-04-19 16:00:00-04:00,96966.8842,98467.9586,97517.7229,97812.1881
2018-04-20 16:00:00-04:00,97144.205,98648.0245,97796.4458,98091.7526
2018-04-23 16:00:00-04:00,96693.2082,98190.046,98070.3479,98366.4818
2018-04-24 16:00:00-04:00,96912.202,98190.046,98398.063,98366.4818
2018-04-25 16:00:00-04:00,97178.5038,98459.8592,98187.1218,98155.6083
2018-04-26 16:00:00-04:00,97462.1169,98747.2119,98646.0177,98614.3569
2018-04-27 16:00:00-04:00,97667.8996,98747.2119,99029.4571,98614.3569
2018-04-30 16:00:00-04:00,97834.8123,98915.9692,98409.8369,97997.334
2018-05-01 16:00:00-04:00,98060.1255,98915.9692,98746.1868,97997.334
2018-05-02 16:00:00-04:00,97705.6183,98558.3679,98167.3485,97422.8854
2018-05-03 16:00:00-04:00,97974.5783,98558.3679,98518.627,97422.8854
2018-05-04 16:00:00-04:00,98268.2588,98853.7983,98894.5969,97794.6737
2018-05-07 16:00:00-04:00,97972.2441,98556.0198,98383.3471,97289.1102
2018-05-08 16:00:00-04:00,97580.2813,98161.7215,97834.7596,96746.6241
2018-05-09 16:00:00-04:00,97130.4328,97709.1926,97264.9262,96183.1285
2018-05-10 16:00:00-04:00,97291.8257,97871.5471,97455.8695,96371.9481
2018-05-11 16:00:00-04:00,96964.4183,97871.5471,97058.083,96371.9481
2018-05-14 16:00:00-04:00,97088.2346,97996.5218,96668.4633,95985.0828
2018-05-15 16:00:00-04:00,96717.1328,97621.9482,96185.1898,95505.2257
2018-05-16 16:00:00-04:00,96878.2319,97784.5544,96407.9081,95726.3695
2018-05-17 16:00:00-04:00,97026.6631,97934.3743,96594.2,95911.3444
2018-05-18 16:00:00-04:00,97006.0774,97913.5959,96148.9333,95469.2254
2018-05-21 16:00:00-04:00,96691.622,97596.1987,96350.1186,95668.9885
2018-05-22 16:00:00-04:00,96823.8976,97729.7118,96554.2488,95871.6756
2018-05-23 16:00:00-04:00,96496.4459,97399.1967,96115.1794,95435.7102
2018-05-24 16:00:00-04:00,96683.7162,97588.2189,95583.1467,94907.4386
2018-05-25 16:00:00-04:00,96340.4616,97588.2189,95414.1014,94907.4386
2018-05-29 16:00:00-04:00,95734.6605,96796.878,95742.4418,95031.2089
2018-05-30 16:00:00-04:00,95961.9338,97026.6729,95813.2941,95101.5348
2018-05-31 16:00:00-04:00,96113.7699,97180.1937,95424.7706,94715.8976
2018-06-01 16:00:00-04:00,96304.402,97180.1937,95648.9843,94715.8976
2018-06-04 16:00:00-04:00,96304.402,97180.1937,95810.511,94875.8486
2018-06-05 16:00:00-04:00,96106.8914,97180.1937,95522.8069,94875.8486
2018-06-06 16:00:00-04:00,96215.6091,97290.1256,95663.7579,95015.845
2018-06-07 16:00:00-04:00,96322.0559,97397.7612,95825.0566,95176.0512
2018-06-08 16:00:00-04:00,96466.3546,97397.7612,95366.4887,95176.0512
2018-06-11 16:00:00-04:00,96573.6778,97506.1206,95511.3734,95320.6467
2018-06-12 16:00:00-04:00,96365.1933,97295.6231,95640.2734,95449.2893
2018-06-13 16:00:00-04:00,96168.0087,97096.5346,95765.8976,95574.6626
2018-06-14 16:00:00-04:00,95849.002,96774.4478,96015.962,95824.2276
2018-06-15 16:00:00-04:00,95539.846,96462.3069,95971.488,95779.8424
2018-06-18 16:00:00-04:00,95698.4895,96622.4822,96170.6199,95978.5767
2018-06-19 16:00:00-04:00,95327.3661,96247.7754,95652.768,95461.7589
2018-06-20 16:00:00-04:00,95307.3256,96227.5414,95853.3822,95661.9725
2018-06-21 16:00:00-04:00,95419.838,96341.1402,96042.563,95850.7755
2018-06-22 16:00:00-04:00,95468.9003,96390.6762,95510.8803,95320.1545
2018-06-25 16:00:00-04:00,95643.2239,96566.6829,95768.9462,95577.7051
2018-06-26 16:00:00-04:00,95439.0765,96566.6829,95481.3463,95577.7051
2018-06-27 16:00:00-04:00,95057.2862,96180.3818,95736.7574,95833.374
2018-06-28 16:00:00-04:00,95333.5507,96459.9103,96128.2369,96225.2486
2018-06-29 16:00:00-04:00,94886.5608,96459.9103,95555.8327,96225.2486
2018-07-02 16:00:00-04:00,95100.519,96459.9103,95822.0334,96225.2486
2018-07-05 16:00:00-04:00,95647.293,96887.7039,95501.1748,95703.0396
2018-07-06 16:00:00-04:00,95800.5181,97042.9161,95708.7815,95911.0851
2018-07-09 16:00:00-04:00,95934.1838,97178.3153,95280.9982,95482.3976
2018-07-10 16:00:00-04:00,95694.9527,96935.9817,94963.7844,95164.5133
2018-07-11 16:00:00-04:00,95405.8577,96643.1376,94560.9359,94760.8133
2018-07-12 16:00:00-04:00,95561.9461,96801.2502,94759.009,94959.305
2018-07-13 16:00:00-04:00,95684.1934,96801.2502,94706.0011,94959.305
2018-07-16 16:00:00-04:00,95457.2492,96571.6564,94416.167,94668.6958
2018-07-17 16:00:00-04:00,95548.9553,96664.4332,94594.0972,94847.1019
2018-07-18 16:00:00-04:00,95331.9083,96444.8523,94594.0972,94847.1019
2018-07-19 16:00:00-04:00,95331.9083,96444.8523,94486.3623,94739.0788
2018-07-20 16:00:00-04:00,95435.5537,96549.7077,94647.8864,94901.0349
2018-07-23 16:00:00-04:00,95534.2757,96649.5822,94827.6531,95081.2825
2018-07-24 16:00:00-04:00,95287.8569,96400.2866,95027.9883,95282.1535
2018-07-25 16:00:00-04:00,95407.7103,96521.5392,95204.7965,95459.4346
2018-07-26 16:00:00-04:00,95131.1341,96241.7342,94740.5225,94993.9188
2018-07-27 16:00:00-04:00,95237.0139,96241.7342,94928.1884,94993.9188
2018-07-30 16:00:00-04:00,95380.066,96386.2954,95225.1213,95291.0574
2018-07-31 16:00:00-04:00,95033.5276,96386.2954,94588.7096,95291.0574
2018-08-01 16:00:00-04:00,94785.9652,96386.2954,94153.2078,95291.0574
2018-08-02 16:00:00-04:00,94936.3256,96539.1945,94375.0516,95515.5822
2018-08-03 16:00:00-04:00,95045.1946,96539.1945,94398.7984,95515.5822
2018-08-06 16:00:00-04:00,95126.2771,96621.5515,94538.6358,95657.0739
2018-08-07 16:00:00-04:00,95208.5805,96705.1486,94538.6358,95657.0739
2018-08-08 16:00:00-04:00,95286.3013,96784.0911,94677.9549,95798.0413
2018-08-09 16:00:00-04:00,95121.004,96616.1955,94396.7923,95513.5524
2018-08-10 16:00:00-04:00,95225.2121,96616.1955,94530.3515,95513.5524
2018-08-13 16:00:00-04:00,94937.0839,96323.8585,94150.3879,95129.6368
2018-08-14 16:00:00-04:00,95088.4722,96477.4582,94352.4981,95333.8492
2018-08-15 16:00:00-04:00,95237.9387,96629.108,94560.1332,95543.6438
2018-08-16 16:00:00-04:00,95412.6171,96806.338,94116.42,95095.3156
2018-08-17 16:00:00-04:00,95135.3259,96524.9963,93699.0234,94673.5777
2018-08-20 16:00:00-04:00,94965.5314,96352.7216,93280.3401,94250.5397
2018-08-21 16:00:00-04:00,95046.1477,96434.5155,93425.5646,94397.2747
2018-08-22 16:00:00-04:00,95144.97,96534.7813,93590.0154,94563.436
2018-08-23 16:00:00-04:00,94939.0927,96325.8967,93280.9487,94251.1547
2018-08-24 16:00:00-04:00,95036.669,96424.8984,93434.9704,94406.7784
2018-08-27 16:00:00-04:00,95138.5607,96528.2784,93575.9363,94549.2104
2018-08-28 16:00:00-04:00,95213.7182,96528.2784,93456.5519,94549.2104
2018-08-29 16:00:00-04:00,95296.7324,96612.4387,93577.7228,94671.798
2018-08-30 16:00:00-04:00,95075.751,96388.4063,93692.0293,94787.4409
2018-08-31 16:00:00-04:00,94806.0068,96388.4063,93323.833,94787.4409
2018-09-04 16:00:00-04:00,94130.6079,95987.5422,92823.4232,94279.1831
2018-09-05 16:00:00-04:00,94261.1634,96120.6732,93032.8268,94491.8707
2018-09-06 16:00:00-04:00,94409.1516,96120.6732,93303.3915,94491.8707
2018-09-07 16:00:00-04:00,94037.9713,95742.7638,92752.9968,93934.4652
2018-09-10 16:00:00-04:00,94043.017,95747.901,92310.6316,93486.4652
2018-09-11 16:00:00-04:00,94162.4673,95869.5168,92501.7897,93680.0583
2018-09-12 16:00:00-04:00,94263.3208,95972.1986,92697.3265,93878.0858
2018-09-13 16:00:00-04:00,94263.3208,95972.1986,92697.3265,93878.0858
2018-09-14 16:00:00-04:00,94365.2193,95972.1986,92878.8628,93878.0858
2018-09-17 16:00:00-04:00,94447.778,96056.1633,93074.5455,94075.8738
2018-09-18 16:00:00-04:00,94556.0438,96166.2728,93275.0236,94278.5086
2018-09-19 16:00:00-04:00,94556.0438,96166.2728,92869.645,93868.7689
2018-09-20 16:00:00-04:00,94661.1445,96273.1632,92892.1125,93891.4781
2018-09-21 16:00:00-04:00,94749.3879,96362.9094,93048.7939,94049.8451
2018-09-24 16:00:00-04:00,94848.0579,96463.2597,93249.4819,94252.6922
2018-09-25 16:00:00-04:00,94636.5985,96463.2597,92866.8689,94252.6922
2018-09-26 16:00:00-04:00,94712.4525,96540.5778,92999.8153,94387.6225
2018-09-27 16:00:00-04:00,94835.1247,96665.6178,93207.8466,94598.7582
2018-09-28 16:00:00-04:00,94941.3328,96665.6178,93362.3362,94598.7582
2018-10-01 16:00:00-04:00,94673.2374,96665.6178,93503.2916,94598.7582
2018-10-02 16:00:00-04:00,94429.1763,96416.4205,93685.5864,94783.1886
2018-10-03 16:00:00-04:00,94167.686,96416.4205,93303.7259,94783.1886
2018-10-04 16:00:00-04:00,94297.8452,96549.6879,93523.5678,95006.5164
2018-10-05 16:00:00-04:00,94477.9917,96734.1364,93826.4567,95314.2081
2018-10-08 16:00:00-04:00,94057.8795,96303.9918,93120.7021,94597.2627
2018-10-09 16:00:00-04:00,93632.0684,95868.0123,92347.2674,93811.5641
2018-10-10 16:00:00-04:00,93856.1717,96097.4673,92757.9395,94228.748
2018-10-11 16:00:00-04:00,94268.3806,96519.5197,91822.4573,93278.4324
2018-10-12 16:00:00-04:00,94730.1845,96519.5197,92273.6207,93278.4324
2018-10-15 16:00:00-04:00,93873.5932,95646.7485,91341.6185,92336.2812
2018-10-16 16:00:00-04:00,94188.018,95967.1123,91760.311,92759.5331
2018-10-17 16:00:00-04:00,94406.6959,96189.9208,92064.3843,93066.9176
2018-10-18 16:00:00-04:00,93806.8342,95578.7284,92433.9747,93440.5325
2018-10-19 16:00:00-04:00,94103.8347,95881.3389,92815.9403,93826.6576
2018-10-22 16:00:00-04:00,93473.6044,95239.2043,92301.6825,93306.7998
2018-10-23 16:00:00-04:00,92699.2591,94450.2326,91368.5145,92363.4701
2018-10-24 16:00:00-04:00,93007.4404,94764.235,91778.6747,92778.0967
2018-10-25 16:00:00-04:00,93446.3421,95211.4271,92229.1613,93233.4889
2018-10-26 16:00:00-04:00,93901.624,95211.4271,91298.7999,93233.4889
2018-10-29 16:00:00-04:00,92953.085,94249.6572,91747.1523,93691.3422
2018-10-30 16:00:00-04:00,93192.9255,94249.6572,91747.1523,93691.3422
2018-10-31 16:00:00-04:00,92728.5608,93780.027,92198.1192,94151.8654
2018-11-01 16:00:00-04:00,93067.0038,93780.027,92643.6187,94151.8654
2018-11-02 16:00:00-04:00,93311.4498,94026.3458,93009.0659,94523.2621
2018-11-05 16:00:00-05:00,92674.36,94026.3458,92124.0456,94523.2621
2018-11-06 16:00:00-05:00,92288.7259,93635.0859,91544.9977,93929.1338
2018-11-07 16:00:00-05:00,92528.0472,93877.8985,91892.3806,94285.5637
2018-11-08 16:00:00-05:00,92184.746,93529.589,91424.7708,93805.7758
2018-11-09 16:00:00-05:00,92409.6701,93529.589,91758.1285,93805.7758
2018-11-12 16:00:00-05:00,92654.2345,93777.1173,92104.9918,94160.3796
2018-11-13 16:00:00-05:00,91942.6135,93056.8721,91173.8491,93208.4578
2018-11-14 16:00:00-05:00,92289.6388,93408.103,91619.4902,93664.0436
2018-11-15 16:00:00-05:00,92684.4959,93807.7454,90693.6596,92717.5525
2018-11-16 16:00:00-05:00,93048.7104,94176.3738,90515.9664,92535.894
2018-11-19 16:00:00-05:00,93327.838,94458.8843,90933.7726,92963.0238
2018-11-20 16:00:00-05:00,92414.101,93534.0736,90016.7369,92025.5238
2018-11-21 16:00:00-05:00,91917.4428,93031.3963,90016.7369,92025.5238
2018-11-26 16:00:00-05:00,91728.7316,92840.3982,90119.5954,92130.6776
2018-11-27 16:00:00-05:00,91962.9492,92840.3982,90155.8356,92130.6776
2018-11-28 16:00:00-05:00,91506.6248,92379.7199,89560.3134,91522.1107
2018-11-29 16:00:00-05:00,91053.8822,91922.6575,88920.3809,90868.1606
2018-11-30 16:00:00-05:00,91230.0344,91922.6575,88377.1507,90868.1606
2018-12-03 16:00:00-05:00,90874.5439,91922.6575,87920.2756,90868.1606
2018-12-04 16:00:00-05:00,91099.4954,92150.2035,88194.7516,91151.8396
2018-12-06 16:00:00-05:00,91544.744,92600.5875,87304.4173,90231.6532
2018-12-07 16:00:00-05:00,91991.6709,93052.669,87732.053,90673.6271
2018-12-10 16:00:00-05:00,92441.7305,93507.9195,86847.0656,89758.9669
2018-12-11 16:00:00-05:00,92893.0459,93964.4401,87272.6546,90198.8255
2018-12-12 16:00:00-05:00,92048.6216,93110.2765,87699.5133,90639.9964
2018-12-13 16:00:00-05:00,92405.5531,93471.3248,88126.8229,91081.6333
2018-12-14 16:00:00-05:00,92728.4785,93471.3248,88529.0119,91081.6333
2018-12-17 16:00:00-05:00,93084.3415,93830.0385,88953.5999,91518.4637
2018-12-18 16:00:00-05:00,93464.4761,94213.2184,88064.0374,90603.2518
2018-12-19 16:00:00-05:00,93783.5161,94534.8142,87377.6971,89897.1218
2018-12-20 16:00:00-05:00,92837.1893,93580.9065,86497.5328,88991.5791
2018-12-21 16:00:00-05:00,91900.5726,92636.7865,86923.4405,89429.7673
2018-12-26 16:00:00-05:00,91420.5164,92152.8846,85181.5051,87637.6054
2018-12-27 16:00:00-05:00,91869.4004,92605.3646,85600.8161,88069.0067
2018-12-28 16:00:00-05:00,90942.4087,92605.3646,84738.1315,88069.0067
2018-12-31 16:00:00-05:00,91386.5194,93057.5962,85154.1048,88501.3311
2019-01-02 16:00:00-05:00,91832.1979,93057.5962,85571.1798,88501.3311
2019-01-03 16:00:00-05:00,90902.9225,92115.9206,84706.8798,87607.4356
2019-01-04 16:00:00-05:00,91348.1287,92115.9206,85122.8423,87607.4356
2019-01-07 16:00:00-05:00,91696.6032,92467.3242,85476.1559,87971.0618
2019-01-08 16:00:00-05:00,92015.7167,92789.1198,85816.3003,88321.1344
2019-01-09 16:00:00-05:00,91443.3967,92211.9894,86126.8995,88640.7995
2019-01-10 16:00:00-05:00,91715.265,92486.1428,86449.7914,88973.1161
2019-01-11 16:00:00-05:00,91965.4946,92486.1428,86586.736,88973.1161
2019-01-14 16:00:00-05:00,92179.3797,92701.2388,86838.6712,89231.9948
2019-01-15 16:00:00-05:00,92381.146,92904.1473,87073.7678,89473.5708
2019-01-16 16:00:00-05:00,92075.7626,92597.035,87131.6964,89533.0959
2019-01-17 16:00:00-05:00,92238.4079,92760.6011,87318.4464,89724.9928
2019-01-18 16:00:00-05:00,92478.5851,93002.1381,87575.5492,89989.1815
2019-01-22 16:00:00-05:00,92626.943,93151.3358,87744.8087,90163.106
2019-01-23 16:00:00-05:00,92879.3241,93405.1457,88035.0507,90461.3472
2019-01-24 16:00:00-05:00,92372.1837,92895.1343,87478.1446,89889.0924
2019-01-25 16:00:00-05:00,92205.2843,92895.1343,87714.4767,89889.0924
2019-01-28 16:00:00-05:00,91694.2,92380.2262,87714.4767,89889.0924
2019-01-29 16:00:00-05:00,91439.306,92380.2262,87948.8575,89889.0924
2019-01-30 16:00:00-05:00,91608.3355,92550.9951,88160.5797,90105.4854
2019-01-31 16:00:00-05:00,91811.1121,92755.8583,88413.6249,90364.1131
2019-02-01 16:00:00-05:00,91363.2169,92755.8583,87842.8292,90364.1131
2019-02-04 16:00:00-05:00,91515.8037,92910.771,88048.5403,90575.7286
2019-02-05 16:00:00-05:00,91257.6801,92910.771,87697.4395,90575.7286
2019-02-06 16:00:00-05:00,90976.127,92624.1176,87307.5448,90173.0373
2019-02-07 16:00:00-05:00,90619.0851,92260.6081,86827.0257,89676.7473
2019-02-08 16:00:00-05:00,90158.5439,92260.6081,87056.6063,89676.7473
2019-02-11 16:00:00-05:00,90047.7616,92147.2429,87282.5328,89909.4734
2019-02-12 16:00:00-05:00,90206.2316,92309.4076,87480.4581,90113.3558
2019-02-13 16:00:00-05:00,89892.8973,91988.7678,87649.7556,90287.7486
2019-02-14 16:00:00-05:00,90045.2249,92144.647,87826.5186,90469.8316
2019-02-15 16:00:00-05:00,90139.9729,92241.6041,87469.3944,90101.9591
2019-02-19 16:00:00-05:00,90233.8669,92337.6872,87102.5012,89724.0235
2019-02-20 16:00:00-05:00,90327.1321,92433.1269,86832.7725,89446.1768
2019-02-21 16:00:00-05:00,90013.5359,92112.2191,86388.7795,88988.8209
2019-02-22 16:00:00-05:00,90146.7293,92112.2191,86560.9513,88988.8209
2019-02-25 16:00:00-05:00,89815.4261,91773.6924,86727.4871,89160.0277
2019-02-26 16:00:00-05:00,89942.4567,91773.6924,86382.331,89160.0277
2019-02-27 16:00:00-05:00,89617.3429,91441.9593,86570.5982,89354.3488
2019-02-28 16:00:00-05:00,89340.0247,91158.9948,86237.8639,89010.9152
2019-03-01 16:00:00-05:00,89481.377,91158.9948,86395.6025,89010.9152
2019-03-04 16:00:00-05:00,89620.7768,91301.0082,86564.8071,89185.2418
2019-03-05 16:00:00-05:00,89441.6978,91301.0082,86765.4078,89185.2418
2019-03-06 16:00:00-05:00,89576.5893,91438.7038,86932.5326,89357.0276
2019-03-07 16:00:00-05:00,89174.8177,91028.5801,86479.4193,88891.2772
2019-03-08 16:00:00-05:00,89403.629,91028.5801,86749.008,88891.2772
2019-03-11 16:00:00-04:00,89582.639,91210.8437,86980.8851,89128.8806
2019-03-12 16:00:00-04:00,89702.437,91332.8191,87134.0835,89285.8622
2019-03-13 16:00:00-04:00,89825.7299,91458.3529,87297.2387,89453.0465
2019-03-14 16:00:00-04:00,89542.184,91169.6534,87271.7542,89426.9327
2019-03-15 16:00:00-04:00,89653.1203,91282.606,87417.1332,89575.9018
2019-03-18 16:00:00-04:00,89401.5911,91026.5051,87133.6388,89285.4065
2019-03-19 16:00:00-04:00,89131.7467,90751.7563,86817.3833,88961.341
2019-03-20 16:00:00-04:00,88800.9062,90414.9025,86446.8371,88581.6443
2019-03-21 16:00:00-04:00,88997.8982,90615.475,86676.1416,88816.6114
2019-03-22 16:00:00-04:00,89211.9444,90833.4116,86909.7684,89056.0076
2019-03-25 16:00:00-04:00,88681.8162,90293.648,86306.4313,88437.771
2019-03-26 16:00:00-04:00,88197.2504,90293.648,86562.351,88437.771
2019-03-27 16:00:00-04:00,88398.9293,90500.1208,86814.3538,88695.2337
2019-03-28 16:00:00-04:00,87990.7849,90082.275,86320.9875,88191.1783
2019-03-29 16:00:00-04:00,87648.6964,90082.275,85888.8078,88191.1783
2019-04-01 16:00:00-04:00,87796.3693,90082.275,85448.3439,88191.1783
2019-04-02 16:00:00-04:00,87554.3483,89833.9527,85572.6846,88319.5103
2019-04-03 16:00:00-04:00,87315.3464,89833.9527,85688.3775,88319.5103
2019-04-04 16:00:00-04:00,87433.4204,89955.4324,85842.8087,88478.6834
2019-04-05 16:00:00-04:00,87460.6802,89983.4786,85832.5076,88468.066
2019-04-08 16:00:00-04:00,87555.2484,90080.7746,85955.9159,88595.2636
2019-04-09 16:00:00-04:00,87304.8488,89823.1522,85690.798,88322.0051
2019-04-10 16:00:00-04:00,87309.4612,89827.8976,85811.2675,88446.1737
2019-04-11 16:00:00-04:00,87162.9291,89677.1389,85736.1431,88368.7426
2019-04-12 16:00:00-04:00,86912.3513,89677.1389,85861.0369,88368.7426
2019-04-15 16:00:00-04:00,86990.823,89758.1069,85946.293,88456.4886
2019-04-16 16:00:00-04:00,87071.8727,89841.7349,85721.4785,88225.1081
2019-04-17 16:00:00-04:00,87172.2738,89945.3298,85867.1582,88375.0427
2019-04-18 16:00:00-04:00,87279.1272,90055.5823,85529.5393,88027.563
2019-04-22 16:00:00-04:00,87367.0803,90146.3333,85641.3282,88142.6169
2019-04-23 16:00:00-04:00,87435.6962,90217.132,85745.5556,88249.8884
2019-04-24 16:00:00-04:00,87260.986,90036.8641,85803.8823,88309.9187
2019-04-25 16:00:00-04:00,87000.7136,89768.312,85974.5547,88485.5758
2019-04-26 16:00:00-04:00,87114.2147,89768.312,86091.2142,88485.5758
2019-04-29 16:00:00-04:00,86985.5999,89635.7788,86217.4963,88615.3701
2019-04-30 16:00:00-04:00,87063.8756,89635.7788,86368.5646,88615.3701
2019-05-01 16:00:00-04:00,87167.9587,89635.7788,86009.6012,88615.3701
2019-05-02 16:00:00-04:00,86813.5422,89271.3284,85564.4115,88156.6928
2019-05-03 16:00:00-04:00,86977.7858,89271.3284,85796.3771,88156.6928
2019-05-06 16:00:00-04:00,87167.401,89465.9437,86049.2763,88416.5494
2019-05-07 16:00:00-04:00,87372.735,89676.6922,86304.3917,88678.6832
2019-05-08 16:00:00-04:00,87029.8335,89324.7486,85793.5079,88153.7447
2019-05-09 16:00:00-04:00,86514.2233,88795.5421,85149.0375,87491.5445
2019-05-10 16:00:00-04:00,86758.1085,88795.5421,85448.3047,87491.5445
2019-05-13 16:00:00-04:00,87132.2088,89178.4278,85866.5476,87919.7884
2019-05-14 16:00:00-04:00,87419.3803,89472.3432,86239.3132,88301.4676
2019-05-15 16:00:00-04:00,87658.6986,89717.2817,86503.5262,88571.9984
2019-05-16 16:00:00-04:00,87835.0231,89897.7471,86723.7813,88797.5203
2019-05-17 16:00:00-04:00,88051.3948,90119.2,86997.2757,89077.5545
2019-05-20 16:00:00-04:00,87522.3402,89577.721,86637.9321,88709.6183
2019-05-21 16:00:00-04:00,87511.8375,89566.9717,86053.7495,88111.4667
2019-05-22 16:00:00-04:00,87379.0061,89431.0209,85723.2419,87773.056
2019-05-23 16:00:00-04:00,87572.3502,89628.9055,85985.0505,88041.1249
2019-05-24 16:00:00-04:00,87793.439,89855.1863,86272.6934,88335.646
2019-05-28 16:00:00-04:00,87816.9321,89772.9262,86207.6518,88122.6973
2019-05-29 16:00:00-04:00,87421.8101,89369.0034,85743.2886,87648.0186
2019-05-30 16:00:00-04:00,87611.6312,89563.0525,85929.3313,87838.194
2019-05-31 16:00:00-04:00,87228.6396,89563.0525,85372.051,87838.194
2019-06-03 16:00:00-04:00,86781.8498,89563.0525,85647.0859,87838.194
2019-06-04 16:00:00-04:00,87080.6086,89871.386,86029.5485,88230.4412
2019-06-05 16:00:00-04:00,87278.2916,89871.386,86299.0126,88230.4412
2019-06-06 16:00:00-04:00,86934.4736,89517.3529,85856.0862,87777.6018
2019-06-07 16:00:00-04:00,87101.389,89689.2275,86089.6893,88016.4331
2019-06-10 16:00:00-04:00,87257.9924,89850.4837,86315.7522,88247.5555
2019-06-11 16:00:00-04:00,87427.7544,90025.2894,86569.5332,88507.0162
2019-06-12 16:00:00-04:00,87386.9035,89983.2249,86538.8737,88475.6705
2019-06-13 16:00:00-04:00,87091.3525,89678.8928,86260.0574,88190.6142
2019-06-14 16:00:00-04:00,87174.6395,89678.8928,86446.8836,88190.6142
2019-06-17 16:00:00-04:00,86946.4851,89444.1843,86446.8836,88190.6142
2019-06-18 16:00:00-04:00,86641.2832,89130.2149,86012.9576,87747.9355
2019-06-19 16:00:00-04:00,86464.2748,88948.1216,86211.9832,87950.9756
2019-06-20 16:00:00-04:00,86645.0541,89134.0941,86471.8628,88216.0973
2019-06-21 16:00:00-04:00,86762.7159,89255.136,86647.8286,88395.6125
2019-06-24 16:00:00-04:00,86513.9497,88999.2235,86647.8286,88395.6125
2019-06-25 16:00:00-04:00,86616.1644,88999.2235,86789.0324,88395.6125
2019-06-26 16:00:00-04:00,86767.7268,89154.9558,86969.6142,88579.5371
2019-06-27 16:00:00-04:00,86488.2403,88867.7798,86803.2726,88410.1163
2019-06-28 16:00:00-04:00,86263.1141,88867.7798,86803.2726,88410.1163
2019-07-01 16:00:00-04:00,86427.947,88867.7798,87030.2491,88410.1163
2019-07-02 16:00:00-04:00,86157.684,88589.8874,87185.2155,88567.5398
2019-07-05 16:00:00-04:00,85835.011,88152.8458,87711.5663,88977.0747
2019-07-08 16:00:00-04:00,85539.4114,87849.264,87711.5663,88977.0747
2019-07-09 16:00:00-04:00,85639.6827,87952.2429,87850.3554,89117.8662
2019-07-10 16:00:00-04:00,85369.596,87674.8629,87850.3554,89117.8662
2019-07-11 16:00:00-04:00,85469.6634,87777.6325,87542.6469,88805.718
2019-07-12 16:00:00-04:00,85271.3459,87777.6325,87238.7356,88805.718
2019-07-15 16:00:00-04:00,85162.1086,87665.1846,87307.6939,88875.915
2019-07-16 16:00:00-04:00,85219.6771,87724.445,87394.2643,88964.0403
2019-07-17 16:00:00-04:00,85306.0888,87813.3966,87515.4871,89087.4405
2019-07-18 16:00:00-04:00,85078.1313,87578.739,87181.6,88747.5562
2019-07-19 16:00:00-04:00,85198.6302,87702.7796,87357.9126,88927.0357
2019-07-22 16:00:00-04:00,84886.6528,87381.6326,87490.8634,89062.3746
2019-07-23 16:00:00-04:00,84638.9116,87126.6098,87155.9287,88721.4237
2019-07-24 16:00:00-04:00,84725.446,87215.6876,87295.1117,88863.1067
2019-07-25 16:00:00-04:00,84472.8168,86955.6332,87188.4115,88754.49
2019-07-26 16:00:00-04:00,84585.4991,86955.6332,87093.8635,88754.49
2019-07-29 16:00:00-04:00,84411.0804,86776.3272,86772.5995,88427.1004
2019-07-30 16:00:00-04:00,84511.14,86776.3272,86915.0144,88427.1004
2019-07-31 16:00:00-04:00,84333.1801,86593.5974,86633.8004,88140.9941
2019-08-01 16:00:00-04:00,84567.5954,86593.5974,86969.4284,88140.9941
2019-08-02 16:00:00-04:00,84901.7289,86935.7358,87394.7266,88572.0215
2019-08-05 16:00:00-04:00,85237.8287,86935.7358,87821.6739,88572.0215
2019-08-06 16:00:00-04:00,84488.5042,86171.485,88250.3268,89004.3368
2019-08-07 16:00:00-04:00,84850.0625,86540.2455,88652.3172,89409.7618
2019-08-08 16:00:00-04:00,85133.2721,86829.0965,89006.7857,89767.2589
2019-08-09 16:00:00-04:00,85336.0149,86829.0965,89270.076,89767.2589
2019-08-12 16:00:00-04:00,85583.7207,87081.1363,89518.9589,90017.528
2019-08-13 16:00:00-04:00,84955.3423,86441.7635,88682.4382,89176.3484
2019-08-14 16:00:00-04:00,85240.1453,86731.5495,89040.1708,89536.0734
2019-08-15 16:00:00-04:00,84680.9307,86162.5506,88376.0751,88868.279
2019-08-16 16:00:00-04:00,84959.3292,86445.8201,88715.4534,89209.5474
2019-08-19 16:00:00-04:00,84524.9106,86003.8007,88139.0392,88629.9229
2019-08-20 16:00:00-04:00,84193.9171,85667.016,87749.6037,88238.3186
2019-08-21 16:00:00-04:00,84090.153,85561.4363,87591.4571,88079.2911
2019-08-22 16:00:00-04:00,84228.5104,85702.2145,87757.5147,88246.2736
2019-08-23 16:00:00-04:00,84425.089,85902.2325,88016.7566,88506.9593
2019-08-26 16:00:00-04:00,83839.3323,85306.2272,87324.801,87811.1499
2019-08-27 16:00:00-04:00,84050.9881,85306.2272,87578.6324,87811.1499
2019-08-28 16:00:00-04:00,84277.6752,85536.2998,87866.9486,88100.2315
2019-08-29 16:00:00-04:00,83830.9084,85082.8608,87289.1332,87520.8821
2019-08-30 16:00:00-04:00,83970.9405,85082.8608,87477.6278,87520.8821
2019-09-03 16:00:00-04:00,83675.855,85254.9992,86948.6949,87128.1958
2019-09-04 16:00:00-04:00,83274.1116,84845.674,86432.14,86610.5745
2019-09-05 16:00:00-04:00,83124.4556,84845.674,86626.5382,86610.5745
2019-09-06 16:00:00-04:00,83009.9655,84728.8131,86626.5382,86610.5745
2019-09-09 16:00:00-04:00,83092.0605,84812.6081,86758.4165,86742.4284
2019-09-10 16:00:00-04:00,83226.3966,84949.7258,86321.8085,86305.901
2019-09-11 16:00:00-04:00,83344.7504,85070.5303,86523.5126,86507.5678
2019-09-12 16:00:00-04:00,83050.6128,84770.3021,86076.8267,86060.9642
2019-09-13 16:00:00-04:00,83162.4628,84770.3021,85990.106,86060.9642
2019-09-16 16:00:00-04:00,82904.058,84506.9014,85990.106,86060.9642
2019-09-17 16:00:00-04:00,82968.5764,84572.6672,86077.1413,86148.0713
2019-09-18 16:00:00-04:00,82826.1512,84427.4884,86158.4964,86229.4934
2019-09-19 16:00:00-04:00,82529.2893,84124.8871,85756.4557,85827.1214
2019-09-20 16:00:00-04:00,82631.5478,84229.1226,85897.5676,85968.3496
2019-09-23 16:00:00-04:00,82559.5704,84155.7536,85466.5022,85536.929
2019-09-24 16:00:00-04:00,82676.2,84155.7536,85631.4744,85536.929
2019-09-25 16:00:00-04:00,82880.7813,84363.996,85930.99,85836.1138
2019-09-26 16:00:00-04:00,83022.5549,84508.3068,86156.574,86061.4487
2019-09-27 16:00:00-04:00,82694.8255,84508.3068,85698.1254,86061.4487
2019-09-30 16:00:00-04:00,82629.3976,84441.444,85934.7838,86299.1105
2019-10-01 16:00:00-04:00,82785.0477,84441.444,86156.4077,86299.1105
2019-10-02 16:00:00-04:00,83012.8795,84673.8344,86430.9835,86574.1411
2019-10-03 16:00:00-04:00,82487.6722,84673.8344,85803.8697,86574.1411
2019-10-04 16:00:00-04:00,82683.4309,84874.7813,86047.6787,86820.1388
2019-10-07 16:00:00-04:00,82825.8238,85020.9481,86224.6728,86998.7218
2019-10-08 16:00:00-04:00,82381.867,84565.2251,85766.6372,86536.5744
2019-10-09 16:00:00-04:00,82592.8205,84781.7694,86018.4179,86790.6153
2019-10-10 16:00:00-04:00,82214.1085,84393.0205,85568.1382,86336.2934
2019-10-11 16:00:00-04:00,82408.8449,84393.0205,85077.0556,86336.2934
2019-10-14 16:00:00-04:00,82274.1044,84255.0359,84904.6713,86161.3576
2019-10-15 16:00:00-04:00,82391.1987,84374.9495,85047.2226,86306.0188
2019-10-16 16:00:00-04:00,82494.7678,84481.0122,85181.014,86441.7905
2019-10-17 16:00:00-04:00,82599.8188,84588.5925,85328.0581,86591.011
2019-10-18 16:00:00-04:00,82703.9818,84695.2635,85455.4125,86720.2504
2019-10-21 16:00:00-04:00,82721.5818,84713.2872,85536.6634,86802.7039
2019-10-22 16:00:00-04:00,82806.3103,84800.0557,85666.8916,86934.8596
2019-10-23 16:00:00-04:00,82913.5467,84909.8741,85317.1997,86579.9918
2019-10-24 16:00:00-04:00,82672.6596,84663.1872,85414.1036,86678.3301
2019-10-25 16:00:00-04:00,82760.5911,84663.1872,85559.8034,86678.3301
2019-10-28 16:00:00-04:00,82669.0084,84569.499,85702.9419,86823.3399
2019-10-29 16:00:00-04:00,82741.5627,84569.499,85812.1643,86823.3399
2019-10-30 16:00:00-04:00,82825.9488,84655.7494,85958.7855,86971.6888
2019-10-31 16:00:00-04:00,82945.0829,84777.5153,86123.5858,87138.431
2019-11-01 16:00:00-04:00,83023.1815,84777.5153,85726.289,87138.431
2019-11-04 16:00:00-05:00,83129.9718,84886.5621,85669.0085,87080.207
2019-11-05 16:00:00-05:00,83217.9216,84886.5621,85389.0989,87080.207
2019-11-06 16:00:00-05:00,83035.0894,84700.0638,85488.8764,87181.9605
2019-11-07 16:00:00-05:00,82814.3909,84474.94,85605.8955,87301.2972
2019-11-08 16:00:00-05:00,82908.5234,84474.94,85761.8817,87301.2972
2019-11-11 16:00:00-05:00,82998.3787,84566.4929,85888.3323,87430.0175
2019-11-12 16:00:00-05:00,83058.9013,84628.159,85970.4009,87513.5593
2019-11-13 16:00:00-05:00,83155.9995,84727.0917,86087.0225,87632.2743
2019-11-14 16:00:00-05:00,82951.803,84519.0373,85804.3992,87344.5779
2019-11-15 16:00:00-05:00,83043.2185,84612.1799,85794.1027,87334.0965
2019-11-18 16:00:00-05:00,83120.2748,84690.6921,85909.6492,87451.7171
2019-11-19 16:00:00-05:00,83188.8066,84760.5187,85640.4608,87177.6968
2019-11-20 16:00:00-05:00,83293.7724,84867.4676,85386.9811,86919.6672
2019-11-21 16:00:00-05:00,82992.5841,84560.5889,85237.1628,86767.1596
2019-11-22 16:00:00-05:00,83092.1314,84662.017,85369.0753,86901.4399
2019-11-25 16:00:00-05:00,83177.8292,84749.3339,85500.0854,87034.8017
2019-11-26 16:00:00-05:00,83240.3319,84749.3339,85456.7263,87034.8017
2019-11-27 16:00:00-05:00,83300.7931,84810.8911,85535.987,87115.5261
2019-12-02 16:00:00-05:00,83382.3176,84740.1298,85580.3913,86994.5032
2019-12-03 16:00:00-05:00,83527.645,84887.8237,85759.1587,87176.2246
2019-12-04 16:00:00-05:00,83403.7417,84887.8237,85759.1587,87176.2246
2019-12-05 16:00:00-05:00,83175.8874,84655.915,85467.6854,86879.935
2019-12-06 16:00:00-05:00,83290.9242,84772.9988,85582.8044,86996.9562
2019-12-09 16:00:00-05:00,83345.6945,84828.7436,85659.3219,87074.7381
2019-12-10 16:00:00-05:00,83425.703,84910.1758,85761.9175,87179.0289
2019-12-11 16:00:00-05:00,83246.0541,84727.3303,85845.3296,87263.8193
2019-12-12 16:00:00-05:00,82937.3788,84413.1623,85485.2657,86897.8058
2019-12-13 16:00:00-05:00,82563.7938,84413.1623,85469.9743,86897.8058
2019-12-16 16:00:00-05:00,82476.3554,84323.7654,85335.2603,86760.8413
2019-12-17 16:00:00-05:00,82476.3554,84323.7654,85335.2603,86760.8413
2019-12-18 16:00:00-05:00,82321.9619,84165.9136,85152.8465,86575.3802
2019-12-19 16:00:00-05:00,82373.3082,84218.41,85225.83,86649.5829
2019-12-20 16:00:00-05:00,82293.2207,84136.5286,85076.0583,86497.3092
2019-12-23 16:00:00-05:00,82327.1359,84171.2035,84918.2852,86336.9004
2019-12-26 16:00:00-05:00,82367.9827,84212.9652,84976.5174,86396.1054
2019-12-27 16:00:00-05:00,82367.9827,84212.9652,84976.5174,86396.1054
2019-12-30 16:00:00-05:00,82154.073,83994.2641,84654.3909,86068.5975
2019-12-31 16:00:00-05:00,82215.444,83994.2641,84654.3909,86068.5975
2020-01-02 16:00:00-05:00,82324.2312,83994.2641,84755.3713,86068.5975
2020-01-03 16:00:00-05:00,82464.8964,84137.7829,84912.1126,86227.7673
2020-01-06 16:00:00-05:00,82601.1295,84137.7829,85094.7197,86227.7673
2020-01-07 16:00:00-05:00,82425.6968,83959.0865,84895.2972,86025.6894
2020-01-08 16:00:00-05:00,82225.0896,83754.7474,85042.2913,86174.6408
2020-01-09 16:00:00-05:00,81992.3868,83517.7156,85193.6756,86328.0409
2020-01-10 16:00:00-05:00,82084.2855,83517.7156,85336.0194,86328.0409
2020-01-13 16:00:00-05:00,82175.815,83610.8434,85476.9436,86470.6034
2020-01-14 16:00:00-05:00,82250.1965,83686.5238,85214.0848,86204.6888
2020-01-15 16:00:00-05:00,81995.5813,83427.4624,84860.0615,85846.55
2020-01-16 16:00:00-05:00,82069.7,83502.8754,84507.4303,85489.8196
2020-01-17 16:00:00-05:00,81885.6779,83315.6397,84224.7759,85203.8793
2020-01-21 16:00:00-05:00,81764.8897,83192.7422,84115.4821,85093.315
2020-01-22 16:00:00-05:00,81552.1675,82976.3053,83823.7022,84798.1432
2020-01-23 16:00:00-05:00,81654.4268,83080.3503,83970.0031,84946.1448
2020-01-24 16:00:00-05:00,81763.8938,83191.7288,84120.1179,85098.0047
2020-01-27 16:00:00-05:00,81433.7103,82855.7795,83757.1373,84730.8045
2020-01-28 16:00:00-05:00,81614.6217,82855.7795,83982.6002,84730.8045
2020-01-29 16:00:00-05:00,81297.4681,82533.8027,83585.2691,84329.9336
2020-01-30 16:00:00-05:00,80934.0001,82164.8072,83137.3233,83877.997
2020-01-31 16:00:00-05:00,81134.9728,82164.8072,83384.6209,83877.997
2020-02-03 16:00:00-05:00,80770.7181,82164.8072,83301.6264,83877.997
2020-02-04 16:00:00-05:00,80969.9601,82367.4881,83549.3553,84127.4399
2020-02-05 16:00:00-05:00,80604.7535,82367.4881,83765.6468,84127.4399
2020-02-06 16:00:00-05:00,80604.7535,82367.4881,83961.9593,84324.6004
2020-02-07 16:00:00-05:00,80724.6991,82490.0569,84125.5987,84488.9465
2020-02-10 16:00:00-05:00,80841.5669,82609.4804,84288.9528,84653.0062
2020-02-11 16:00:00-05:00,80604.0153,82366.7339,84435.2964,84799.9819
2020-02-12 16:00:00-05:00,80594.3429,82356.8499,84557.0257,84922.2369
2020-02-13 16:00:00-05:00,80704.7021,82469.6225,84719.9758,85085.8908
2020-02-14 16:00:00-05:00,80809.1823,82469.6225,84375.2597,85085.8908
2020-02-18 16:00:00-05:00,80427.0822,82079.6711,83381.7767,84084.0404
2020-02-19 16:00:00-05:00,80304.7631,81954.8386,83518.5341,84221.9496
2020-02-20 16:00:00-05:00,80121.8412,81768.1582,83270.1443,83971.4678
2020-02-21 16:00:00-05:00,80070.1868,81715.4424,83514.9886,84218.3743
2020-02-24 16:00:00-05:00,79430.7495,81062.8661,82670.8641,83367.1403
2020-02-25 16:00:00-05:00,79745.7129,81062.8661,83075.0171,83367.1403
2020-02-26 16:00:00-05:00,78939.3467,80243.1812,82236.4763,82525.6509
2020-02-27 16:00:00-05:00,78143.0193,79433.701,81407.8598,81694.1207
2020-02-28 16:00:00-05:00,77356.9369,79433.701,81810.3764,81694.1207
2020-03-02 16:00:00-05:00,77739.1866,79433.701,82214.874,81694.1207
2020-03-03 16:00:00-05:00,76956.8904,78634.3527,81387.72,80872.2059
2020-03-04 16:00:00-05:00,77335.3746,78634.3527,81789.9181,80872.2059
2020-03-05 16:00:00-05:00,76555.0574,77840.9287,82192.1714,81269.9459
2020-03-06 16:00:00-05:00,75783.8796,77056.7977,81364.3916,80451.454
2020-03-09 16:00:00-04:00,75022.3402,76282.4669,80743.9831,79838.0067
2020-03-10 16:00:00-04:00,75393.5838,76659.9462,81143.5836,80233.1235
2020-03-11 16:00:00-04:00,75766.5125,77039.1389,81544.6575,80629.6972
2020-03-12 16:00:00-04:00,76142.4448,77421.3856,80725.8331,79820.0603
2020-03-13 16:00:00-04:00,76520.6688,77421.3856,81126.7887,79820.0603
2020-03-16 16:00:00-04:00,75753.3409,76645.0256,81530.2297,80217.003
2020-03-17 16:00:00-04:00,76129.5083,77025.6207,81935.2688,80615.518
2020-03-18 16:00:00-04:00,76507.3381,77407.898,81113.3234,79806.8119
2020-03-19 16:00:00-04:00,76385.2689,77284.3919,81516.2839,80203.2818
2020-03-20 16:00:00-04:00,75618.1939,76508.2877,81920.2463,80600.7375
2020-03-23 16:00:00-04:00,74859.1087,75740.2674,81097.731,79791.4707
2020-03-24 16:00:00-04:00,75230.701,76116.2337,81448.848,80136.9321
2020-03-25 16:00:00-04:00,74474.961,75351.5979,80630.3529,79331.6208
2020-03-26 16:00:00-04:00,74843.8033,75724.7818,81029.223,79724.0661
2020-03-27 16:00:00-04:00,75213.0868,75724.7818,81428.1114,79724.0661
2020-03-30 16:00:00-04:00,75584.1817,76098.4014,81829.8022,80117.3508
2020-03-31 16:00:00-04:00,74821.9247,76098.4014,82231.6888,80117.3508
2020-04-01 16:00:00-04:00,74068.5765,76098.4014,81402.7996,80117.3508
2020-04-02 16:00:00-04:00,74432.6731,76472.476,81802.644,80510.8811
2020-04-03 16:00:00-04:00,74798.924,76472.476,82204.716,80510.8811
2020-04-06 16:00:00-04:00,75166.5257,76848.3024,82608.711,80906.5518
2020-04-07 16:00:00-04:00,75536.686,77226.7447,83015.039,81304.5073
2020-04-08 16:00:00-04:00,75908.5472,77606.9259,83422.9499,81704.0132
2020-04-09 16:00:00-04:00,75141.5719,76822.7903,83832.0665,82104.7
2020-04-13 16:00:00-04:00,75510.0623,77199.5253,82984.4884,81274.5862
2020-04-14 16:00:00-04:00,75879.6291,77577.3608,83390.3933,81672.1274
2020-04-15 16:00:00-04:00,75112.1326,76792.6924,83786.3096,82059.8859
2020-04-16 16:00:00-04:00,74403.0106,76067.7045,82940.8454,81231.8426
2020-04-17 16:00:00-04:00,73650.3971,75298.252,83345.2032,81627.8685
2020-04-20 16:00:00-04:00,73945.6448,75600.1056,83690.973,81966.5137
2020-04-21 16:00:00-04:00,74307.527,75970.0845,84100.1617,82367.2711
2020-04-22 16:00:00-04:00,73557.1084,75202.876,84511.6474,82770.2781
2020-04-23 16:00:00-04:00,73835.5517,75487.5492,83832.1025,82104.7352
2020-04-24 16:00:00-04:00,74074.9138,75487.5492,84181.9183,82104.7352
2020-04-27 16:00:00-04:00,74323.7735,75741.1547,84097.8178,82022.7098
2020-04-28 16:00:00-04:00,74584.5081,75741.1547,84370.8011,82022.7098
2020-04-29 16:00:00-04:00,74904.1117,76065.7147,84765.6159,82406.5367
2020-04-30 16:00:00-04:00,74277.782,75429.6719,84089.6521,81749.3854
2020-05-01 16:00:00-04:00,74586.2831,75429.6719,83239.1145,81749.3854
2020-05-04 16:00:00-04:00,74879.7173,75726.4242,83584.3324,82088.4249
2020-05-05 16:00:00-04:00,74391.5067,75726.4242,83862.9083,82088.4249
2020-05-06 16:00:00-04:00,73831.3781,75156.2443,83144.6777,81385.3915
2020-05-07 16:00:00-04:00,73239.3959,74553.6393,82453.3796,80708.7209
2020-05-08 16:00:00-04:00,73447.0088,74553.6393,82699.7893,80708.7209
2020-05-11 16:00:00-04:00,73624.3852,74733.6882,82913.7324,80917.5132
2020-05-12 16:00:00-04:00,73802.6482,74914.6371,83155.0348,81153.006
2020-05-13 16:00:00-04:00,74126.4185,75243.2857,83512.4734,81501.839
2020-05-14 16:00:00-04:00,74489.1572,75611.4898,82669.1964,80678.8646
2020-05-15 16:00:00-04:00,74834.7022,75962.2411,83073.9732,81073.896
2020-05-18 16:00:00-04:00,75178.3771,76311.0943,83037.2723,81038.0788
2020-05-19 16:00:00-04:00,74713.985,75839.7051,82481.0792,80495.2765
2020-05-20 16:00:00-04:00,74616.9651,75741.2234,82556.099,80568.4901
2020-05-21 16:00:00-04:00,74845.1165,75972.8123,82820.1288,80826.1632
2020-05-22 16:00:00-04:00,74893.2591,76021.6803,82845.4246,80850.85
2020-05-26 16:00:00-04:00,75779.2235,76756.995,83313.7984,81102.0802
2020-05-27 16:00:00-04:00,76024.965,77005.9072,83643.1362,81422.6752
2020-05-28 16:00:00-04:00,76246.6854,77230.4885,83975.3708,81746.0901
2020-05-29 16:00:00-04:00,76476.0674,77230.4885,83282.6974,81746.0901
2020-06-01 16:00:00-04:00,76755.3668,77230.4885,83499.027,81746.0901
2020-06-02 16:00:00-04:00,76429.8798,76902.9867,83091.1925,81346.8175
2020-06-03 16:00:00-04:00,76603.5862,76902.9867,82667.7111,81346.8175
2020-06-04 16:00:00-04:00,76277.0784,76575.2028,82870.5035,81546.3695
2020-06-05 16:00:00-04:00,76534.9285,76834.0607,83138.269,81809.8566
2020-06-08 16:00:00-04:00,76062.5295,76359.8153,82612.5526,81292.5403
2020-06-09 16:00:00-04:00,75663.2148,75958.94,82805.1233,81482.034
2020-06-10 16:00:00-04:00,75847.3354,76143.7802,83036.4844,81709.6984
2020-06-11 16:00:00-04:00,76218.1455,76516.0395,82196.2707,80882.9099
2020-06-12 16:00:00-04:00,76592.7333,76516.0395,82600.2568,80882.9099
2020-06-15 16:00:00-04:00,76969.8203,76892.7489,83006.5353,81280.7414
2020-06-16 16:00:00-04:00,77347.3196,77269.8702,83412.4619,81678.2283
2020-06-17 16:00:00-04:00,77356.1321,77278.674,83291.4424,81559.725
2020-06-18 16:00:00-04:00,77365.551,77288.0834,83321.0356,81588.7029
2020-06-19 16:00:00-04:00,77606.1318,77528.4232,83546.9395,81809.91
2020-06-22 16:00:00-04:00,77906.876,77828.8663,83814.526,82071.9331
2020-06-23 16:00:00-04:00,77427.1058,77349.5765,84032.4612,82285.3372
2020-06-24 16:00:00-04:00,77692.1193,77614.3247,84338.3741,82584.8898
2020-06-25 16:00:00-04:00,78033.5075,77955.371,84677.2757,82916.7453
2020-06-26 16:00:00-04:00,78338.2648,77955.371,85006.0285,82916.7453
2020-06-29 16:00:00-04:00,78652.8099,78268.3787,85399.8822,83300.9188
2020-06-30 16:00:00-04:00,78875.6683,78268.3787,85664.9534,83300.9188
2020-07-01 16:00:00-04:00,78777.3865,78268.3787,85927.2528,83300.9188
2020-07-02 16:00:00-04:00,79039.6548,78528.9524,86210.1543,83575.1736
2020-07-06 16:00:00-04:00,77680.2149,77181.4693,86631.7611,83751.721
2020-07-07 16:00:00-04:00,77313.0049,76816.617,86865.1487,83977.3498
2020-07-08 16:00:00-04:00,76884.5183,76390.8815,86202.1097,83336.3533
2020-07-09 16:00:00-04:00,77087.7809,76592.839,86526.6525,83650.1067
2020-07-10 16:00:00-04:00,77339.8721,76592.839,86773.9472,83650.1067
2020-07-13 16:00:00-04:00,77538.023,76789.0759,87052.7428,83918.8658
2020-07-14 16:00:00-04:00,77881.0225,77128.7624,86175.6762,83073.3734
2020-07-15 16:00:00-04:00,77245.1283,76499.0103,86597.8542,83480.3531
2020-07-16 16:00:00-04:00,77302.1482,76555.4795,85721.8303,82635.8658
2020-07-17 16:00:00-04:00,76883.0825,76140.4616,85019.152,81958.4838
2020-07-20 16:00:00-04:00,77039.8739,76295.7385,85303.0276,82232.14
2020-07-21 16:00:00-04:00,77189.5592,76443.978,85575.4564,82494.7613
2020-07-22 16:00:00-04:00,77318.2601,76571.4357,85087.7651,82024.6268
2020-07-23 16:00:00-04:00,77463.152,76714.9282,85373.2336,82299.8186
2020-07-24 16:00:00-04:00,77351.368,76604.2239,85792.0244,82703.533
2020-07-27 16:00:00-04:00,77470.0133,76721.7232,86059.0611,82960.9564
2020-07-28 16:00:00-04:00,77135.9566,76721.7232,86158.9745,82960.9564
2020-07-29 16:00:00-04:00,77287.4224,76872.3755,86424.4082,83216.5378
2020-07-30 16:00:00-04:00,77510.9321,77094.6849,86749.3494,83529.4179
2020-07-31 16:00:00-04:00,77715.4221,77094.6849,87109.9132,83529.4179
2020-08-03 16:00:00-04:00,77658.8349,77094.6849,86989.122,83529.4179
2020-08-04 16:00:00-04:00,77379.8787,76817.7552,86518.2049,83077.2301
2020-08-05 16:00:00-04:00,77393.9074,76817.7552,86455.2955,83077.2301
2020-08-06 16:00:00-04:00,77145.8937,76571.5879,86062.0016,82699.3034
2020-08-07 16:00:00-04:00,76868.3103,76296.071,85641.3598,82295.0972
2020-08-10 16:00:00-04:00,77022.0556,76448.6717,85925.2954,82567.9386
2020-08-11 16:00:00-04:00,76696.4486,76125.4886,85246.1312,81915.3114
2020-08-12 16:00:00-04:00,76903.1643,76330.6655,85601.8196,82257.102
2020-08-13 16:00:00-04:00,76635.1936,76064.6896,85070.4628,81746.5069
2020-08-14 16:00:00-04:00,76631.6867,76064.6896,84650.4608,81746.5069
2020-08-17 16:00:00-04:00,76571.4182,76004.8671,84811.3542,81901.8808
2020-08-18 16:00:00-04:00,76668.7975,76101.5258,85007.6199,82091.4136
2020-08-19 16:00:00-04:00,76743.2324,76175.41,84642.8768,81739.1831
2020-08-20 16:00:00-04:00,76873.8615,76305.0726,84858.2285,81947.1471
2020-08-21 16:00:00-04:00,76978.8015,76409.2362,85049.7026,82132.0526
2020-08-24 16:00:00-04:00,76688.9727,76121.5518,85333.8177,82406.4211
2020-08-25 16:00:00-04:00,76437.7118,76121.5518,85590.6259,82406.4211
2020-08-26 16:00:00-04:00,76524.307,76207.7889,85786.2473,82594.7648
2020-08-27 16:00:00-04:00,76151.5712,75836.5948,85151.3267,81983.465
2020-08-28 16:00:00-04:00,75796.7478,75836.5948,84634.7071,81983.465
2020-08-31 16:00:00-04:00,75519.4025,75559.1038,84846.2264,82188.3582
2020-09-01 16:00:00-04:00,75657.975,75559.1038,85002.0032,82188.3582
2020-09-02 16:00:00-04:00,75800.3237,75701.2664,84218.8131,81431.0925
2020-09-03 16:00:00-04:00,75979.2156,75701.2664,84630.0903,81431.0925
2020-09-04 16:00:00-04:00,76351.128,76071.8182,85047.3158,81832.547
2020-09-08 16:00:00-04:00,74154.0215,73882.7492,82372.8215,79259.148
2020-09-09 16:00:00-04:00,74498.6129,74226.08,82778.0199,79649.0299
2020-09-10 16:00:00-04:00,74767.1716,74493.6562,83183.2829,80038.9741
2020-09-11 16:00:00-04:00,74024.1859,74493.6562,83592.0121,80038.9741
2020-09-14 16:00:00-04:00,73786.2779,74254.2394,83257.7578,79718.9271
2020-09-15 16:00:00-04:00,74016.6054,74486.0276,82895.0727,79371.6577
2020-09-16 16:00:00-04:00,73681.8173,74149.1162,83211.8715,79674.9912
2020-09-17 16:00:00-04:00,73983.2426,74452.4532,82371.4419,78870.2836
2020-09-18 16:00:00-04:00,74250.989,74721.8977,82774.611,79256.3162
2020-09-21 16:00:00-04:00,73539.5636,74005.9603,81938.9916,78456.2144
2020-09-22 16:00:00-04:00,72954.1645,73416.8486,81110.2094,77662.6592
2020-09-23 16:00:00-04:00,73153.4572,73617.4052,81441.7198,77980.0789
2020-09-24 16:00:00-04:00,73456.3802,73922.2494,80618.7624,77192.1008
2020-09-25 16:00:00-04:00,72788.1084,73922.2494,81014.1014,77192.1008
2020-09-28 16:00:00-04:00,72833.8478,73968.7015,80269.6894,76482.808
2020-09-29 16:00:00-04:00,72477.1796,73968.7015,80293.7555,76482.808
2020-09-30 16:00:00-04:00,72652.382,74147.5094,80541.6695,76718.9553
2020-10-01 16:00:00-04:00,72476.2121,74147.5094,80048.9015,76718.9553
2020-10-02 16:00:00-04:00,71879.4459,73536.9818,79246.2768,75949.719
2020-10-05 16:00:00-04:00,72144.8416,73536.9818,79633.0572,75949.719
2020-10-06 16:00:00-04:00,71849.0978,73235.5312,79158.3948,75497.0116
2020-10-07 16:00:00-04:00,72071.0419,73461.758,78361.0503,74736.5473
2020-10-08 16:00:00-04:00,72141.1022,73533.1702,78130.2689,74516.4404
2020-10-09 16:00:00-04:00,71843.8649,73533.1702,78312.2259,74516.4404
2020-10-12 16:00:00-04:00,71980.9909,73673.5205,78543.8267,74736.8156
2020-10-13 16:00:00-04:00,72124.9456,73820.8601,77923.371,74146.4333
2020-10-14 16:00:00-04:00,72295.089,73995.0042,78223.0282,74431.5661
2020-10-15 16:00:00-04:00,72518.6883,74223.8611,78128.211,74341.3447
2020-10-16 16:00:00-04:00,72684.1361,74393.1992,77576.4368,73816.315
2020-10-19 16:00:00-04:00,72859.2399,74572.4203,77872.5984,74098.1216
2020-10-20 16:00:00-04:00,73051.4284,74769.1278,77231.4821,73488.0802
2020-10-21 16:00:00-04:00,73106.5509,74825.5465,77225.5281,73482.4148
2020-10-22 16:00:00-04:00,73316.2779,75040.2048,77515.983,73758.7913
2020-10-23 16:00:00-04:00,73474.6176,75202.2678,76944.6967,73215.1952
2020-10-26 16:00:00-04:00,73661.6944,75393.7433,77221.8748,73478.9385
2020-10-27 16:00:00-04:00,73685.4992,75393.7433,77204.2779,73478.9385
2020-10-28 16:00:00-04:00,73966.4449,75681.2021,77577.2419,73833.9059
2020-10-29 16:00:00-04:00,74315.6915,76038.5453,77952.3602,74190.9237
2020-10-30 16:00:00-04:00,74630.2899,76038.5453,78326.2845,74190.9237
2020-11-02 16:00:00-05:00,73879.1759,76038.5453,78708.7693,74190.9237
2020-11-03 16:00:00-05:00,74182.8932,76351.1398,79058.2876,74520.3798
2020-11-04 16:00:00-05:00,74525.0274,76351.1398,79446.054,74520.3798
2020-11-05 16:00:00-05:00,74335.6621,76157.1344,79170.7597,74262.1538
2020-11-06 16:00:00-05:00,74279.0092,76099.0933,79499.4442,74570.4599
2020-11-09 16:00:00-05:00,74642.0399,76471.0195,78756.0864,73873.1904
2020-11-10 16:00:00-05:00,73900.8737,75711.6923,77961.186,73127.574
2020-11-11 16:00:00-05:00,73881.6481,75691.9956,78341.7419,73484.5353
2020-11-12 16:00:00-05:00,73491.1401,75291.9188,78627.4147,73752.4963
2020-11-13 16:00:00-05:00,73679.7083,75291.9188,78921.073,73752.4963
2020-11-16 16:00:00-05:00,73866.9151,75483.2219,79013.5571,73838.9235
2020-11-17 16:00:00-05:00,74046.9876,75667.2346,79013.5571,73838.9235
2020-11-18 16:00:00-05:00,73767.1111,75381.234,79197.0445,74010.3943
2020-11-19 16:00:00-05:00,73918.225,75535.6546,79410.6397,74210.001
2020-11-20 16:00:00-05:00,74078.5968,75699.5355,79574.5412,74363.1685
2020-11-23 16:00:00-05:00,74251.6441,75876.3693,79777.3925,74552.735
2020-11-24 16:00:00-05:00,74427.4714,75876.3693,80006.2244,74552.735
2020-11-25 16:00:00-05:00,74150.9574,75594.4724,79596.738,74171.1605
2020-11-30 16:00:00-05:00,74447.2933,75800.3744,80056.0718,74456.1074
2020-12-01 16:00:00-05:00,74628.4044,75800.3744,80277.5432,74456.1074
2020-12-02 16:00:00-05:00,74787.4588,75961.9266,80523.4704,74684.2008
2020-12-03 16:00:00-05:00,74888.8092,75961.9266,80142.6591,74684.2008
2020-12-04 16:00:00-05:00,75016.74,76091.6907,80245.1386,74779.7005
2020-12-07 16:00:00-05:00,74818.4948,75890.6047,79954.6363,74508.9841
2020-12-08 16:00:00-05:00,74937.5166,76011.332,79587.5081,74166.8608
2020-12-09 16:00:00-05:00,75038.2438,76113.5025,79732.4045,74301.8884
2020-12-10 16:00:00-05:00,74881.1844,75954.1926,80071.1187,74617.533
2020-12-11 16:00:00-05:00,74522.8425,75954.1926,79552.9162,74617.533
2020-12-14 16:00:00-05:00,74202.8929,75628.0978,79084.5654,74178.2383
2020-12-15 16:00:00-05:00,73832.8445,75250.9419,79299.8301,74380.1482
2020-12-16 16:00:00-05:00,73948.1935,75368.5064,79452.9759,74523.793
2020-12-17 16:00:00-05:00,73779.6691,75196.7451,79617.3273,74677.9482
2020-12-18 16:00:00-05:00,73890.0286,75309.2244,79761.5224,74813.1976
2020-12-21 16:00:00-05:00,73413.3309,74823.3708,79196.6717,74283.3897
2020-12-22 16:00:00-05:00,73580.7583,74994.0139,78689.6502,73807.8233
2020-12-23 16:00:00-05:00,73345.9154,74754.6604,78404.8177,73540.6615
2020-12-28 16:00:00-05:00,73151.5081,74556.5191,78032.9427,73191.8572
2020-12-29 16:00:00-05:00,73256.0567,74556.5191,77697.544,73191.8572
2020-12-30 16:00:00-05:00,73337.4705,74639.3782,77688.2203,73183.0742
2020-12-31 16:00:00-05:00,73413.0461,74716.2954,77436.9853,72946.4084
2021-01-04 16:00:00-05:00,73538.79,74716.2954,77588.5297,72946.4084
2021-01-05 16:00:00-05:00,73689.126,74869.0387,77626.2562,72981.8777
2021-01-06 16:00:00-05:00,73873.8497,74869.0387,77904.0469,72981.8777
2021-01-07 16:00:00-05:00,74126.2921,75124.8819,78243.1661,73299.5705
2021-01-08 16:00:00-05:00,73767.0606,75124.8819,77741.6828,73299.5705
2021-01-11 16:00:00-05:00,73588.3949,74942.9275,77145.6736,72737.6169
2021-01-12 16:00:00-05:00,73267.3131,74615.9355,76643.1497,72263.8069
2021-01-13 16:00:00-05:00,73396.2213,74747.2166,76857.7083,72466.1058
2021-01-14 16:00:00-05:00,73162.7398,74509.4374,76539.7512,72166.3165
2021-01-15 16:00:00-05:00,73320.5918,74670.195,76748.427,72363.0687
2021-01-19 16:00:00-05:00,73697.4161,75053.9554,76899.9156,72505.9014
2021-01-20 16:00:00-05:00,73816.7537,75175.4896,77103.7542,72698.0927
2021-01-21 16:00:00-05:00,73574.3095,74928.5828,77269.2132,72854.0975
2021-01-22 16:00:00-05:00,73680.8388,75037.073,77030.6425,72629.1586
2021-01-25 16:00:00-05:00,73419.8073,74771.2367,77222.8366,72810.3708
2021-01-26 16:00:00-05:00,73501.6445,74771.2367,77064.9627,72810.3708
2021-01-27 16:00:00-05:00,73750.2447,75024.1309,77383.0068,73110.8564
2021-01-28 16:00:00-05:00,74070.5323,75349.9508,77745.1952,73453.0491
2021-01-29 16:00:00-05:00,73505.6639,75349.9508,76998.9149,73453.0491
2021-02-01 16:00:00-05:00,73818.3136,75349.9508,77375.5988,73453.0491
2021-02-02 16:00:00-05:00,74033.067,75569.1602,77628.2503,73692.8925
2021-02-03 16:00:00-05:00,73690.5509,75569.1602,77847.7324,73692.8925
2021-02-04 16:00:00-05:00,73813.0447,75694.7767,78004.0499,73840.8671
2021-02-05 16:00:00-05:00,73575.9813,75451.6698,78139.7,73969.2774
2021-02-08 16:00:00-05:00,73674.3828,75552.5799,77794.6903,73642.6814
2021-02-09 16:00:00-05:00,73766.1577,75646.6944,77515.2831,73378.1864
2021-02-10 16:00:00-05:00,73857.6401,75740.509,77651.885,73507.4977
2021-02-11 16:00:00-05:00,73986.2814,75872.4297,77218.9693,73097.6873
2021-02-12 16:00:00-05:00,74107.7968,75872.4297,77398.0361,73097.6873
2021-02-16 16:00:00-05:00,73762.0561,75518.4563,77606.2606,73294.3425
2021-02-17 16:00:00-05:00,73884.9457,75644.2721,77826.6621,73502.4982
2021-02-18 16:00:00-05:00,73540.9691,75292.1049,78068.07,73730.4931
2021-02-19 16:00:00-05:00,73656.8164,75410.7106,78245.4396,73898.0078
2021-02-22 16:00:00-05:00,73813.246,75570.8651,78519.9465,74157.2628
2021-02-23 16:00:00-05:00,73343.2216,75570.8651,78904.3031,74157.2628
2021-02-24 16:00:00-05:00,73580.4851,75815.3349,78107.289,73408.1986
2021-02-25 16:00:00-05:00,73743.6406,75983.446,78433.3059,73714.6017
2021-02-26 16:00:00-05:00,74062.6117,75983.446,78818.6006,73714.6017
2021-03-01 16:00:00-05:00,74424.332,75983.446,79205.4078,73714.6017
2021-03-02 16:00:00-05:00,74007.3473,75557.7259,79479.3421,73969.5459
2021-03-03 16:00:00-05:00,73565.809,75557.7259,78777.4566,73969.5459
2021-03-04 16:00:00-05:00,73000.6106,74977.2238,77981.1773,73221.8648
2021-03-05 16:00:00-05:00,73358.1302,75344.4238,78365.4216,73582.658
2021-03-08 16:00:00-05:00,72648.8402,74615.9287,78750.1917,73943.9451
2021-03-09 16:00:00-05:00,72401.7456,74362.1435,79137.1369,74307.2743
2021-03-10 16:00:00-05:00,71974.8179,73923.656,79513.7459,74660.8983
2021-03-11 16:00:00-05:00,72157.5267,74111.312,79899.9896,75023.569
2021-03-12 16:00:00-05:00,72288.43,74111.312,79166.7268,75023.569
2021-03-15 16:00:00-04:00,72397.2469,74222.8729,78665.9965,74549.0442
2021-03-16 16:00:00-04:00,72487.3744,74315.2731,78880.1458,74751.986
2021-03-17 16:00:00-04:00,72181.2394,74001.4184,78245.4847,74150.5396
2021-03-18 16:00:00-04:00,72366.575,74191.4275,78582.8694,74470.2675
2021-03-19 16:00:00-04:00,72149.6352,73969.0172,78535.1997,74425.0925
2021-03-22 16:00:00-04:00,72302.4261,74125.6611,78821.6118,74696.5154
2021-03-23 16:00:00-04:00,72088.3359,73906.1722,78401.0117,74297.9272
2021-03-24 16:00:00-04:00,71723.7662,73532.4092,77825.9593,73752.9699
2021-03-25 16:00:00-04:00,71313.088,73111.3751,78159.2895,74068.8554
2021-03-26 16:00:00-04:00,71490.5738,73111.3751,77507.9324,74068.8554
2021-03-29 16:00:00-04:00,71090.6103,72702.3437,76842.5827,73433.0277
2021-03-30 16:00:00-04:00,70824.5856,72702.3437,76787.2054,73433.0277
2021-03-31 16:00:00-04:00,70952.627,72833.7799,77028.0366,73663.3391
2021-04-01 16:00:00-04:00,71067.3504,72833.7799,77052.0735,73663.3391
2021-04-05 16:00:00-04:00,71176.5442,72833.7799,77239.8421,73663.3391
2021-04-06 16:00:00-04:00,70988.6449,72641.5056,77389.9826,73806.5275
2021-04-07 16:00:00-04:00,70805.7265,72454.3283,77560.5047,73969.1537
2021-04-08 16:00:00-04:00,70592.3231,72235.9561,77288.007,73709.2737
2021-04-09 16:00:00-04:00,70654.733,72235.9561,77433.5824,73709.2737
2021-04-12 16:00:00-04:00,70476.177,72053.4041,77425.692,73701.7628
2021-04-13 16:00:00-04:00,70550.5333,72129.4244,77540.8878,73811.4181
2021-04-14 16:00:00-04:00,70628.4682,72209.1035,77674.7325,73938.8253
2021-04-15 16:00:00-04:00,70745.6008,72328.8575,77893.2792,74146.8606
2021-04-16 16:00:00-04:00,70810.1616,72394.8632,77893.2792,74146.8606
2021-04-19 16:00:00-04:00,70897.344,72483.9966,78057.4533,74303.1384
2021-04-20 16:00:00-04:00,71023.0209,72612.4861,78267.2891,74502.8818
2021-04-21 16:00:00-04:00,71143.5958,72735.7595,78496.32,74720.8971
2021-04-22 16:00:00-04:00,71230.402,72824.5083,78159.7571,74400.5217
2021-04-23 16:00:00-04:00,71377.8371,72975.243,78389.5076,74619.2219
2021-04-26 16:00:00-04:00,71283.9987,72879.3045,78521.3784,74744.7502
2021-04-27 16:00:00-04:00,71190.2582,72879.3045,78409.1072,74744.7502
2021-04-28 16:00:00-04:00,71037.251,72722.6671,78409.1072,74744.7502
2021-04-29 16:00:00-04:00,71161.9593,72850.3342,78639.7025,74964.5689
2021-04-30 16:00:00-04:00,71076.677,72850.3342,78204.7933,74964.5689
2021-05-03 16:00:00-04:00,71093.6066,72850.3342,77780.1197,74964.5689
2021-05-04 16:00:00-04:00,71224.3777,72984.3367,78005.5759,75181.8638
2021-05-05 16:00:00-04:00,71220.1098,72984.3367,78280.6822,75181.8638
2021-05-06 16:00:00-04:00,70959.0633,72716.8237,77772.4014,74693.7038
2021-05-07 16:00:00-04:00,70916.9701,72673.6877,77164.7047,74110.0634
2021-05-10 16:00:00-04:00,71016.1418,72775.3161,77405.3113,74341.1454
2021-05-11 16:00:00-04:00,71222.2479,72986.5278,77771.7513,74693.0795
2021-05-12 16:00:00-04:00,71463.9693,73234.237,78151.2902,75057.5939
2021-05-13 16:00:00-04:00,70971.7262,72729.8002,77434.9829,74369.6424
2021-05-14 16:00:00-04:00,71182.6456,72729.8002,77778.4315,74369.6424
2021-05-17 16:00:00-04:00,71317.9053,72867.9998,77999.1559,74580.6931
2021-05-18 16:00:00-04:00,71408.6337,72960.7002,77538.8658,74140.576
2021-05-19 16:00:00-04:00,71626.031,73182.8227,77843.989,74432.3266
2021-05-20 16:00:00-04:00,71839.4244,73400.8541,78181.2554,74754.8118
2021-05-21 16:00:00-04:00,71989.7809,73554.4787,78387.9363,74952.4344
2021-05-24 16:00:00-04:00,72126.4742,73694.143,78595.6708,75151.0646
2021-05-25 16:00:00-04:00,72210.8397,73694.143,78453.6443,75151.0646
2021-05-26 16:00:00-04:00,72167.7534,73650.1717,78401.3098,75100.9331
2021-05-27 16:00:00-04:00,71990.8825,73469.6676,78121.7043,74833.0979
2021-05-28 16:00:00-04:00,71783.9824,73469.6676,77838.972,74833.0979
2021-06-01 16:00:00-04:00,71236.7769,72812.3446,77463.6309,74336.6683
2021-06-02 16:00:00-04:00,71055.0315,72626.5795,77585.8893,74453.9916
2021-06-03 16:00:00-04:00,70961.8299,72626.5795,77288.0335,74453.9916
2021-06-04 16:00:00-04:00,71066.5835,72733.7906,77488.0165,74646.6415
2021-06-07 16:00:00-04:00,71123.6894,72792.2362,77580.744,74735.9688
2021-06-08 16:00:00-04:00,71199.9861,72870.3228,77739.516,74888.9188
2021-06-09 16:00:00-04:00,71248.6722,72920.151,77894.52,75038.2391
2021-06-10 16:00:00-04:00,71021.2513,72687.3949,77894.52,75038.2391
2021-06-11 16:00:00-04:00,71095.7892,72687.3949,77894.52,75038.2391
2021-06-14 16:00:00-04:00,71153.6444,72746.5454,77996.93,75136.8938
2021-06-15 16:00:00-04:00,71214.4352,72808.697,78121.1073,75256.5177
2021-06-16 16:00:00-04:00,71269.6579,72865.156,78230.5374,75361.9352
2021-06-17 16:00:00-04:00,71421.0803,73019.9682,78475.7001,75598.1082
2021-06-18 16:00:00-04:00,71600.3134,73203.2138,78397.7612,75523.0271
2021-06-21 16:00:00-04:00,71772.707,73379.4667,78651.0176,75766.997
2021-06-22 16:00:00-04:00,71869.8195,73478.7533,78816.5489,75926.4585
2021-06-23 16:00:00-04:00,71689.3528,73294.2465,78816.5489,75926.4585
2021-06-24 16:00:00-04:00,71613.4361,73216.6303,78530.5921,75650.9873
2021-06-25 16:00:00-04:00,71678.8758,73216.6303,78448.5336,75650.9873
2021-06-28 16:00:00-04:00,71553.0223,73088.0768,78586.9879,75784.5042
2021-06-29 16:00:00-04:00,71595.2709,73088.0768,78672.1006,75784.5042
2021-06-30 16:00:00-04:00,71647.2709,73141.161,78672.1006,75784.5042
2021-07-01 16:00:00-04:00,71704.7693,73141.161,78798.5769,75784.5042
2021-07-02 16:00:00-04:00,71754.3697,73191.755,78912.4167,75893.9896
2021-07-06 16:00:00-04:00,71776.4744,73170.336,78728.2721,75893.9896
2021-07-07 16:00:00-04:00,71867.4553,73263.0837,78887.5085,76047.4933
2021-07-08 16:00:00-04:00,72042.0885,73441.1081,79134.4992,76285.5922
2021-07-09 16:00:00-04:00,72187.03,73441.1081,79320.8094,76285.5922
2021-07-12 16:00:00-04:00,72260.7965,73516.1562,79320.8094,76285.5922
2021-07-13 16:00:00-04:00,72317.1148,73573.4529,79419.9756,76380.9638
2021-07-14 16:00:00-04:00,72422.7071,73680.8796,79618.5631,76571.9523
2021-07-15 16:00:00-04:00,72183.582,73437.6002,79847.6534,76792.2764
2021-07-16 16:00:00-04:00,72297.7882,73553.7905,80053.7488,76990.4856
2021-07-19 16:00:00-04:00,72482.171,73741.3766,79552.9641,76508.8635
2021-07-20 16:00:00-04:00,72685.2577,73947.9913,79809.3586,76755.447
2021-07-21 16:00:00-04:00,72789.5049,74054.0496,79971.2087,76911.1039
2021-07-22 16:00:00-04:00,72588.1913,73849.2387,79678.5732,76629.6661
2021-07-23 16:00:00-04:00,72671.2077,73933.6973,79794.1598,76740.8298
2021-07-26 16:00:00-04:00,72748.0105,74011.8344,79902.3979,76844.9262
2021-07-27 16:00:00-04:00,72840.0471,74011.8344,80037.4921,76844.9262
2021-07-28 16:00:00-04:00,72840.0471,74011.8344,79543.2684,76370.4162
2021-07-29 16:00:00-04:00,72703.5746,73873.1664,79543.2684,76370.4162
2021-07-30 16:00:00-04:00,72499.0188,73873.1664,79456.6734,76370.4162
2021-08-02 16:00:00-04:00,72594.3643,73873.1664,79456.6734,76370.4162
2021-08-03 16:00:00-04:00,72727.7207,74008.872,79086.1043,76014.2407
2021-08-04 16:00:00-04:00,72828.6021,74008.872,78974.4051,76014.2407
2021-08-05 16:00:00-04:00,72908.253,74089.8136,79098.7765,76133.9504
2021-08-06 16:00:00-04:00,72908.253,74089.8136,79205.6103,76236.7798
2021-08-09 16:00:00-04:00,72908.253,74089.8136,79205.6103,76236.7798
2021-08-10 16:00:00-04:00,72786.8482,73966.4414,79295.8862,76323.6719
2021-08-11 16:00:00-04:00,72654.9828,73832.439,79426.1186,76449.0229
2021-08-12 16:00:00-04:00,72705.9339,73884.2158,79572.2805,76589.7062
2021-08-13 16:00:00-04:00,72705.9339,73884.2158,79623.2741,76589.7062
2021-08-16 16:00:00-04:00,72774.4824,73953.8752,79739.2841,76701.2964
2021-08-17 16:00:00-04:00,72892.0249,74073.3226,79301.1165,76279.8226
2021-08-18 16:00:00-04:00,72593.804,73770.2687,79452.9776,76425.8979
2021-08-19 16:00:00-04:00,72764.8689,73944.1059,79675.9306,76640.3566
2021-08-20 16:00:00-04:00,72936.301,74118.3163,79891.5153,76847.7277
2021-08-23 16:00:00-04:00,73050.2263,74234.0879,80040.8969,76991.418
2021-08-24 16:00:00-04:00,72980.4054,74163.1353,79971.3948,76924.5639
2021-08-25 16:00:00-04:00,73023.5159,74206.9446,80056.3327,77006.2657
2021-08-26 16:00:00-04:00,73092.6151,74277.1635,80167.4671,77113.1661
2021-08-27 16:00:00-04:00,73202.6726,74277.1635,80324.9828,77113.1661
2021-08-30 16:00:00-04:00,73272.0312,74347.5401,80440.0055,77223.5896
2021-08-31 16:00:00-04:00,73114.0339,74347.5401,80440.0055,77223.5896
2021-09-01 16:00:00-04:00,72975.1411,74347.5401,80522.5958,77223.5896
2021-09-02 16:00:00-04:00,73046.9498,74420.6993,80637.6419,77333.9224
2021-09-03 16:00:00-04:00,73132.9468,74420.6993,80646.0006,77333.9224
2021-09-07 16:00:00-04:00,72971.776,74256.6905,80167.4786,76875.0529
2021-09-08 16:00:00-04:00,72777.3866,74058.8783,80282.4887,76985.3397
2021-09-09 16:00:00-04:00,72575.9712,73853.9163,80395.7109,77093.9119
2021-09-10 16:00:00-04:00,72703.0809,73853.9163,80547.8264,77093.9119
2021-09-13 16:00:00-04:00,72852.0744,74005.2682,80259.3579,76817.813
2021-09-14 16:00:00-04:00,73000.5657,74156.11,80456.541,77006.5409
2021-09-15 16:00:00-04:00,73121.1343,74278.5871,80045.0841,76612.7274
2021-09-16 16:00:00-04:00,73239.5898,74398.9177,79714.1522,76295.9859
2021-09-17 16:00:00-04:00,73370.7797,74532.1843,79879.7816,76454.513
2021-09-20 16:00:00-04:00,73571.2439,74735.8217,80142.4945,76705.9608
2021-09-21 16:00:00-04:00,73816.1386,74984.5928,79530.972,76120.6605
2021-09-22 16:00:00-04:00,74025.5007,75197.269,79763.1197,76342.8537
2021-09-23 16:00:00-04:00,74237.135,75412.2534,79631.2201,76216.6099
2021-09-24 16:00:00-04:00,74326.8006,75412.2534,79802.118,76216.6099
2021-09-27 16:00:00-04:00,74209.0635,75292.7969,79607.8328,76031.054
2021-09-28 16:00:00-04:00,74366.7018,75292.7969,79863.1319,76031.054
2021-09-29 16:00:00-04:00,73928.634,74849.2738,80140.7294,76295.3315
2021-09-30 16:00:00-04:00,74110.5364,75033.4415,80415.4172,76556.8389
2021-10-01 16:00:00-04:00,73585.1663,75033.4415,79789.7632,76556.8389
2021-10-04 16:00:00-04:00,73781.5113,75233.6508,80062.8482,76818.859
2021-10-05 16:00:00-04:00,74015.1634,75233.6508,80356.8051,76818.859
2021-10-06 16:00:00-04:00,74233.0814,75455.1564,80646.4707,77095.7713
2021-10-07 16:00:00-04:00,73731.8099,74945.6326,80042.3997,76518.2963
2021-10-08 16:00:00-04:00,73722.962,74945.6326,80117.8212,76518.2963
2021-10-11 16:00:00-04:00,73445.2081,74663.2722,79725.6754,76143.7688
2021-10-12 16:00:00-04:00,73343.2062,74559.5787,79255.7259,75694.9331
2021-10-13 16:00:00-04:00,72975.5456,74185.8205,78743.4005,75205.6254
2021-10-14 16:00:00-04:00,73152.2552,74365.4608,78964.611,75416.8974
2021-10-15 16:00:00-04:00,73263.5372,74478.5884,79096.3861,75542.7522
2021-10-18 16:00:00-04:00,73366.9453,74583.7114,79226.6089,75667.1243
2021-10-19 16:00:00-04:00,73458.7013,74676.9892,79346.1135,75781.2598
2021-10-20 16:00:00-04:00,73277.6421,74492.9272,79456.3572,75886.5505
2021-10-21 16:00:00-04:00,73108.1946,74320.6694,79563.5751,75988.9514
2021-10-22 16:00:00-04:00,72919.9315,74129.284,79279.1778,75717.3313
2021-10-25 16:00:00-04:00,73024.2224,74235.3046,79426.1042,75857.6567
2021-10-26 16:00:00-04:00,72822.689,74235.3046,79087.5847,75857.6567
2021-10-27 16:00:00-04:00,72636.6145,74045.6207,79297.0275,76058.5459
2021-10-28 16:00:00-04:00,72754.5118,74165.8049,79482.4008,76236.3487
2021-10-29 16:00:00-04:00,72860.3968,74165.8049,79651.3858,76236.3487
2021-11-01 16:00:00-04:00,72965.8504,74165.8049,79651.3858,76236.3487
2021-11-02 16:00:00-04:00,73044.1828,74245.4255,79334.8089,75933.345
2021-11-03 16:00:00-04:00,73109.3558,74245.4255,79461.8991,75933.345
2021-11-04 16:00:00-04:00,72897.6464,74030.4263,79622.8228,76087.1228
2021-11-05 16:00:00-04:00,72981.903,74115.9922,79772.0777,76229.7499
2021-11-08 16:00:00-05:00,72942.0378,74075.5075,79696.4999,76157.5282
2021-11-09 16:00:00-05:00,72777.0501,73907.956,79567.5878,76034.3405
2021-11-10 16:00:00-05:00,72882.7383,74015.2866,79079.9122,75568.3204
2021-11-11 16:00:00-05:00,72928.8947,74062.1602,79200.9988,75684.0301
2021-11-12 16:00:00-05:00,73016.9056,74062.1602,79360.4401,75684.0301
2021-11-15 16:00:00-05:00,72859.5922,73902.5948,79493.5333,75810.9577
2021-11-16 16:00:00-05:00,72950.1625,73994.4616,79663.2006,75972.7651
2021-11-17 16:00:00-05:00,72764.526,73806.1677,79789.2365,76092.9623
2021-11-18 16:00:00-05:00,72862.3498,73905.3918,79419.9026,75740.738
2021-11-19 16:00:00-05:00,72660.6813,73700.8364,79086.8479,75423.1122
2021-11-22 16:00:00-05:00,72414.8962,73451.5328,78743.1011,75095.2896
2021-11-23 16:00:00-05:00,72581.3813,73620.4012,79032.3524,75371.1413
2021-11-24 16:00:00-05:00,72764.055,73805.6899,79361.063,75684.6242
2021-11-29 16:00:00-05:00,72393.7182,73269.5604,79833.1277,75945.8579
2021-11-30 16:00:00-05:00,72015.0534,73269.5604,79413.8527,75945.8579
2021-12-01 16:00:00-05:00,72254.2835,73269.5604,78819.6462,75945.8579
2021-12-02 16:00:00-05:00,72594.2805,73614.3348,78023.8044,75179.0328
2021-12-03 16:00:00-05:00,72892.9072,73614.3348,78405.596,75179.0328
2021-12-06 16:00:00-05:00,73208.5424,73933.094,78789.1418,75546.7948
2021-12-07 16:00:00-05:00,73242.7431,73967.6331,79127.9052,75871.6173
2021-12-08 16:00:00-05:00,72932.9351,73654.7589,79216.3,75956.3745
2021-12-09 16:00:00-05:00,72684.661,73404.0276,79423.1186,76154.6821
2021-12-10 16:00:00-05:00,72844.2624,73404.0276,78825.6345,76154.6821
2021-12-13 16:00:00-05:00,72983.9726,73544.8114,79059.978,76381.0851
2021-12-14 16:00:00-05:00,73166.2844,73728.5242,79371.5247,76682.0752
2021-12-15 16:00:00-05:00,72848.8165,73408.6168,79618.9855,76921.1509
2021-12-16 16:00:00-05:00,73090.8142,73652.4741,80007.9818,77296.9664
2021-12-17 16:00:00-05:00,72517.9569,73075.2146,79486.4109,76793.0686
2021-12-20 16:00:00-05:00,72085.2667,72639.1995,78998.4642,76321.6556
2021-12-21 16:00:00-05:00,71610.0295,72160.3104,78331.2972,75677.0951
2021-12-22 16:00:00-05:00,71754.3275,72305.7172,78576.3444,75913.8391
2021-12-23 16:00:00-05:00,71867.7632,72420.0246,78771.8835,76102.7524
2021-12-27 16:00:00-05:00,71972.2159,72525.28,78945.553,76270.5373
2021-12-28 16:00:00-05:00,72063.9389,72525.28,78627.1017,76270.5373
2021-12-29 16:00:00-05:00,71818.9505,72278.7232,78219.247,75874.9066
2021-12-30 16:00:00-05:00,71870.0664,72330.1664,77893.3862,75558.8123
2021-12-31 16:00:00-05:00,71668.6916,72127.5024,78040.3975,75701.4175
2022-01-03 16:00:00-05:00,71668.6916,72127.5024,78026.3001,75701.4175
2022-01-04 16:00:00-05:00,71791.2044,72250.7995,78205.4719,75875.2507
2022-01-05 16:00:00-05:00,71528.283,72250.7995,78444.528,75875.2507
2022-01-06 16:00:00-05:00,71076.9773,71794.9351,77650.7956,75107.5152
2022-01-07 16:00:00-05:00,71251.2949,71971.0134,77980.6237,75426.5405
2022-01-10 16:00:00-05:00,70814.0438,71529.3456,77233.651,74704.0333
2022-01-11 16:00:00-05:00,71058.0196,71775.7858,77610.5738,75068.6108
2022-01-12 16:00:00-05:00,70695.9658,71410.0749,77005.1582,74483.0242
2022-01-13 16:00:00-05:00,70842.8205,71558.413,77245.8973,74715.8784
2022-01-14 16:00:00-05:00,70404.9189,71558.413,77218.0543,74715.8784
2022-01-18 16:00:00-05:00,70590.3978,71746.9307,76606.1048,74123.7585
2022-01-19 16:00:00-05:00,70802.5493,71962.558,76924.6555,74431.987
2022-01-20 16:00:00-05:00,70336.3065,71488.6765,76216.2792,73746.5649
2022-01-21 16:00:00-05:00,69780.71,70923.9772,75445.5313,73000.7923
2022-01-24 16:00:00-05:00,70122.862,71271.735,75817.2715,73360.4866
2022-01-25 16:00:00-05:00,70466.8626,71271.735,75054.4565,73360.4866
2022-01-26 16:00:00-05:00,69755.6025,70552.3508,74298.3255,72621.4214
2022-01-27 16:00:00-05:00,70097.7091,70898.3651,73550.2183,71890.1989
2022-01-28 16:00:00-05:00,70441.6787,70898.3651,73912.5163,71890.1989
2022-01-31 16:00:00-05:00,70785.6052,71244.5213,74275.5321,72243.2822
2022-02-01 16:00:00-05:00,70255.1116,71244.5213,73524.2274,72243.2822
2022-02-02 16:00:00-05:00,69791.0935,70773.9683,72786.2348,71518.147
2022-02-03 16:00:00-05:00,69299.4861,70773.9683,72050.7046,71518.147
2022-02-04 16:00:00-05:00,68805.8336,70269.8124,71333.745,70806.4867
2022-02-07 16:00:00-05:00,68342.1188,69796.2312,71649.321,71119.7302
2022-02-08 16:00:00-05:00,68533.9626,69992.1568,71028.6112,70503.6083
2022-02-09 16:00:00-05:00,68626.904,70087.0757,71275.7285,70748.899
2022-02-10 16:00:00-05:00,68826.771,70291.1953,71588.0227,71058.8849
2022-02-11 16:00:00-05:00,69091.6627,70291.1953,71938.1201,71058.8849
2022-02-14 16:00:00-05:00,69402.5841,70607.5147,71211.3391,70340.9868
2022-02-15 16:00:00-05:00,69402.5841,70607.5147,71505.7436,70631.793
2022-02-16 16:00:00-05:00,69572.8631,70780.75,71747.7312,70870.823
2022-02-17 16:00:00-05:00,69806.9505,71018.9015,72053.9114,71173.261
2022-02-18 16:00:00-05:00,70014.5416,71230.0967,72356.2233,71471.8781
2022-02-22 16:00:00-05:00,69711.4275,71468.7526,71933.0501,71780.1157
2022-02-23 16:00:00-05:00,70019.3502,71784.4375,72285.5387,72131.8549
2022-02-24 16:00:00-05:00,70362.4551,72136.1916,72641.1843,72486.7443
2022-02-25 16:00:00-05:00,70706.9589,72136.1916,72998.5714,72486.7443
2022-02-28 16:00:00-05:00,71031.031,72466.8143,72261.3109,71754.6532
2022-03-01 16:00:00-05:00,71371.2401,72466.8143,72615.383,71754.6532
2022-03-02 16:00:00-05:00,70652.536,71737.0779,71881.7107,71029.6773
2022-03-03 16:00:00-05:00,70916.8599,71737.0779,72205.3755,71029.6773
2022-03-04 16:00:00-05:00,70229.8016,71042.073,72558.721,71377.2693
2022-03-07 16:00:00-05:00,70534.6674,71350.4649,72913.7338,71726.5016
2022-03-08 16:00:00-05:00,69878.8615,70687.0741,72177.1646,71001.9257
2022-03-09 16:00:00-05:00,70222.0575,71034.2394,72532.8768,71351.8459
2022-03-10 16:00:00-05:00,69587.3177,70392.1583,72888.0896,71701.2749
2022-03-11 16:00:00-05:00,69854.7443,70392.1583,73244.0796,71701.2749
2022-03-14 16:00:00-04:00,70092.07,70631.3098,72504.9381,70977.7026
2022-03-15 16:00:00-04:00,70361.2715,70902.5823,72859.285,71324.5856
2022-03-16 16:00:00-04:00,69789.5947,70326.5074,73213.9631,71671.7928
2022-03-17 16:00:00-04:00,70103.2588,70642.5847,73561.2897,72011.8033
2022-03-18 16:00:00-04:00,70322.9949,70864.0113,73905.0692,72348.3415
2022-03-21 16:00:00-04:00,69946.2389,70484.3568,73309.554,71765.3702
2022-03-22 16:00:00-04:00,70161.4505,70701.2241,73664.6178,72112.9549
2022-03-23 16:00:00-04:00,69762.5001,70299.2044,73970.7555,72412.6442
2022-03-24 16:00:00-04:00,69947.8887,70486.0193,73316.7827,71772.4466
2022-03-25 16:00:00-04:00,70099.4896,70486.0193,72774.9838,71772.4466
2022-03-28 16:00:00-04:00,70270.1765,70657.6474,72140.2438,71146.4508
2022-03-29 16:00:00-04:00,69847.5142,70657.6474,71484.9242,71146.4508
2022-03-30 16:00:00-04:00,69996.8974,70808.7632,70997.8854,70661.718
2022-03-31 16:00:00-04:00,69683.3586,70491.5878,70581.4325,70247.237
2022-04-01 16:00:00-04:00,69856.2995,70491.5878,70181.3147,70247.237
2022-04-04 16:00:00-04:00,70031.3351,70668.2152,70427.5027,70493.6564
2022-04-05 16:00:00-04:00,70174.7568,70668.2152,70631.7989,70493.6564
2022-04-06 16:00:00-04:00,69777.7587,70268.4255,70047.3676,69910.3681
2022-04-07 16:00:00-04:00,69267.5127,69754.5915,70390.3783,70252.7079
2022-04-08 16:00:00-04:00,68802.1692,69754.5915,69703.0859,70252.7079
2022-04-11 16:00:00-04:00,69014.8232,69970.1893,70043.3134,70595.6181
2022-04-12 16:00:00-04:00,69196.4325,70154.3126,70326.6683,70881.2074
2022-04-13 16:00:00-04:00,69387.1272,70347.6471,70631.2325,71188.1731
2022-04-14 16:00:00-04:00,69550.0335,70512.8085,70872.9858,71431.8327
2022-04-18 16:00:00-04:00,69184.2216,70141.9327,71122.1827,71682.9946
2022-04-19 16:00:00-04:00,69381.5189,70341.9612,71422.7817,71985.9638
2022-04-20 16:00:00-04:00,69040.3863,69996.1063,71696.3046,72261.6435
2022-04-21 16:00:00-04:00,69245.1165,70203.6706,72040.4218,72608.4741
2022-04-22 16:00:00-04:00,69509.9098,70472.1294,72392.8826,72963.7141
2022-04-25 16:00:00-04:00,68832.3153,69785.155,72747.2621,73320.888
2022-04-26 16:00:00-04:00,69147.3124,69785.155,73104.1367,73320.888
2022-04-27 16:00:00-04:00,68447.6822,69079.0712,72366.7143,72581.2791
2022-04-28 16:00:00-04:00,67756.0933,68381.1028,71636.9138,71849.3148
2022-04-29 16:00:00-04:00,68069.0779,68381.1028,71988.64,71849.3148
2022-05-02 16:00:00-04:00,67380.2408,68381.1028,71262.4334,71849.3148
2022-05-03 16:00:00-04:00,67178.0114,68175.8695,71143.2453,71729.1451
2022-05-04 16:00:00-04:00,66599.382,68175.8695,71491.5807,71729.1451
2022-05-05 16:00:00-04:00,66925.7695,68509.983,71843.8846,72082.6196
2022-05-06 16:00:00-04:00,66773.3405,68353.9458,71120.8325,71357.1649
2022-05-09 16:00:00-04:00,67101.4128,68689.784,71471.473,71708.9706
2022-05-10 16:00:00-04:00,67430.521,69026.6826,70751.7004,70986.8062
2022-05-11 16:00:00-04:00,66749.9354,68329.9867,71100.2975,71336.5616
2022-05-12 16:00:00-04:00,67077.8768,68665.6909,71451.245,71688.6753
2022-05-13 16:00:00-04:00,67406.8879,68665.6909,71803.4463,71688.6753
2022-05-16 16:00:00-04:00,67723.0274,68987.7342,71078.7669,70965.1543
2022-05-17 16:00:00-04:00,67095.6014,68348.5911,70361.3358,70248.8699
2022-05-18 16:00:00-04:00,67387.8038,68646.2504,70705.8561,70592.8396
2022-05-19 16:00:00-04:00,66706.5159,67952.2397,69992.6947,69880.818
2022-05-20 16:00:00-04:00,67033.174,68284.998,70337.0775,70224.6505
2022-05-23 16:00:00-04:00,67181.159,68435.7465,70498.1616,70385.477
2022-05-24 16:00:00-04:00,66509.113,67751.1503,69787.0732,69675.5253
2022-05-25 16:00:00-04:00,66825.2477,68073.1887,70129.6762,70017.5807
2022-05-26 16:00:00-04:00,67108.0576,68361.28,70473.3288,70360.6839
2022-05-27 16:00:00-04:00,67327.2902,68361.28,70811.5711,70360.6839
2022-05-31 16:00:00-04:00,67673.3379,68487.3037,70635.5064,70555.024
2022-06-01 16:00:00-04:00,67950.91,68487.3037,70981.2783,70555.024
2022-06-02 16:00:00-04:00,68221.056,68759.5822,71328.597,70900.257
2022-06-03 16:00:00-04:00,68462.4557,68759.5822,71677.0138,70900.257
2022-06-06 16:00:00-04:00,67945.6064,68240.4898,70957.3658,70188.4078
2022-06-07 16:00:00-04:00,68196.0951,68492.0655,71304.2138,70531.497
2022-06-08 16:00:00-04:00,68406.3612,68703.2443,71264.5658,70492.2787
2022-06-09 16:00:00-04:00,68618.2044,68916.0068,71540.1265,70764.8532
2022-06-10 16:00:00-04:00,68856.659,68916.0068,71794.8345,70764.8532
2022-06-13 16:00:00-04:00,69194.0247,69253.6633,72147.627,71112.5844
2022-06-14 16:00:00-04:00,69532.6788,69592.6094,71419.6077,70395.0094
2022-06-15 16:00:00-04:00,68903.7233,68963.1117,70730.4054,69715.6946
2022-06-16 16:00:00-04:00,69243.463,69303.1443,71079.9437,70060.2183
2022-06-17 16:00:00-04:00,69582.5072,69642.4807,70362.9887,69353.5489
2022-06-21 16:00:00-04:00,70110.1982,70170.6265,70591.422,69578.7051
2022-06-22 16:00:00-04:00,70361.9451,70422.5904,70881.3575,69864.4811
2022-06-23 16:00:00-04:00,69775.6888,69835.8288,70164.7797,69158.1835
2022-06-24 16:00:00-04:00,70056.8192,69835.8288,70507.7141,69158.1835
2022-06-27 16:00:00-04:00,70056.8192,69835.8288,70507.7141,69158.1835
2022-06-28 16:00:00-04:00,70304.445,69835.8288,70822.211,69158.1835
2022-06-29 16:00:00-04:00,70304.445,69835.8288,70575.7707,68917.5335
2022-06-30 16:00:00-04:00,70613.3341,70142.6589,69862.2839,68220.8107
2022-07-01 16:00:00-04:00,69899.6071,70142.6589,69865.9347,68220.8107
2022-07-05 16:00:00-04:00,70735.487,70981.4453,70616.4964,68953.699
2022-07-06 16:00:00-04:00,70188.1108,70981.4453,70372.644,68953.699
2022-07-07 16:00:00-04:00,70399.7982,71195.5254,70679.5549,69254.4216
2022-07-08 16:00:00-04:00,70601.9535,71195.5254,70957.5647,69254.4216
2022-07-11 16:00:00-04:00,70601.9535,71195.5254,70957.5647,69254.4216
2022-07-12 16:00:00-04:00,70794.7196,71389.9122,70348.1298,68659.6145
2022-07-13 16:00:00-04:00,71099.5138,71697.2689,70106.1633,68423.4557
2022-07-14 16:00:00-04:00,70426.8361,71018.9357,69397.4546,67731.7577
2022-07-15 16:00:00-04:00,70578.1657,71171.5376,69516.5991,67848.0424
2022-07-18 16:00:00-04:00,70754.4542,71349.3083,69725.009,68051.45
2022-07-19 16:00:00-04:00,70984.3315,71581.1182,70040.0747,68358.9534
2022-07-20 16:00:00-04:00,71160.7411,71759.0109,70282.2941,68595.3591
2022-07-21 16:00:00-04:00,70625.6853,71219.4567,69581.797,67911.6755
2022-07-22 16:00:00-04:00,70835.1114,71430.6435,69856.9249,68180.1997
2022-07-25 16:00:00-04:00,70505.0534,71097.8107,70117.885,68434.8961
2022-07-26 16:00:00-04:00,70690.8012,71097.8107,70380.6633,68434.8961
2022-07-27 16:00:00-04:00,70863.816,71271.8216,70648.0988,68694.938
2022-07-28 16:00:00-04:00,71110.999,71520.4278,70980.2953,69017.9505
2022-07-29 16:00:00-04:00,71300.643,71520.4278,70445.5606,69017.9505
2022-08-01 16:00:00-04:00,70882.9165,71520.4278,70695.9079,69017.9505
2022-08-02 16:00:00-04:00,71105.1237,71744.6335,71004.6331,69319.3482
2022-08-03 16:00:00-04:00,71334.4113,71744.6335,71324.5663,69319.3482
2022-08-04 16:00:00-04:00,70970.9465,71379.0785,71568.8388,69556.7531
2022-08-05 16:00:00-04:00,70545.8246,70951.5119,70947.8157,68953.1895
2022-08-08 16:00:00-04:00,70730.2192,71136.9669,71224.2614,69221.8632
2022-08-09 16:00:00-04:00,70579.9876,70985.8714,70715.7477,68727.6459
2022-08-10 16:00:00-04:00,70672.2387,71078.653,70903.1577,68909.787
2022-08-11 16:00:00-04:00,70344.8757,70749.4074,70452.9466,68472.2331
2022-08-12 16:00:00-04:00,70507.8046,70749.4074,70691.1493,68472.2331
2022-08-15 16:00:00-04:00,70641.4265,70883.4871,70873.5401,68648.8989
2022-08-16 16:00:00-04:00,70394.4935,70635.708,71035.0893,68805.3772
2022-08-17 16:00:00-04:00,70034.5636,70274.5447,71283.7435,69046.2265
2022-08-18 16:00:00-04:00,70193.4991,70434.0248,71532.4719,69287.1475
2022-08-19 16:00:00-04:00,70350.5703,70591.6343,71766.873,69514.1911
2022-08-22 16:00:00-04:00,70534.2213,70775.9146,72016.6005,69756.0799
2022-08-23 16:00:00-04:00,70171.6921,70412.1431,71506.9791,69262.4549
2022-08-24 16:00:00-04:00,70315.0291,70555.9713,71713.3997,69462.3962
2022-08-25 16:00:00-04:00,70456.9629,70698.3915,71903.5755,69646.6026
2022-08-26 16:00:00-04:00,70687.5184,70698.3915,72211.4263,69646.6026
2022-08-29 16:00:00-04:00,70187.4153,70198.2114,71563.5535,69021.7412
2022-08-30 16:00:00-04:00,70415.4132,70198.2114,71863.5607,69021.7412
2022-08-31 16:00:00-04:00,70659.1249,70441.1714,72189.817,69335.0958
2022-09-01 16:00:00-04:00,70084.4037,70441.1714,72542.1527,69335.0958
2022-09-02 16:00:00-04:00,69517.3181,69871.1989,71816.5799,68641.6002
2022-09-06 16:00:00-04:00,69080.986,69858.3745,71114.7637,68510.4863
2022-09-07 16:00:00-04:00,69320.2838,70100.3651,71439.7131,68823.5357
2022-09-08 16:00:00-04:00,69558.0896,70340.847,71764.2302,69136.1688
2022-09-09 16:00:00-04:00,69810.5278,70340.847,72093.3718,69136.1688
2022-09-12 16:00:00-04:00,69445.3912,69972.9366,71648.3635,68709.4144
2022-09-13 16:00:00-04:00,69710.8664,70240.4284,71992.2598,69039.2043
2022-09-14 16:00:00-04:00,69186.4734,69712.0519,71308.873,68383.8494
2022-09-15 16:00:00-04:00,68621.9986,69143.2891,70587.5488,67692.1134
2022-09-16 16:00:00-04:00,68746.3669,69268.6021,70860.0918,67953.4768
2022-09-19 16:00:00-04:00,69003.3558,69527.5433,70185.6433,67306.6936
2022-09-20 16:00:00-04:00,68536.4747,69057.1154,70459.781,67569.5864
2022-09-21 16:00:00-04:00,68060.6398,68577.6658,70635.7428,67738.3304
2022-09-22 16:00:00-04:00,68034.9183,68551.7489,70551.989,67658.0122
2022-09-23 16:00:00-04:00,68345.7698,68864.9618,70896.5395,67988.4295
2022-09-26 16:00:00-04:00,67753.7864,68268.4814,70179.1146,67300.4327
2022-09-27 16:00:00-04:00,68085.0273,68268.4814,70523.53,67300.4327
2022-09-28 16:00:00-04:00,68398.4819,68582.7806,70868.5933,67629.7257
2022-09-29 16:00:00-04:00,67739.6752,67922.1987,71215.404,67960.6864
2022-09-30 16:00:00-04:00,68022.7903,67922.1987,71563.1266,67960.6864
2022-10-03 16:00:00-04:00,68341.2701,67922.1987,71912.7862,67960.6864
2022-10-04 16:00:00-04:00,68535.7419,68115.478,71193.4381,67280.8713
2022-10-05 16:00:00-04:00,67973.4181,68115.478,71520.4435,67280.8713
2022-10-06 16:00:00-04:00,68239.8902,68382.5071,70798.0224,66601.2737
2022-10-07 16:00:00-04:00,68505.1233,68648.2945,71141.6666,66924.5475
2022-10-10 16:00:00-04:00,68737.646,68881.3032,71441.7055,67206.8007
2022-10-11 16:00:00-04:00,69003.3433,69147.5558,71790.6698,67535.0792
2022-10-12 16:00:00-04:00,69003.3433,69147.5558,71790.6698,67535.0792
2022-10-13 16:00:00-04:00,69340.662,69485.5794,72143.2342,67866.7443
2022-10-14 16:00:00-04:00,69680.5165,69485.5794,72498.0155,67866.7443
2022-10-17 16:00:00-04:00,69502.1842,69307.746,72414.1367,67788.2238
2022-10-18 16:00:00-04:00,69820.232,69624.9041,72768.5208,68119.9693
2022-10-19 16:00:00-04:00,69192.9999,68999.4267,72033.4155,67431.8236
2022-10-20 16:00:00-04:00,69447.5311,69253.2458,72376.255,67752.762
2022-10-21 16:00:00-04:00,68866.6933,68674.033,71643.844,67067.1385
2022-10-24 16:00:00-04:00,68242.687,68051.7724,71985.0011,67386.5019
2022-10-25 16:00:00-04:00,68452.8622,68051.7724,72252.8754,67386.5019
2022-10-26 16:00:00-04:00,68653.667,68251.4006,72575.3562,67687.263
2022-10-27 16:00:00-04:00,68158.2006,67758.8374,72624.1033,67732.7269
2022-10-28 16:00:00-04:00,68409.3972,67758.8374,72978.8876,67732.7269
2022-10-31 16:00:00-04:00,68021.3737,67374.504,72387.9122,67184.2343
2022-11-01 16:00:00-04:00,68273.5595,67374.504,72741.4194,67184.2343
2022-11-02 16:00:00-04:00,67912.6745,67018.3712,72995.1284,67418.5609
2022-11-03 16:00:00-04:00,67674.6992,67018.3712,72365.7664,67418.5609
2022-11-04 16:00:00-04:00,67016.6022,66366.6566,71635.4771,66738.197
2022-11-07 16:00:00-05:00,67213.2714,66561.4185,71749.034,66843.9907
2022-11-08 16:00:00-05:00,67397.9998,66744.3553,72023.3938,67099.5942
2022-11-09 16:00:00-05:00,66791.22,66143.4602,72375.7992,67427.9077
2022-11-10 16:00:00-05:00,67117.814,66466.8868,72731.0961,67758.9151
2022-11-11 16:00:00-05:00,67364.8546,66711.5316,73060.1139,68065.44
2022-11-14 16:00:00-05:00,67575.224,66919.8607,73376.0153,68359.7452
2022-11-15 16:00:00-05:00,67794.387,67136.8982,73718.1208,68678.463
2022-11-16 16:00:00-05:00,67790.5211,67133.0698,73738.4621,68697.4137
2022-11-17 16:00:00-05:00,68014.6465,67355.0216,74059.6073,68996.6042
2022-11-18 16:00:00-05:00,68218.3294,67556.7291,74362.7086,69278.9843
2022-11-21 16:00:00-05:00,68408.7965,67745.3491,74635.8717,69533.4729
2022-11-22 16:00:00-05:00,68566.6366,67901.6584,74883.0926,69763.7928
2022-11-23 16:00:00-05:00,68694.7913,68028.5701,75086.1192,69952.9397
2022-11-28 16:00:00-05:00,67872.2033,67827.0224,74507.0887,69413.494
2022-11-29 16:00:00-05:00,67589.7601,67827.0224,74748.9766,69413.494
2022-11-30 16:00:00-05:00,67733.0275,67970.7927,74316.4596,69011.8495
2022-12-01 16:00:00-05:00,67987.0017,67970.7927,73969.0007,69011.8495
2022-12-02 16:00:00-05:00,68220.8521,68204.5874,74314.2912,69333.9998
2022-12-05 16:00:00-05:00,68419.3478,68204.5874,74595.0142,69333.9998
2022-12-06 16:00:00-05:00,68604.1943,68388.8537,74861.5301,69581.719
2022-12-07 16:00:00-05:00,68604.1943,68388.8537,74861.5301,69581.719
2022-12-08 16:00:00-05:00,68526.8349,68311.7371,75157.7504,69857.0475
2022-12-09 16:00:00-05:00,68090.7367,68311.7371,74508.6134,69857.0475
2022-12-12 16:00:00-05:00,68244.1621,68465.6605,74676.6368,70014.5812
2022-12-13 16:00:00-05:00,68526.8894,68749.3054,75042.0853,70357.2148
2022-12-14 16:00:00-05:00,67987.9157,68208.5824,74282.7149,69645.2518
2022-12-15 16:00:00-05:00,68321.0932,68542.8413,74648.2517,69987.9682
2022-12-16 16:00:00-05:00,68599.8967,68822.5497,74984.9515,70303.6478
2022-12-19 16:00:00-05:00,68801.5302,69024.8376,75264.9133,70566.1317
2022-12-20 16:00:00-05:00,68987.918,69211.8303,75553.2195,70836.4389
2022-12-21 16:00:00-05:00,69180.7661,69405.3044,75818.5521,71085.2068
2022-12-22 16:00:00-05:00,69392.7085,69617.9347,76139.2643,71385.897
2022-12-23 16:00:00-05:00,69655.9814,69882.0621,76184.0562,71427.8926
2022-12-27 16:00:00-05:00,69655.9814,69882.0621,76184.0562,71427.8926
2022-12-28 16:00:00-05:00,69846.1855,70072.8836,76494.7902,71719.2275
2022-12-29 16:00:00-05:00,70058.1822,70285.5683,76801.8744,72007.1404
2022-12-30 16:00:00-05:00,69728.088,70285.5683,76323.9914,72007.1404
2023-01-03 16:00:00-05:00,69967.2952,70285.5683,76678.913,72007.1404
2023-01-04 16:00:00-05:00,69405.0936,69720.8093,75922.5931,71296.9004
2023-01-05 16:00:00-05:00,69405.0936,69720.8093,75922.5931,71296.9004
2023-01-06 16:00:00-05:00,69678.2989,69995.2574,76293.7032,71645.4001
2023-01-09 16:00:00-05:00,69274.737,69589.8598,75681.1988,71070.2134
2023-01-10 16:00:00-05:00,68853.8981,69167.1065,75000.8302,70431.2973
2023-01-11 16:00:00-05:00,68481.7424,68793.258,75246.261,70661.7748
2023-01-12 16:00:00-05:00,68692.3123,69004.7856,75186.6977,70605.8405
2023-01-13 16:00:00-05:00,68922.7426,69004.7856,75516.1417,70605.8405
2023-01-17 16:00:00-05:00,68661.6968,68743.4291,75049.88,70169.8966
2023-01-18 16:00:00-05:00,68812.0551,68893.9664,75298.3968,70402.2541
2023-01-19 16:00:00-05:00,68988.6986,69070.8202,74746.4907,69886.2347
2023-01-20 16:00:00-05:00,69162.9659,69245.2949,75010.3097,70132.8993
2023-01-23 16:00:00-05:00,69321.4319,69403.9495,75250.9256,70357.8696
2023-01-24 16:00:00-05:00,69244.3847,69326.8106,75250.9256,70357.8696
2023-01-25 16:00:00-05:00,69452.8108,69535.4848,74590.7964,69740.6641
2023-01-26 16:00:00-05:00,68973.7529,69055.8567,73863.4485,69060.6108
2023-01-27 16:00:00-05:00,68602.1994,69055.8567,74122.0752,69060.6108
2023-01-30 16:00:00-05:00,68253.106,68704.4548,74398.9342,69318.5642
2023-01-31 16:00:00-05:00,68409.7565,68704.4548,74641.8851,69318.5642
2023-02-01 16:00:00-05:00,68093.3673,68704.4548,74204.3575,69318.5642
2023-02-02 16:00:00-05:00,68380.9749,68994.6434,74568.2857,69658.5305
2023-02-03 16:00:00-05:00,68647.4733,68994.6434,74933.9228,69658.5305
2023-02-06 16:00:00-05:00,68434.6543,68780.7481,74745.9562,69483.7969
2023-02-07 16:00:00-05:00,68588.5998,68935.4722,74990.2072,69710.8525
2023-02-08 16:00:00-05:00,68828.919,69177.0068,75356.4476,70051.3093
2023-02-09 16:00:00-05:00,69041.2722,69390.4338,75695.5466,70366.5355
2023-02-10 16:00:00-05:00,69159.5137,69390.4338,75295.1204,70366.5355
2023-02-13 16:00:00-05:00,69308.3831,69539.8003,75547.9852,70602.8486
2023-02-14 16:00:00-05:00,68933.8229,69163.9895,74959.3968,70052.7874
2023-02-15 16:00:00-05:00,69140.9178,69371.7759,75256.7969,70330.7206
2023-02-16 16:00:00-05:00,69346.679,69578.2241,75564.0822,70617.892
2023-02-17 16:00:00-05:00,69368.0544,69599.6709,74939.4708,70034.1657
2023-02-21 16:00:00-05:00,70017.3957,70251.1803,76011.9342,71036.4289
2023-02-22 16:00:00-05:00,69721.0579,69953.853,75557.5557,70611.7927
2023-02-23 16:00:00-05:00,69915.93,70149.3759,75869.6648,70903.472
2023-02-24 16:00:00-05:00,69481.5891,70149.3759,75522.3315,70903.472
2023-02-27 16:00:00-05:00,69052.6329,69716.297,74950.1687,70366.3021
2023-02-28 16:00:00-05:00,69183.8397,69716.297,75134.6224,70366.3021
2023-03-01 16:00:00-05:00,68856.4355,69716.297,75357.93,70366.3021
2023-03-02 16:00:00-05:00,69013.1192,69874.9374,75592.4021,70585.2431
2023-03-03 16:00:00-05:00,69189.3088,69874.9374,75834.0809,70585.2431
2023-03-06 16:00:00-05:00,69314.3292,70001.1967,76024.8083,70762.7693
2023-03-07 16:00:00-05:00,69009.0514,69692.8937,75548.1571,70319.1095
2023-03-08 16:00:00-05:00,68638.3897,69318.5589,75600.9084,70368.2096
2023-03-09 16:00:00-05:00,68791.1738,69472.8571,75118.3189,69919.0224
2023-03-10 16:00:00-05:00,69052.1116,69472.8571,74359.9093,69919.0224
2023-03-13 16:00:00-04:00,69390.4309,69813.2378,74724.9026,70262.2178
2023-03-14 16:00:00-04:00,68688.7822,69107.3138,74841.8434,70372.1747
2023-03-15 16:00:00-04:00,67993.8904,68408.1879,74084.803,69660.3459
2023-03-16 16:00:00-04:00,68321.5334,68737.8274,74446.7312,70000.6592
2023-03-17 16:00:00-04:00,68567.7993,68985.5937,74743.7893,70279.9766
2023-03-20 16:00:00-04:00,68800.8775,69220.0921,75039.8406,70558.3472
2023-03-21 16:00:00-04:00,68360.1003,68776.6292,74490.1259,70041.4624
2023-03-22 16:00:00-04:00,68048.603,68463.2339,74685.3111,70224.9908
2023-03-23 16:00:00-04:00,68355.6384,68772.1401,75051.123,70568.9558
2023-03-24 16:00:00-04:00,68673.0981,69091.5342,75249.3114,70755.3081
2023-03-27 16:00:00-04:00,68887.1463,69306.8866,75497.0602,70988.261
2023-03-28 16:00:00-04:00,68539.5997,69306.8866,75039.1547,70988.261
2023-03-29 16:00:00-04:00,68205.7706,68969.3204,74582.759,70556.5032
2023-03-30 16:00:00-04:00,68337.2275,69102.2489,74129.2105,70127.439
2023-03-31 16:00:00-04:00,68443.7223,69102.2489,74281.1777,70127.439
2023-04-03 16:00:00-04:00,68188.1923,69102.2489,73863.1999,70127.439
2023-04-04 16:00:00-04:00,68302.5793,69218.1693,73496.6669,69779.4441
2023-04-05 16:00:00-04:00,68433.6772,69218.1693,73690.1115,69779.4441
2023-04-06 16:00:00-04:00,68554.1484,69340.0215,73889.1708,69967.9395
2023-04-10 16:00:00-04:00,68675.8901,69463.1588,74091.6645,70159.6871
2023-04-11 16:00:00-04:00,68445.3633,69229.9893,74128.0739,70194.1643
2023-04-12 16:00:00-04:00,68579.0515,69365.21,73646.4852,69738.133
2023-04-13 16:00:00-04:00,68730.0502,69517.9397,73889.9292,69968.6576
2023-04-14 16:00:00-04:00,68860.6534,69517.9397,74089.9432,69968.6576
2023-04-17 16:00:00-04:00,68986.8491,69645.3399,74292.984,70160.4042
2023-04-18 16:00:00-04:00,69102.3171,69761.9101,74468.9477,70326.5798
2023-04-19 16:00:00-04:00,69216.3123,69876.9934,74650.2731,70497.8189
2023-04-20 16:00:00-04:00,69337.6622,69999.5017,74822.5829,70660.5439
2023-04-21 16:00:00-04:00,69030.6918,69689.6012,75031.0638,70857.428
2023-04-24 16:00:00-04:00,69141.5172,69801.4843,75229.2852,71044.6233
2023-04-25 16:00:00-04:00,69251.3999,69801.4843,75402.3594,71044.6233
2023-04-26 16:00:00-04:00,69365.8698,69916.8635,75608.3714,71238.7292
2023-04-27 16:00:00-04:00,69511.7301,70063.8825,75838.3622,71455.4281
2023-04-28 16:00:00-04:00,69257.3035,70063.8825,75459.991,71455.4281
2023-05-01 16:00:00-04:00,68996.0282,70063.8825,75090.9077,71455.4281
2023-05-02 16:00:00-04:00,69122.0216,70191.8259,75248.0867,71604.9974
2023-05-03 16:00:00-04:00,68835.8041,70191.8259,74906.2629,71604.9974
2023-05-04 16:00:00-04:00,68346.0725,69692.4469,74337.4866,71061.2882
2023-05-05 16:00:00-04:00,68548.3736,69898.7332,74558.1982,71272.2726
2023-05-08 16:00:00-04:00,68307.9992,69653.6236,74690.2127,71398.469
2023-05-09 16:00:00-04:00,68159.6579,69502.36,74667.172,71376.4437
2023-05-10 16:00:00-04:00,68301.9655,69647.4711,74319.7611,71044.3439
2023-05-11 16:00:00-04:00,68273.1728,69618.1112,74507.4388,71223.7503
2023-05-12 16:00:00-04:00,68401.0008,69618.1112,74663.2805,71223.7503
2023-05-15 16:00:00-04:00,68128.4252,69340.6855,74324.2399,70900.3283
2023-05-16 16:00:00-04:00,68211.0107,69424.7404,74485.6823,71054.3335
2023-05-17 16:00:00-04:00,68329.2615,69545.0953,74628.8015,71190.8596
2023-05-18 16:00:00-04:00,68437.1317,69654.885,74778.0113,71333.1957
2023-05-19 16:00:00-04:00,68553.4673,69773.2906,74930.8075,71478.953
2023-05-22 16:00:00-04:00,68553.4673,69773.2906,74930.8075,71478.953
2023-05-23 16:00:00-04:00,68660.3418,69882.0668,75076.5211,71617.954
2023-05-24 16:00:00-04:00,68335.9364,69551.8891,75263.2652,71796.0953
2023-05-25 16:00:00-04:00,68474.7672,69693.1901,75528.0876,72048.7181
2023-05-26 16:00:00-04:00,68634.6654,69693.1901,75745.7516,72048.7181
2023-05-30 16:00:00-04:00,68837.6743,69820.9223,76056.5735,72169.9358
2023-05-31 16:00:00-04:00,68973.0619,69958.2437,76263.9864,72366.7495
2023-06-01 16:00:00-04:00,69102.0198,69958.2437,76459.2406,72366.7495
2023-06-02 16:00:00-04:00,69264.9367,70123.1794,76459.2406,72366.7495
2023-06-05 16:00:00-04:00,68994.8005,70123.1794,76060.0149,72366.7495
2023-06-06 16:00:00-04:00,69116.7198,70247.0926,76256.1199,72553.3322
2023-06-07 16:00:00-04:00,69235.2992,70367.6114,76452.7164,72740.3825
2023-06-08 16:00:00-04:00,69349.7332,70483.9169,76674.0811,72950.9983
2023-06-09 16:00:00-04:00,69136.102,70483.9169,76289.0184,72950.9983
2023-06-12 16:00:00-04:00,69213.1873,70562.5049,76465.7628,73120.0094
2023-06-13 16:00:00-04:00,69213.1873,70562.5049,76015.272,72689.2298
2023-06-14 16:00:00-04:00,69315.1053,70666.4099,76195.4538,72861.5277
2023-06-15 16:00:00-04:00,69495.6516,70850.476,76482.4805,73135.9956
2023-06-16 16:00:00-04:00,69609.3021,70966.3421,76659.0303,73304.8204
2023-06-20 16:00:00-04:00,69816.529,71177.6089,76388.595,73046.2181
2023-06-21 16:00:00-04:00,69552.7525,70908.6901,76571.5273,73221.1461
2023-06-22 16:00:00-04:00,69274.3832,70624.8939,76780.8578,73421.3174
2023-06-23 16:00:00-04:00,69406.7848,70759.8767,76992.7225,73623.912
2023-06-26 16:00:00-04:00,69529.6276,70885.1143,76596.0805,73244.625
2023-06-27 16:00:00-04:00,69644.0546,70885.1143,76833.4172,73244.625
2023-06-28 16:00:00-04:00,69747.5914,70990.4961,77038.7252,73440.3434
2023-06-29 16:00:00-04:00,69869.8148,71114.8975,76815.9317,73227.9562
2023-06-30 16:00:00-04:00,70001.917,71114.8975,76780.4176,73227.9562
2023-07-03 16:00:00-04:00,70074.3141,71114.8975,76610.8795,73227.9562
2023-07-05 16:00:00-04:00,70380.3118,71425.4393,76740.7349,73352.0777
2023-07-06 16:00:00-04:00,70126.3615,71425.4393,76329.5969,73352.0777
2023-07-07 16:00:00-04:00,70208.8392,71509.4448,76474.2165,73491.0558
2023-07-10 16:00:00-04:00,69973.8241,71270.0762,76066.4573,73099.2028
2023-07-11 16:00:00-04:00,69751.0267,71043.1515,75674.6135,72722.6443
2023-07-12 16:00:00-04:00,69473.2238,70760.2023,75245.9057,72310.6598
2023-07-13 16:00:00-04:00,69556.7924,70845.319,75414.2688,72472.4553
2023-07-14 16:00:00-04:00,69651.3954,70845.319,75064.9459,72472.4553
2023-07-17 16:00:00-04:00,69733.4465,70928.7766,75211.9856,72614.4166
2023-07-18 16:00:00-04:00,69805.0319,71001.5891,75359.2047,72756.5513
2023-07-19 16:00:00-04:00,69608.1574,70801.3399,74987.8645,72398.0359
2023-07-20 16:00:00-04:00,69703.0208,70897.8294,75174.8163,72578.531
2023-07-21 16:00:00-04:00,69447.9752,70638.4119,75231.0554,72632.8279
2023-07-24 16:00:00-04:00,69394.2234,70583.7388,75231.0554,72632.8279
2023-07-25 16:00:00-04:00,69466.787,70583.7388,75386.9811,72632.8279
2023-07-26 16:00:00-04:00,69536.9953,70655.0759,75034.1456,72292.8826
2023-07-27 16:00:00-04:00,69691.5667,70812.1327,75336.7998,72584.4799
2023-07-28 16:00:00-04:00,69686.986,70812.1327,75375.3213,72584.4799
2023-07-31 16:00:00-04:00,69686.986,70812.1327,75375.3213,72584.4799
2023-08-01 16:00:00-04:00,69617.9866,70812.1327,74994.9816,72584.4799
2023-08-02 16:00:00-04:00,69733.4233,70929.5495,75201.422,72784.2848
2023-08-03 16:00:00-04:00,69432.2611,70929.5495,75421.5348,72784.2848
2023-08-04 16:00:00-04:00,69115.3167,70605.7702,74930.5169,72310.4362
2023-08-07 16:00:00-04:00,69226.9577,70719.8187,74443.9549,71840.8877
2023-08-08 16:00:00-04:00,68917.3196,70403.5033,73993.7442,71406.4194
2023-08-09 16:00:00-04:00,69023.6672,70512.1443,74177.8392,71584.0772
2023-08-10 16:00:00-04:00,69192.6406,70684.7616,74427.5305,71825.0375
2023-08-11 16:00:00-04:00,69382.122,70684.7616,74269.8056,71825.0375
2023-08-14 16:00:00-04:00,69519.7781,70825.0022,74475.0089,72023.4861
2023-08-15 16:00:00-04:00,69649.1321,70956.7848,74647.7966,72190.5861
2023-08-16 16:00:00-04:00,69769.0482,71078.9522,74269.691,71824.9267
2023-08-17 16:00:00-04:00,69911.777,71224.3607,74480.7817,72029.0689
2023-08-18 16:00:00-04:00,70067.1852,71382.6868,74719.2454,72259.6829
2023-08-21 16:00:00-04:00,70226.926,71545.4266,74233.1231,71789.5625
2023-08-22 16:00:00-04:00,70356.0523,71676.9773,74435.0309,71984.8241
2023-08-23 16:00:00-04:00,70492.009,71815.4866,74640.7154,72183.738
2023-08-24 16:00:00-04:00,70624.2392,71950.1994,74838.4895,72375.0018
2023-08-25 16:00:00-04:00,70278.9306,71950.1994,74348.0682,72375.0018
2023-08-28 16:00:00-04:00,70084.0914,71750.7268,73803.0287,71844.4268
2023-08-29 16:00:00-04:00,70223.7648,71750.7268,74016.8101,71844.4268
2023-08-30 16:00:00-04:00,69977.058,71498.6555,73661.4267,71499.4739
2023-08-31 16:00:00-04:00,69748.2021,71264.8233,73305.0721,71153.5783
2023-09-01 16:00:00-04:00,69895.9983,71264.8233,73179.188,71153.5783
2023-09-05 16:00:00-04:00,69982.6061,71353.1272,73451.7442,71418.5901
2023-09-06 16:00:00-04:00,70091.6018,71353.1272,73618.9628,71418.5901
2023-09-07 16:00:00-04:00,70227.0921,71491.0561,73641.4655,71440.4202
2023-09-08 16:00:00-04:00,69978.2249,71491.0561,73241.8539,71440.4202
2023-09-11 16:00:00-04:00,69721.535,71228.817,72848.3434,71056.5883
2023-09-12 16:00:00-04:00,69512.6673,71015.4339,73001.1374,71205.6243
2023-09-13 16:00:00-04:00,69286.7754,70784.6585,72654.6338,70867.6431
2023-09-14 16:00:00-04:00,69406.2046,70906.6696,72843.4078,71051.7741
2023-09-15 16:00:00-04:00,69507.2733,71009.9232,73023.5382,71227.4741
2023-09-18 16:00:00-04:00,69609.0956,71113.9468,72885.9006,71093.2217
2023-09-19 16:00:00-04:00,69703.6651,71210.5608,73041.8049,71245.2915
2023-09-20 16:00:00-04:00,69794.7888,71303.6544,73187.4112,71387.3165
2023-09-21 16:00:00-04:00,69961.9666,71474.4464,73354.7413,71550.531
2023-09-22 16:00:00-04:00,70090.4709,71605.7288,73544.5331,71735.6548
2023-09-25 16:00:00-04:00,70254.9723,71773.7865,73645.4242,71834.0644
2023-09-26 16:00:00-04:00,70429.6732,71773.7865,73869.545,71834.0644
2023-09-27 16:00:00-04:00,70571.3065,71918.1228,74067.4754,72026.5408
2023-09-28 16:00:00-04:00,70746.9875,72097.1566,74309.9526,72262.3365
2023-09-29 16:00:00-04:00,70922.9975,72097.1566,74547.8792,72262.3365
2023-10-02 16:00:00-04:00,70500.9382,72097.1566,74809.0184,72262.3365
2023-10-03 16:00:00-04:00,70719.2786,72320.4405,75104.2251,72547.4936
2023-10-04 16:00:00-04:00,70887.3309,72320.4405,74606.2439,72547.4936
2023-10-05 16:00:00-04:00,71053.7327,72490.2063,74828.585,72763.6993
2023-10-06 16:00:00-04:00,71245.1924,72685.5367,75087.9462,73015.9034
2023-10-09 16:00:00-04:00,71394.4729,72837.8351,75289.9834,73212.3654
2023-10-10 16:00:00-04:00,71523.6601,72969.6341,75454.1818,73372.0328
2023-10-11 16:00:00-04:00,71659.1823,73107.8962,75074.952,73003.2678
2023-10-12 16:00:00-04:00,71383.3414,72826.4787,74706.9347,72645.4059
2023-10-13 16:00:00-04:00,71547.7766,72826.4787,74902.468,72645.4059
2023-10-16 16:00:00-04:00,71748.849,73031.1446,74871.4467,72615.3193
2023-10-17 16:00:00-04:00,71927.6835,73213.1753,75118.239,72854.6749
2023-10-18 16:00:00-04:00,72101.0139,73389.6034,75346.5256,73076.0825
2023-10-19 16:00:00-04:00,71709.4593,72991.0509,74801.1336,72547.125
2023-10-20 16:00:00-04:00,71941.4545,73227.1924,75107.4254,72844.1872
2023-10-23 16:00:00-04:00,72166.684,73456.4472,75400.2471,73128.1852
2023-10-24 16:00:00-04:00,71721.5006,73003.3075,74851.3575,72595.8355
2023-10-25 16:00:00-04:00,71373.1279,72648.7086,75105.0101,72841.8446
2023-10-26 16:00:00-04:00,71542.3401,72820.945,75356.5823,73085.8361
2023-10-27 16:00:00-04:00,71102.264,72820.945,74706.2837,73085.8361
2023-10-30 16:00:00-04:00,70629.3467,72336.5963,74087.5393,72480.5129
2023-10-31 16:00:00-04:00,70786.4832,72336.5963,74310.2967,72480.5129
2023-11-01 16:00:00-04:00,70921.7273,72336.5963,74512.5991,72480.5129
2023-11-02 16:00:00-04:00,71133.2634,72552.3525,73920.0911,71904.1636
2023-11-03 16:00:00-04:00,71264.3892,72552.3525,74090.5101,71904.1636
2023-11-06 16:00:00-05:00,71377.1714,72667.1729,74238.0347,72047.3348
2023-11-07 16:00:00-05:00,71483.2055,72775.1234,74396.9477,72201.5585
2023-11-08 16:00:00-05:00,71578.8894,72872.5367,74530.5676,72331.2354
2023-11-09 16:00:00-05:00,71692.1453,72987.8394,74205.8235,72016.0742
2023-11-10 16:00:00-05:00,71383.7799,72673.9009,74406.8678,72211.1859
2023-11-13 16:00:00-05:00,71488.0309,72780.0361,74340.5549,72146.8298
2023-11-14 16:00:00-05:00,71640.7136,72935.4782,74310.5721,72117.7317
2023-11-15 16:00:00-05:00,71383.0048,72673.1118,74464.1638,72266.7912
2023-11-16 16:00:00-05:00,71493.0312,72785.1267,74104.3549,71917.5999
2023-11-17 16:00:00-05:00,71582.3095,72876.0185,74239.935,72049.1791
2023-11-20 16:00:00-05:00,71666.2655,72961.4919,74385.1409,72190.1001
2023-11-21 16:00:00-05:00,71473.0877,72764.8227,74080.6728,71894.6166
2023-11-22 16:00:00-05:00,71473.0877,72764.8227,74080.6728,71894.6166
2023-11-27 16:00:00-05:00,71228.4398,72515.7533,73945.1124,71785.1337
2023-11-28 16:00:00-05:00,71308.1322,72515.7533,74067.5725,71785.1337
2023-11-29 16:00:00-05:00,71423.3962,72632.9694,74233.562,71946.0081
2023-11-30 16:00:00-05:00,71185.9501,72391.5021,74399.9154,72107.2352
2023-12-01 16:00:00-05:00,71303.4006,72391.5021,74595.478,72107.2352
2023-12-04 16:00:00-05:00,71008.8084,72092.4144,74149.7687,71676.3932
2023-12-05 16:00:00-05:00,71119.4547,72092.4144,74316.7472,71676.3932
2023-12-06 16:00:00-05:00,71233.0187,72207.532,74508.4399,71861.2753
2023-12-07 16:00:00-05:00,71340.444,72316.4269,74708.308,72054.0424
2023-12-08 16:00:00-05:00,71119.0167,72316.4269,74349.5301,72054.0424
2023-12-11 16:00:00-05:00,71209.8936,72408.8338,74489.0113,72189.2172
2023-12-12 16:00:00-05:00,71290.743,72491.0445,74609.7354,72306.214
2023-12-13 16:00:00-05:00,71152.3392,72350.3105,74402.9742,72105.8364
2023-12-14 16:00:00-05:00,71296.951,72497.357,74589.0005,72286.1193
2023-12-15 16:00:00-05:00,71049.9817,72246.2296,74252.927,71960.4219
2023-12-18 16:00:00-05:00,71156.2661,72354.3035,74397.6008,72100.629
2023-12-19 16:00:00-05:00,71228.6863,72427.943,74475.0993,72175.7347
2023-12-20 16:00:00-05:00,71291.7913,72492.1104,74568.9888,72266.7255
2023-12-21 16:00:00-05:00,71462.2713,72665.4608,74792.3832,72483.2227
2023-12-22 16:00:00-05:00,71575.9962,72781.1004,74931.5228,72618.0665
2023-12-26 16:00:00-05:00,71679.4363,72781.1004,75036.7913,72618.0665
2023-12-27 16:00:00-05:00,71519.1686,72618.3695,74810.023,72398.6079
2023-12-28 16:00:00-05:00,71372.1966,72469.1387,74911.9399,72497.2396
2023-12-29 16:00:00-05:00,71439.1961,72469.1387,75005.875,72497.2396
2024-01-02 16:00:00-05:00,71195.5602,72469.1387,75190.5701,72497.2396
2024-01-03 16:00:00-05:00,71326.7592,72602.6847,75390.6914,72690.1924
2024-01-04 16:00:00-05:00,71044.2422,72602.6847,75584.8625,72690.1924
2024-01-05 16:00:00-05:00,70778.4245,72331.036,75236.4277,72355.1017
2024-01-08 16:00:00-05:00,70898.9305,72454.1854,75405.1659,72517.3777
2024-01-09 16:00:00-05:00,71016.7421,72574.5813,75556.6401,72663.051
2024-01-10 16:00:00-05:00,71100.7228,72660.4042,75707.1533,72807.8
2024-01-11 16:00:00-05:00,71238.7879,72801.4979,75902.9682,72996.1158
2024-01-12 16:00:00-05:00,71388.6717,72801.4979,76098.0411,72996.1158
2024-01-16 16:00:00-05:00,71008.9683,72414.2798,75963.4402,72867.0015
2024-01-17 16:00:00-05:00,70715.6618,72115.1687,75963.4402,72867.0015
2024-01-18 16:00:00-05:00,70452.3164,71846.6115,75522.3829,72443.9226
2024-01-19 16:00:00-05:00,70571.7746,71968.4339,75702.4785,72616.6771
2024-01-22 16:00:00-05:00,70559.6918,71956.1119,75884.1437,72790.9372
2024-01-23 16:00:00-05:00,70366.2847,71758.8772,76003.6188,72905.5423
2024-01-24 16:00:00-05:00,70157.2618,71545.7175,76150.6114,73046.5431
2024-01-25 16:00:00-05:00,69894.9492,71278.2136,75745.4411,72657.8885
2024-01-26 16:00:00-05:00,69656.7381,71278.2136,75933.737,72657.8885
2024-01-29 16:00:00-05:00,69459.5413,71076.4265,76053.543,72772.5261
2024-01-30 16:00:00-05:00,69290.5573,71076.4265,76176.8402,72772.5261
2024-01-31 16:00:00-05:00,69378.9217,71167.0683,76345.8042,72933.9391
2024-02-01 16:00:00-05:00,69555.1657,71167.0683,76604.3673,72933.9391
2024-02-02 16:00:00-05:00,69687.2299,71302.1931,76826.0408,73144.9913
2024-02-05 16:00:00-05:00,69823.4216,71302.1931,77001.3844,73144.9913
2024-02-06 16:00:00-05:00,69575.6321,71049.1557,77171.5103,73306.597
2024-02-07 16:00:00-05:00,69692.1273,71168.1181,77359.8279,73485.4833
2024-02-08 16:00:00-05:00,69513.3923,70985.5978,77488.0615,73607.2946
2024-02-09 16:00:00-05:00,69580.2117,70985.5978,77602.4606,73607.2946
2024-02-12 16:00:00-05:00,69451.34,70854.1231,77693.5257,73693.6715
2024-02-13 16:00:00-05:00,69162.2864,70559.2312,77177.607,73204.3136
2024-02-14 16:00:00-05:00,68857.1485,70247.9301,76718.4429,72768.7883
2024-02-15 16:00:00-05:00,68959.8048,70352.6599,76316.1746,72387.2298
2024-02-16 16:00:00-05:00,68724.7882,70112.8964,76337.1064,72407.084
2024-02-20 16:00:00-05:00,68835.4425,70225.7857,76496.3554,72558.1345
2024-02-21 16:00:00-05:00,68604.3197,69989.9947,76080.2744,72163.4743
2024-02-22 16:00:00-05:00,68744.3614,70132.8649,76319.6872,72390.5615
2024-02-23 16:00:00-05:00,68863.0845,70132.8649,76502.1309,72390.5615
2024-02-26 16:00:00-05:00,68948.4357,70219.7899,76502.1309,72390.5615
2024-02-27 16:00:00-05:00,68772.0582,70219.7899,76194.0957,72390.5615
2024-02-28 16:00:00-05:00,68852.3307,70301.7522,75898.8575,72110.0614
2024-02-29 16:00:00-05:00,68952.449,70403.9781,76062.2612,72265.3081
2024-03-01 16:00:00-05:00,69057.2305,70403.9781,76222.6748,72265.3081
2024-03-04 16:00:00-05:00,69129.6938,70477.8546,75986.9489,72041.8207
2024-03-05 16:00:00-05:00,69231.0526,70477.8546,76165.0482,72041.8207
2024-03-06 16:00:00-05:00,68931.8774,70173.2915,75693.6115,71595.9054
2024-03-07 16:00:00-05:00,69093.1587,70337.4774,75936.3769,71825.5286
2024-03-08 16:00:00-05:00,68859.4827,70337.4774,75586.6947,71825.5286
2024-03-11 16:00:00-04:00,68537.9516,70009.045,75445.3605,71691.2271
2024-03-12 16:00:00-04:00,68679.8318,70153.9704,75672.1643,71906.7452
2024-03-13 16:00:00-04:00,68486.6572,69956.6496,75857.5675,72082.9228
2024-03-14 16:00:00-04:00,68602.9164,70075.4041,75456.3334,71701.654
2024-03-15 16:00:00-04:00,68508.5369,69978.9989,75674.4789,71908.9447
2024-03-18 16:00:00-04:00,68198.3448,69662.1489,75166.9764,71426.6953
2024-03-19 16:00:00-04:00,68300.2098,69766.2003,75342.9075,71593.8721
2024-03-20 16:00:00-04:00,68114.153,69576.15,75491.6781,71735.2399
2024-03-21 16:00:00-04:00,67890.0651,69347.2523,75643.6115,71879.6132
2024-03-22 16:00:00-04:00,67878.711,69335.6545,75788.5571,72017.3464
2024-03-25 16:00:00-04:00,67767.8163,69222.3796,75954.6099,72175.1364
2024-03-26 16:00:00-04:00,67813.7514,69222.3796,76080.7141,72175.1364
2024-03-27 16:00:00-04:00,67617.9088,69022.469,75739.8898,71851.8082
2024-03-28 16:00:00-04:00,67683.9486,69089.8805,75515.6338,71639.0643
2024-04-01 16:00:00-04:00,67767.4673,69089.8805,75679.0733,71639.0643
2024-04-02 16:00:00-04:00,67507.1158,68824.4485,75266.8721,71248.8679
2024-04-03 16:00:00-04:00,67593.5894,68824.4485,75416.3453,71248.8679
2024-04-04 16:00:00-04:00,67685.5948,68918.1293,75577.2219,71400.8545
2024-04-05 16:00:00-04:00,67846.5106,69081.9753,75803.4332,71614.5654
2024-04-08 16:00:00-04:00,67738.4431,68971.9399,75617.6388,71439.0379
2024-04-09 16:00:00-04:00,67851.0954,69086.6436,75791.0259,71602.8438
2024-04-10 16:00:00-04:00,67761.5814,68995.4996,75791.0259,71602.8438
2024-04-11 16:00:00-04:00,67366.8724,68593.603,75298.9588,71137.9681
2024-04-12 16:00:00-04:00,67518.8219,68593.603,75502.1351,71137.9681
2024-04-15 16:00:00-04:00,67700.4007,68778.0722,75728.0242,71350.8003
2024-04-16 16:00:00-04:00,67374.6829,68447.1696,75946.795,71556.9257
2024-04-17 16:00:00-04:00,67578.2362,68653.9631,76190.6868,71786.7202
2024-04-18 16:00:00-04:00,67200.3736,68270.0855,75664.9015,71291.3262
2024-04-19 16:00:00-04:00,67361.2611,68433.5341,75895.6475,71508.7346
2024-04-22 16:00:00-04:00,66985.6357,68051.9294,75316.6017,70963.1589
2024-04-23 16:00:00-04:00,67137.7033,68206.4177,75542.8617,71176.3405
2024-04-24 16:00:00-04:00,67247.2377,68317.6957,75736.0735,71358.3844
2024-04-25 16:00:00-04:00,67417.339,68490.5047,75997.8207,71605.002
2024-04-26 16:00:00-04:00,67320.6498,68490.5047,76254.3424,71605.002
2024-04-29 16:00:00-04:00,67115.2218,68281.5068,76254.3424,71605.002
2024-04-30 16:00:00-04:00,67239.2526,68281.5068,76441.4998,71605.002
2024-05-01 16:00:00-04:00,66972.7697,68281.5068,76653.3652,71605.002
2024-05-02 16:00:00-04:00,66433.3886,67731.5856,75878.0132,70880.7145
2024-05-03 16:00:00-04:00,66150.3904,67731.5856,75465.2845,70880.7145
2024-05-06 16:00:00-04:00,66264.1911,67848.1064,75595.6772,71003.1857
2024-05-07 16:00:00-04:00,66087.6229,67667.3177,75327.8195,70751.6005
2024-05-08 16:00:00-04:00,66169.2466,67750.8925,75463.6365,70879.1666
2024-05-09 16:00:00-04:00,66240.3282,67823.6731,75475.3004,70890.1219
2024-05-10 16:00:00-04:00,66320.7037,67823.6731,75614.3607,70890.1219
2024-05-13 16:00:00-04:00,66387.2845,67891.7628,75614.3607,70890.1219
2024-05-14 16:00:00-04:00,66229.9955,67730.9092,75351.1367,70643.3437
2024-05-15 16:00:00-04:00,66326.5028,67829.6036,75489.8999,70773.4372
2024-05-16 16:00:00-04:00,66391.7629,67896.3426,75583.1867,70860.8956
2024-05-17 16:00:00-04:00,66245.0177,67746.2718,75347.1707,70639.6255
2024-05-20 16:00:00-04:00,66084.8084,67582.4318,75456.5568,70742.1774
2024-05-21 16:00:00-04:00,66146.2261,67645.2414,75566.5428,70845.2916
2024-05-22 16:00:00-04:00,66025.0773,67521.3471,75372.5282,70663.3987
2024-05-23 16:00:00-04:00,65740.0577,67229.8684,74938.0982,70256.1111
2024-05-24 16:00:00-04:00,65868.7357,67361.4626,75130.5602,70436.5484
2024-05-28 16:00:00-04:00,66000.3326,67430.642,74968.1835,70524.5821
2024-05-29 16:00:00-04:00,65933.1747,67362.0287,74793.1658,70359.9382
2024-05-30 16:00:00-04:00,66038.8424,67469.9864,74959.0927,70516.0301
2024-05-31 16:00:00-04:00,66154.5659,67469.9864,75133.9905,70516.0301
2024-06-03 16:00:00-04:00,66295.9885,67469.9864,75375.7161,70516.0301
2024-06-04 16:00:00-04:00,66438.1162,67614.6309,74917.7521,70087.5923
2024-06-05 16:00:00-04:00,66144.3655,67614.6309,75124.8573,70087.5923
2024-06-06 16:00:00-04:00,66218.7345,67690.653,75124.8573,70087.5923
2024-06-07 16:00:00-04:00,66304.2672,67778.0869,74842.1814,69823.8703
2024-06-10 16:00:00-04:00,66409.5323,67885.6918,74997.2911,69968.5796
2024-06-11 16:00:00-04:00,66509.4224,67987.8023,75137.6715,70099.5473
2024-06-12 16:00:00-04:00,66246.2796,67718.8103,75303.761,70254.5002
2024-06-13 16:00:00-04:00,66384.8045,67860.4144,75523.6531,70459.6481
2024-06-14 16:00:00-04:00,66147.7113,67860.4144,75659.267,70459.6481
2024-06-17 16:00:00-04:00,66237.119,67952.137,75787.5007,70579.069
2024-06-18 16:00:00-04:00,66062.6013,67773.1007,75638.3518,70440.1703
2024-06-20 16:00:00-04:00,66003.1612,67712.1215,75725.9565,70521.7544
2024-06-21 16:00:00-04:00,65779.4323,67482.5998,75361.5362,70182.3785
2024-06-24 16:00:00-04:00,65565.3446,67262.969,75028.3643,69872.1036
2024-06-25 16:00:00-04:00,65374.6331,67262.969,75199.0893,69872.1036
2024-06-26 16:00:00-04:00,65459.5901,67350.3799,74894.073,69588.6942
2024-06-27 16:00:00-04:00,65277.2391,67162.7618,74529.0792,69249.556
2024-06-28 16:00:00-04:00,65072.7725,67162.7618,74197.1315,69249.556
2024-07-01 16:00:00-04:00,64792.5808,67162.7618,73754.233,69249.556
2024-07-02 16:00:00-04:00,64894.3323,67268.2355,73936.2916,69420.4951
2024-07-03 16:00:00-04:00,64967.6175,67268.2355,74071.0065,69420.4951
2024-07-05 16:00:00-04:00,64948.6157,67248.5609,73928.1418,69286.6
2024-07-08 16:00:00-04:00,65005.0693,67307.0135,73936.266,69294.2142
2024-07-09 16:00:00-04:00,65020.3457,67322.8309,74064.0228,69413.9498
2024-07-10 16:00:00-04:00,65078.0258,67382.5535,73811.1646,69176.9672
2024-07-11 16:00:00-04:00,65140.1896,67446.9187,73937.2567,69295.1427
2024-07-12 16:00:00-04:00,65247.1684,67446.9187,74124.589,69295.1427
2024-07-15 16:00:00-04:00,65351.8014,67555.0793,74310.9575,69469.3687
2024-07-16 16:00:00-04:00,65101.7924,67296.6415,73950.4653,69132.3637
2024-07-17 16:00:00-04:00,65237.3527,67436.7721,74205.6788,69370.9493
2024-07-18 16:00:00-04:00,64991.788,67182.9284,74450.8412,69600.1386
2024-07-19 16:00:00-04:00,65145.7575,67342.0889,74735.0421,69865.8229
2024-07-22 16:00:00-04:00,64784.972,66969.1397,74133.0374,69303.0407
2024-07-23 16:00:00-04:00,64548.8538,66725.0611,73704.6407,68902.5553
2024-07-24 16:00:00-04:00,64694.6019,66875.723,73953.5554,69135.2524
2024-07-25 16:00:00-04:00,64390.6751,66561.5495,73369.1873,68588.9578
2024-07-26 16:00:00-04:00,64599.5072,66561.5495,73679.5212,68588.9578
2024-07-29 16:00:00-04:00,64768.0606,66735.2223,73050.3791,68003.2835
2024-07-30 16:00:00-04:00,64900.4026,66735.2223,73281.531,68003.2835
2024-07-31 16:00:00-04:00,65076.77,66916.5758,73598.871,68297.7665
2024-08-01 16:00:00-04:00,65283.6619,66916.5758,73923.3944,68297.7665
2024-08-02 16:00:00-04:00,64897.2125,66520.4603,73418.9293,67831.6916
2024-08-05 16:00:00-04:00,65216.2048,66520.4603,73781.3238,67831.6916
2024-08-06 16:00:00-04:00,65531.0256,66841.5772,74144.0212,68165.1416
2024-08-07 16:00:00-04:00,65778.2824,67093.7788,74507.2445,68499.075
2024-08-08 16:00:00-04:00,66061.4593,67382.619,74872.2443,68834.6417
2024-08-09 16:00:00-04:00,66269.9076,67382.619,75191.3997,68834.6417
2024-08-12 16:00:00-04:00,65911.3464,67018.0373,75451.6162,69072.8592
2024-08-13 16:00:00-04:00,66059.3303,67168.506,75685.2293,69286.7225
2024-08-14 16:00:00-04:00,66167.0409,67278.0251,75886.1862,69470.6903
2024-08-15 16:00:00-04:00,66323.3606,67436.9696,76143.8336,69706.5559
2024-08-16 16:00:00-04:00,66421.4829,67536.7393,76316.0606,69864.2227
2024-08-19 16:00:00-04:00,66509.0868,67625.8142,76478.7947,70013.1991
2024-08-20 16:00:00-04:00,66311.2155,67424.6205,76106.6646,69672.5292
2024-08-21 16:00:00-04:00,66077.9389,67187.427,75738.3961,69335.3945
2024-08-22 16:00:00-04:00,66202.2217,67313.7966,75938.6507,69518.7194
2024-08-23 16:00:00-04:00,65850.6776,66956.3499,75372.7363,69000.648
2024-08-26 16:00:00-04:00,65999.2283,67107.3948,75611.744,69219.4497
2024-08-27 16:00:00-04:00,66041.0462,67107.3948,75825.4762,69219.4497
2024-08-28 16:00:00-04:00,66122.9896,67190.6613,76000.0376,69378.803
2024-08-29 16:00:00-04:00,66267.7076,67337.7161,75452.8483,68879.2856
2024-08-30 16:00:00-04:00,66428.0786,67337.7161,75749.8313,68879.2856
2024-09-03 16:00:00-04:00,66875.6566,67660.1311,76434.914,69305.8697
2024-09-04 16:00:00-04:00,66528.5222,67308.9246,76702.9515,69548.9075
2024-09-05 16:00:00-04:00,66204.5512,67308.9246,76126.3256,69548.9075
2024-09-06 16:00:00-04:00,66378.326,67485.5982,76427.6051,69824.156
2024-09-09 16:00:00-04:00,65997.1976,67098.1121,75850.596,69297.0013
2024-09-10 16:00:00-04:00,66137.4076,67240.6609,76096.927,69522.0489
2024-09-11 16:00:00-04:00,66282.2713,67387.9411,76321.9279,69727.6094
2024-09-12 16:00:00-04:00,66458.0725,67566.6749,76594.1817,69976.3402
2024-09-13 16:00:00-04:00,66391.1285,67566.6749,76599.7023,69976.3402
2024-09-16 16:00:00-04:00,66129.7282,67300.6461,76599.7023,69976.3402
2024-09-17 16:00:00-04:00,65889.502,67056.1664,76809.811,70168.2814
2024-09-18 16:00:00-04:00,65655.4206,66817.9402,76396.1198,69790.3608
2024-09-19 16:00:00-04:00,65607.7955,66769.4719,76221.8005,69631.1144
2024-09-20 16:00:00-04:00,65742.6552,66906.7195,76435.7548,69826.5687
2024-09-23 16:00:00-04:00,65703.4818,66866.8524,76320.1287,69720.9404
2024-09-24 16:00:00-04:00,65790.6385,66866.8524,76475.8871,69720.9404
2024-09-25 16:00:00-04:00,65859.4882,66936.8283,76170.4207,69442.4552
2024-09-26 16:00:00-04:00,65962.7713,67041.801,76361.3613,69616.5305
2024-09-27 16:00:00-04:00,65775.5906,67041.801,76535.6263,69616.5305
2024-09-30 16:00:00-04:00,65607.9638,66870.9473,76700.9554,69766.9132
2024-10-01 16:00:00-04:00,65764.5804,66870.9473,76966.8195,69766.9132
2024-10-02 16:00:00-04:00,65930.5643,67039.7235,77222.6567,69998.8179
2024-10-03 16:00:00-04:00,65796.2608,67039.7235,77222.6567,69998.8179
2024-10-04 16:00:00-04:00,65957.6124,67204.1244,76645.1916,69475.3721
2024-10-07 16:00:00-04:00,66054.8228,67303.172,76212.8469,69083.4714
2024-10-08 16:00:00-04:00,66177.3871,67428.0526,76410.4863,69262.6225
2024-10-09 16:00:00-04:00,66258.5988,67510.7991,76550.4837,69389.5237
2024-10-10 16:00:00-04:00,66359.2965,67613.3999,76718.5845,69541.8994
2024-10-11 16:00:00-04:00,66459.4176,67613.3999,76893.4349,69541.8994
2024-10-14 16:00:00-04:00,66548.906,67704.4421,76893.4349,69541.8994
2024-10-15 16:00:00-04:00,66611.4228,67768.0444,77020.8392,69657.123
2024-10-16 16:00:00-04:00,66702.3642,67860.5649,76919.9075,69565.8411
2024-10-17 16:00:00-04:00,66802.6463,67962.5883,76500.3727,69186.4167
2024-10-18 16:00:00-04:00,66879.5047,68040.7813,76374.6559,69072.7192
2024-10-21 16:00:00-04:00,66729.7863,67888.4632,76097.8655,68822.3919
2024-10-22 16:00:00-04:00,66826.5956,67986.9535,76262.1335,68970.9547
2024-10-23 16:00:00-04:00,66912.2483,68074.0934,76426.9227,69119.989
2024-10-24 16:00:00-04:00,67013.3452,68176.9457,75991.9097,68726.5661
2024-10-25 16:00:00-04:00,66770.2541,68176.9457,75586.3035,68726.5661
2024-10-28 16:00:00-04:00,66773.6286,68180.3914,75620.5311,68757.6875
2024-10-29 16:00:00-04:00,66874.2189,68180.3914,75766.2984,68757.6875
2024-10-30 16:00:00-04:00,66640.999,67942.6163,75413.4876,68437.5127
2024-10-31 16:00:00-04:00,66778.4318,68082.7334,75633.9071,68637.5427
2024-11-01 16:00:00-04:00,66458.4,68082.7334,75843.7674,68637.5427
2024-11-04 16:00:00-05:00,66179.546,67797.0638,75421.3632,68255.2729
2024-11-05 16:00:00-05:00,66301.4998,67797.0638,75604.3144,68255.2729
2024-11-06 16:00:00-05:00,66442.194,67940.9316,75836.3044,68464.7126
2024-11-07 16:00:00-05:00,66555.977,68057.2812,76018.4215,68629.1272
2024-11-08 16:00:00-05:00,66649.5718,68057.2812,75716.295,68629.1272
2024-11-11 16:00:00-05:00,66714.9719,68124.0626,75821.9854,68724.9247
2024-11-12 16:00:00-05:00,66778.7571,68189.195,75943.3617,68834.94
2024-11-13 16:00:00-05:00,66575.6654,67981.8139,75647.9109,68567.1439
2024-11-14 16:00:00-05:00,66672.9568,68081.1601,75798.3683,68703.5183
2024-11-15 16:00:00-05:00,66819.981,68231.2896,76035.8049,68918.7304
2024-11-18 16:00:00-05:00,66935.0599,68348.7991,76217.4863,69083.4061
2024-11-19 16:00:00-05:00,67054.8675,68471.1372,76384.6548,69234.9274
2024-11-20 16:00:00-05:00,66796.4503,68207.262,76554.3764,69388.7628
2024-11-21 16:00:00-05:00,66407.9069,67810.512,75928.339,68821.3235
2024-11-22 16:00:00-05:00,66407.9069,67810.512,75628.57,68549.6134
2024-11-25 16:00:00-05:00,66552.4744,67958.133,75858.507,68758.0279
2024-11-26 16:00:00-05:00,66639.0189,67958.133,75651.0159,68758.0279
2024-11-27 16:00:00-05:00,66702.642,68023.0155,75801.2447,68894.5684
2024-11-29 16:00:00-05:00,66644.9649,67918.9662,75653.3944,68667.0596
2024-12-02 16:00:00-05:00,66612.2404,67918.9662,75749.5057,68667.0596
2024-12-03 16:00:00-05:00,66482.881,67787.0693,75847.9112,68756.2643
2024-12-04 16:00:00-05:00,66349.325,67787.0693,75972.795,68756.2643
2024-12-05 16:00:00-05:00,66226.5835,67661.668,75770.9121,68573.558
2024-12-06 16:00:00-05:00,66150.6949,67584.1349,75881.5776,68673.7116
2024-12-09 16:00:00-05:00,66205.6267,67640.2571,75987.9455,68769.9758
2024-12-10 16:00:00-05:00,66060.1983,67491.6773,75683.7684,68494.6919
2024-12-11 16:00:00-05:00,66133.1257,67566.1851,75847.3292,68642.7164
2024-12-12 16:00:00-05:00,65992.2465,67422.2531,75588.8571,68408.7961
2024-12-13 16:00:00-05:00,66070.952,67422.2531,75764.7133,68408.7961
2024-12-16 16:00:00-05:00,66146.7943,67499.6466,75910.2649,68540.2163
2024-12-17 16:00:00-05:00,65981.0932,67330.5566,75629.7655,68286.9503
2024-12-18 16:00:00-05:00,66044.6054,67395.3677,75755.7338,68400.6884
2024-12-19 16:00:00-05:00,66298.9996,67654.9648,76125.6432,68734.6837
2024-12-20 16:00:00-05:00,66511.7394,67872.0556,76444.5797,69022.655
2024-12-23 16:00:00-05:00,66122.7519,67475.1125,75850.1654,68485.9518
2024-12-26 16:00:00-05:00,66348.2946,67705.2681,76186.8221,68789.9228
2024-12-27 16:00:00-05:00,66482.5527,67705.2681,76408.6359,68789.9228
2024-12-30 16:00:00-05:00,66052.0593,67266.8573,75789.5547,68232.5702
2024-12-31 16:00:00-05:00,66212.7489,67266.8573,76030.2233,68232.5702
2025-01-02 16:00:00-05:00,65798.6837,67266.8573,75389.6277,68232.5702
2025-01-03 16:00:00-05:00,66008.6744,67481.5335,75506.0986,68337.9841
2025-01-06 16:00:00-05:00,65702.2997,67481.5335,75031.313,68337.9841
2025-01-07 16:00:00-05:00,65840.6447,67623.6248,75245.055,68532.6588
2025-01-08 16:00:00-05:00,65496.1753,67269.8272,74712.2002,68047.3384
2025-01-09 16:00:00-05:00,65496.1753,67269.8272,74712.2002,68047.3384
2025-01-10 16:00:00-05:00,65251.7887,67269.8272,74340.528,68047.3384
2025-01-13 16:00:00-05:00,65450.9031,67475.0995,74649.3708,68330.0366
2025-01-14 16:00:00-05:00,65628.4053,67658.0913,74929.9099,68586.8271
2025-01-15 16:00:00-05:00,65661.6522,67692.3664,75226.3843,68858.2038
2025-01-16 16:00:00-05:00,65416.1339,67439.255,74852.3198,68515.8052
2025-01-17 16:00:00-05:00,65550.1614,67577.4275,74648.0608,68328.8375
2025-01-21 16:00:00-05:00,65293.4213,67312.7473,74244.0618,67959.0385
2025-01-22 16:00:00-05:00,65382.4471,67404.5264,74428.1818,68127.572
2025-01-23 16:00:00-05:00,65438.708,67462.5273,74553.888,68242.6367
2025-01-24 16:00:00-05:00,65501.7674,67527.5369,74669.4342,68348.4015
2025-01-27 16:00:00-05:00,65556.2537,67583.7083,74016.8596,67751.0697
2025-01-28 16:00:00-05:00,65721.7646,67583.7083,74302.0178,67751.0697
2025-01-29 16:00:00-05:00,65822.3686,67687.1624,74490.2508,67922.7069
2025-01-30 16:00:00-05:00,65995.7078,67865.4125,74765.6354,68173.8118
2025-01-31 16:00:00-05:00,65668.2357,67865.4125,74239.7933,68173.8118
2025-02-03 16:00:00-05:00,65203.2526,67865.4125,73554.7208,68173.8118
2025-02-04 16:00:00-05:00,65361.3628,68029.978,73695.5599,68304.3478
2025-02-05 16:00:00-05:00,65480.0549,68029.978,73888.4034,68304.3478
2025-02-06 16:00:00-05:00,65575.2128,68128.8416,73572.6884,68012.4927
2025-02-07 16:00:00-05:00,65686.5944,68244.5607,73763.6862,68189.056
2025-02-10 16:00:00-05:00,65716.4955,68275.6262,73762.4334,68187.8978
2025-02-11 16:00:00-05:00,65801.2557,68363.687,73471.8163,67919.2439
2025-02-12 16:00:00-05:00,65941.7474,68509.6499,73673.1552,68105.3668
2025-02-13 16:00:00-05:00,66049.5234,68621.6228,73848.4573,68267.4206
2025-02-14 16:00:00-05:00,65931.3715,68621.6228,73990.31,68267.4206
2025-02-18 16:00:00-05:00,65770.9012,68454.6047,73810.8843,68101.8729
2025-02-19 16:00:00-05:00,65841.7233,68528.3166,73542.6398,67854.3761
2025-02-20 16:00:00-05:00,65604.4321,68281.343,73146.69,67489.0516
2025-02-21 16:00:00-05:00,65699.6641,68380.4608,73300.0097,67630.5127
2025-02-24 16:00:00-05:00,65370.8613,68038.2416,72797.6976,67167.0526
2025-02-25 16:00:00-05:00,65523.6976,68038.2416,73032.6568,67167.0526
2025-02-26 16:00:00-05:00,65156.1461,67656.585,73273.873,67388.8956
2025-02-27 16:00:00-05:00,65341.3747,67848.9219,73542.6515,67636.0871
2025-02-28 16:00:00-05:00,64906.7467,67848.9219,72856.488,67636.0871
2025-03-03 16:00:00-05:00,65152.6275,67848.9219,73202.3578,67636.0871
2025-03-04 16:00:00-05:00,64511.4216,67181.1801,73561.0756,67967.5282
2025-03-05 16:00:00-05:00,63859.4915,67181.1801,72817.9882,67967.5282
2025-03-06 16:00:00-05:00,63213.2815,66501.3571,72082.7919,67281.3039
2025-03-07 16:00:00-05:00,63495.0481,66797.78,72435.577,67610.5897
2025-03-10 16:00:00-04:00,63804.8092,67123.6535,72791.2148,67942.5382
2025-03-11 16:00:00-04:00,64095.4912,67429.4555,72056.4113,67256.6805
2025-03-12 16:00:00-04:00,63828.1798,67148.2397,71814.5231,67030.9046
2025-03-13 16:00:00-04:00,64066.9,67399.3771,72165.4279,67358.4354
2025-03-14 16:00:00-04:00,64312.4187,67399.3771,72504.1211,67358.4354
2025-03-17 16:00:00-04:00,64479.6498,67574.6352,71943.4795,66837.5831
2025-03-18 16:00:00-04:00,64400.1311,67491.2996,71759.185,66666.3681
2025-03-19 16:00:00-04:00,64564.8488,67663.9236,72014.858,66903.8957
2025-03-20 16:00:00-04:00,64791.3778,67901.3259,72334.2319,67200.6034
2025-03-21 16:00:00-04:00,64998.5546,68118.4471,72630.8535,67476.1735
2025-03-24 16:00:00-04:00,65187.2337,68316.1827,72714.9808,67554.3301
2025-03-25 16:00:00-04:00,64942.3727,68316.1827,72828.0184,67554.3301
2025-03-26 16:00:00-04:00,65048.4455,68427.7661,72994.6581,67708.903
2025-03-27 16:00:00-04:00,65205.0,68592.4538,73217.1334,67915.2682
2025-03-28 16:00:00-04:00,65396.9232,68592.4538,73498.4396,67915.2682
2025-03-31 16:00:00-04:00,65608.7015,68814.5804,73824.5732,68216.6276
2025-04-01 16:00:00-04:00,65089.3079,68814.5804,73130.2282,68216.6276
2025-04-02 16:00:00-04:00,65312.3377,69050.3749,73450.2186,68515.1179
2025-04-03 16:00:00-04:00,65632.0679,69050.3749,73811.1479,68515.1179
2025-04-04 16:00:00-04:00,65954.5138,69389.6147,74174.6606,68852.5481
2025-04-07 16:00:00-04:00,65292.2472,68692.8554,73430.1532,68161.46
2025-04-08 16:00:00-04:00,64636.2156,68002.6558,72692.7306,67476.9482
2025-04-09 16:00:00-04:00,63986.4104,67319.0068,73051.9042,67810.3508
2025-04-10 16:00:00-04:00,64303.4719,67652.5818,73414.2108,68146.6615
2025-04-11 16:00:00-04:00,63657.1492,67652.5818,72676.6218,68146.6615
2025-04-14 16:00:00-04:00,63969.4301,67984.463,73033.9786,68481.7441
2025-04-15 16:00:00-04:00,64222.9638,68253.9097,73053.3438,68499.9023
2025-04-16 16:00:00-04:00,63718.3853,67717.6614,72314.1092,67806.7444
2025-04-17 16:00:00-04:00,63143.7251,67106.9327,71583.1198,67121.3179
2025-04-21 16:00:00-04:00,63416.5281,67396.8581,71933.0192,67449.4079
2025-04-22 16:00:00-04:00,63659.1805,67654.7405,72244.2615,67741.2504
2025-04-23 16:00:00-04:00,63970.8999,67986.025,72598.955,68073.8357
2025-04-24 16:00:00-04:00,64241.6436,68273.7619,72953.6463,68406.419
2025-04-25 16:00:00-04:00,63779.3156,68273.7619,72399.5397,68406.419
2025-04-28 16:00:00-04:00,63975.7808,68484.0718,72679.9218,68671.3368
2025-04-29 16:00:00-04:00,64152.7565,68484.0718,72930.1288,68671.3368
2025-04-30 16:00:00-04:00,64397.4482,68745.2839,73277.027,68997.9777
2025-05-01 16:00:00-04:00,63974.5466,68745.2839,73634.7715,68997.9777
2025-05-02 16:00:00-04:00,64203.6689,68991.4924,73930.1128,69274.7214
2025-05-05 16:00:00-04:00,64370.2936,68991.4924,74155.1526,69274.7214
2025-05-06 16:00:00-04:00,64540.6285,69174.0558,74398.9688,69502.4911
2025-05-07 16:00:00-04:00,64202.8257,68812.0018,73947.6513,69080.8765
2025-05-08 16:00:00-04:00,63639.7776,68208.532,73199.8388,68382.2804
2025-05-09 16:00:00-04:00,63648.9493,68208.532,73461.0322,68382.2804
2025-05-12 16:00:00-04:00,63139.746,67662.8512,72733.3328,67704.8908
2025-05-13 16:00:00-04:00,63282.5173,67815.8502,72948.571,67905.2484
2025-05-14 16:00:00-04:00,63151.5343,67675.4841,72948.571,67905.2484
2025-05-15 16:00:00-04:00,63265.6541,67797.7789,73120.9427,68065.7031
2025-05-16 16:00:00-04:00,63019.595,67534.0931,72731.9907,67703.6414
2025-05-19 16:00:00-04:00,63145.0092,67668.4915,72921.2725,67879.8372
2025-05-20 16:00:00-04:00,62904.5107,67410.7646,72548.7603,67533.0787
2025-05-21 16:00:00-04:00,63033.2397,67548.7152,72727.8885,67699.8229
2025-05-22 16:00:00-04:00,63197.8282,67725.0943,72318.8304,67319.0451
2025-05-23 16:00:00-04:00,63389.6849,67930.6948,72592.4187,67573.7188
2025-05-27 16:00:00-04:00,63413.206,67835.8784,72684.4531,67511.5319
2025-05-28 16:00:00-04:00,63501.722,67930.5678,72808.1609,67626.4355
2025-05-29 16:00:00-04:00,63649.668,68088.8321,73025.0613,67827.8992
2025-05-30 16:00:00-04:00,63308.8649,68088.8321,73256.1071,67827.8992
2025-06-02 16:00:00-04:00,63461.4674,68088.8321,73422.746,67827.8992
2025-06-03 16:00:00-04:00,63566.986,68202.0447,73578.4474,67971.7361
2025-06-04 16:00:00-04:00,63631.0501,68202.0447,73413.726,67971.7361
2025-06-05 16:00:00-04:00,63369.8561,67922.0877,73590.4556,68135.365
2025-06-06 16:00:00-04:00,63235.3958,67777.9682,73486.0911,68038.7369
2025-06-09 16:00:00-04:00,63311.2549,67859.2768,73374.6914,67935.595
2025-06-10 16:00:00-04:00,63149.7898,67686.2127,73495.6432,68047.5809
2025-06-11 16:00:00-04:00,62941.9235,67463.4142,73189.2511,67763.9009
2025-06-12 16:00:00-04:00,63067.8352,67598.3709,73368.6705,67930.0204
2025-06-13 16:00:00-04:00,62777.9762,67598.3709,72943.8005,67930.0204
2025-06-16 16:00:00-04:00,62674.4163,67486.8592,72902.6584,67891.7062
2025-06-17 16:00:00-04:00,62436.4898,67230.6635,72565.6307,67577.844
2025-06-18 16:00:00-04:00,62547.2766,67349.957,72724.4632,67725.7592
2025-06-20 16:00:00-04:00,62720.7567,67536.7578,72984.7497,67968.155
2025-06-23 16:00:00-04:00,62444.2452,67239.0144,72558.2838,67571.0021
2025-06-24 16:00:00-04:00,62567.3211,67239.0144,72753.1742,67571.0021
2025-06-25 16:00:00-04:00,62643.2726,67320.6369,72882.3316,67690.9598
2025-06-26 16:00:00-04:00,62715.5285,67398.2879,72998.2015,67798.5763
2025-06-27 16:00:00-04:00,62782.1642,67398.2879,72772.849,67798.5763
2025-06-30 16:00:00-04:00,62560.2256,67160.0311,72881.1868,67899.5088
2025-07-01 16:00:00-04:00,62343.1552,67160.0311,73023.4053,67899.5088
2025-07-02 16:00:00-04:00,62426.3328,67249.6352,73162.4403,68028.7881
2025-07-07 16:00:00-04:00,62685.7231,67453.6512,73384.6608,68123.1866
2025-07-08 16:00:00-04:00,62680.7,67448.246,73096.9612,67856.1143
2025-07-09 16:00:00-04:00,62777.6997,67552.6236,73238.9018,67987.8781
2025-07-10 16:00:00-04:00,62851.1759,67631.6884,73238.9018,67987.8781
2025-07-11 16:00:00-04:00,62935.6208,67631.6884,73363.2215,67987.8781
2025-07-14 16:00:00-04:00,63019.7784,67722.1256,73497.7156,68112.5178
2025-07-15 16:00:00-04:00,63091.5824,67799.2875,73627.096,68232.4184
2025-07-16 16:00:00-04:00,63210.8242,67927.4266,73217.4134,67852.7534
2025-07-17 16:00:00-04:00,63297.5761,68020.6517,73338.1136,67964.6098
2025-07-18 16:00:00-04:00,63358.8214,68086.467,73428.5599,68048.4291
2025-07-21 16:00:00-04:00,63201.5031,67917.4101,73205.9804,67842.1581
2025-07-22 16:00:00-04:00,63141.6719,67853.1144,73205.9804,67842.1581
2025-07-23 16:00:00-04:00,63220.6966,67938.0357,72965.6819,67619.4663
2025-07-24 16:00:00-04:00,63114.5088,67823.9245,72715.3505,67387.4768
2025-07-25 16:00:00-04:00,63170.9683,67823.9245,72800.4418,67387.4768
2025-07-28 16:00:00-04:00,63065.4253,67710.6076,72696.2872,67291.0665
2025-07-29 16:00:00-04:00,63119.952,67710.6076,72796.9862,67291.0665
2025-07-30 16:00:00-04:00,63183.1298,67778.3802,72898.1629,67384.5909
2025-07-31 16:00:00-04:00,63326.9859,67932.6988,73101.6054,67572.6462
2025-08-01 16:00:00-04:00,63233.3308,67932.6988,73329.0402,67572.6462
2025-08-04 16:00:00-04:00,63385.297,68095.9589,73440.8348,67675.6648
2025-08-05 16:00:00-04:00,63471.7309,68095.9589,73567.8522,67675.6648
2025-08-06 16:00:00-04:00,63578.7527,68210.7777,73733.5684,67828.1085
2025-08-07 16:00:00-04:00,63682.8616,68322.4714,73900.5636,67981.7287
2025-08-08 16:00:00-04:00,63796.7723,68322.4714,74011.8667,67981.7287
2025-08-11 16:00:00-04:00,63637.4979,68151.8982,74111.1812,68072.9515
2025-08-12 16:00:00-04:00,63737.8769,68259.398,74258.4995,68208.2671
2025-08-13 16:00:00-04:00,63812.4172,68339.2262,74367.5948,68308.4737
2025-08-14 16:00:00-04:00,63632.3026,68146.3344,74102.6415,68065.1076
2025-08-15 16:00:00-04:00,63707.1564,68226.4982,73796.7026,67784.0952
2025-08-18 16:00:00-04:00,63620.6264,68133.8298,73796.7026,67784.0952
2025-08-19 16:00:00-04:00,63467.7806,67970.1413,73922.5239,67899.6652
2025-08-20 16:00:00-04:00,63568.126,68077.6051,74106.2043,68068.3801
2025-08-21 16:00:00-04:00,63278.2257,67767.1395,73650.4773,67649.7837
2025-08-22 16:00:00-04:00,63430.5163,67930.2334,73573.7241,67579.284
2025-08-25 16:00:00-04:00,63509.9948,68015.3501,73723.2108,67716.5912
2025-08-26 16:00:00-04:00,63567.9406,68015.3501,73830.8246,67716.5912
2025-08-27 16:00:00-04:00,63627.7998,68079.3973,73935.8323,67812.9027
2025-08-28 16:00:00-04:00,63701.4154,68158.1632,74079.0608,67944.2699
2025-08-29 16:00:00-04:00,63781.4107,68158.1632,74229.8617,67944.2699
2025-09-02 16:00:00-04:00,62715.8858,67297.9086,72547.4426,66771.8161
2025-09-03 16:00:00-04:00,62479.4331,67044.1806,72163.599,66418.5309
2025-09-04 16:00:00-04:00,62274.0499,67044.1806,71842.0541,66418.5309
2025-09-05 16:00:00-04:00,62362.3058,67139.1968,71993.3728,66558.4263
2025-09-08 16:00:00-04:00,62318.9034,67092.4699,71665.6859,66255.4772
2025-09-09 16:00:00-04:00,62140.6538,66900.5665,71401.0223,66010.7936
2025-09-10 16:00:00-04:00,61972.3285,66719.3477,71496.0473,66098.645
2025-09-11 16:00:00-04:00,62058.6998,66812.3349,71480.0246,66083.8319
2025-09-12 16:00:00-04:00,62111.2941,66812.3349,71565.5794,66083.8319
2025-09-15 16:00:00-04:00,62122.6062,66824.5032,71646.2789,66158.3499
2025-09-16 16:00:00-04:00,62179.8547,66886.0847,71608.1681,66123.1583
2025-09-17 16:00:00-04:00,62226.6743,66936.4479,71683.9415,66193.1277
2025-09-18 16:00:00-04:00,62103.1948,66803.6226,71528.3452,66049.4497
2025-09-19 16:00:00-04:00,61919.6034,66606.1356,71265.889,65807.097
2025-09-22 16:00:00-04:00,61981.6141,66672.8397,71350.5168,65885.2425
2025-09-23 16:00:00-04:00,62026.2377,66720.8408,71422.3575,65951.5804
2025-09-24 16:00:00-04:00,62091.4915,66791.0334,71520.3124,66042.0322
2025-09-25 16:00:00-04:00,62203.5791,66911.6047,71697.9084,66206.0248
2025-09-26 16:00:00-04:00,61918.6328,66911.6047,71301.7209,66206.0248
2025-09-29 16:00:00-04:00,61718.7265,66695.5785,70994.2009,65920.4822
2025-09-30 16:00:00-04:00,61800.9262,66695.5785,70725.4636,65920.4822
