0,es_base,es_filt,nq_base,nq_filt
2018-01-02 16:00:00-05:00,100220.3852,100000.0,100107.0033,100000.0
2018-01-03 16:00:00-05:00,100530.7531,100309.6854,100219.9155,100112.7915
2018-01-04 16:00:00-05:00,100408.0946,100309.6854,100219.9155,100112.7915
2018-01-05 16:00:00-05:00,100715.6469,100616.9364,100331.6071,100224.3637
2018-01-08 16:00:00-05:00,100859.6524,100760.8007,100442.5841,100335.222
2018-01-09 16:00:00-05:00,100810.9263,100712.1223,100190.8559,100083.7629
2018-01-10 16:00:00-05:00,100844.6938,100745.8568,100208.8718,100101.7596
2018-01-11 16:00:00-05:00,101150.7035,101051.5665,100319.4698,100212.2394
2018-01-12 16:00:00-05:00,101455.4305,101051.5665,100429.465,100212.2394
2018-01-16 16:00:00-05:00,101946.6179,101540.7987,100418.9153,100201.7125
2018-01-17 16:00:00-05:00,102252.1128,101845.0774,100528.0297,100310.5908
2018-01-18 16:00:00-05:00,101956.6969,101550.8375,100087.0862,99870.6011
2018-01-19 16:00:00-05:00,101753.4978,101348.4474,100195.1456,99978.4268
2018-01-22 16:00:00-05:00,102055.4044,101649.1521,100302.5824,100085.6312
2018-01-23 16:00:00-05:00,101953.4151,101547.5688,100408.4776,100191.2973
2018-01-24 16:00:00-05:00,101628.6319,101224.0784,99926.5428,99710.405
2018-01-25 16:00:00-05:00,101365.3022,100961.797,100032.8819,99816.514
2018-01-26 16:00:00-05:00,101662.0568,100961.797,100138.2522,99816.514
2018-01-29 16:00:00-05:00,101809.9551,101108.6766,99624.5589,99304.4712
2018-01-30 16:00:00-05:00,101824.7743,101108.6766,99729.9235,99304.4712
2018-01-31 16:00:00-05:00,102125.7811,101407.5666,99835.0963,99409.1954
2018-02-01 16:00:00-05:00,101464.5361,101407.5666,99940.5822,99409.1954
2018-02-02 16:00:00-05:00,101768.1339,101710.9939,100048.444,99516.4837
2018-02-05 16:00:00-05:00,101007.7625,101710.9939,100118.7156,99516.4837
2018-02-06 16:00:00-05:00,101097.5667,101801.4234,100150.985,99548.559
2018-02-07 16:00:00-05:00,101356.1286,102061.7854,100261.7025,99658.6105
2018-02-08 16:00:00-05:00,101675.2183,102383.0967,100365.5471,99761.8305
2018-02-09 16:00:00-05:00,101924.3294,102383.0967,100445.7286,99761.8305
2018-02-12 16:00:00-05:00,102248.6525,102708.8795,100554.4688,99869.8303
2018-02-13 16:00:00-05:00,102572.1599,103033.8431,100668.7764,99983.3595
2018-02-14 16:00:00-05:00,102894.7007,103357.8356,100777.9161,100091.7562
2018-02-15 16:00:00-05:00,103214.1171,103678.6897,100888.9994,100202.0832
2018-02-16 16:00:00-05:00,103529.8143,103995.808,100997.8184,100310.1613
2018-02-20 16:00:00-05:00,103180.5993,103645.0211,101217.4164,100528.2641
2018-02-21 16:00:00-05:00,103496.7942,103962.6392,101326.5231,100636.6279
2018-02-22 16:00:00-05:00,102829.2114,103292.0515,101435.9831,100745.3426
2018-02-23 16:00:00-05:00,102475.8446,103292.0515,100968.5225,100745.3426
2018-02-26 16:00:00-05:00,102054.5736,102867.4252,101075.1122,100851.6967
2018-02-27 16:00:00-05:00,101666.9244,102867.4252,100568.5254,100851.6967
2018-02-28 16:00:00-05:00,101976.6252,103180.783,100675.3929,100958.8651
2018-03-01 16:00:00-05:00,101149.1747,103180.783,100746.4463,100958.8651
2018-03-02 16:00:00-05:00,101467.2718,103505.2691,100842.108,101054.7285
2018-03-05 16:00:00-05:00,101783.3823,103505.2691,100165.9093,101054.7285
2018-03-06 16:00:00-05:00,101302.5523,103016.3049,99633.8472,100517.9451
2018-03-07 16:00:00-05:00,101614.8621,103333.8981,99740.0072,100625.0471
2018-03-08 16:00:00-05:00,101314.1484,103028.0972,99845.6461,100731.6234
2018-03-09 16:00:00-05:00,101621.1776,103028.0972,99949.8618,100731.6234
2018-03-12 16:00:00-04:00,101645.4882,103052.7443,99523.3859,100301.8118
2018-03-13 16:00:00-04:00,101949.9106,103361.3814,99625.3353,100404.5586
2018-03-14 16:00:00-04:00,102258.6051,103674.3497,99729.1401,100509.1753
2018-03-15 16:00:00-04:00,101756.2621,103165.0519,99832.9475,100613.7946
2018-03-16 16:00:00-04:00,101467.89,102872.6873,99937.1213,100718.7832
2018-03-19 16:00:00-04:00,101779.1848,103188.2919,100043.4517,100825.9453
2018-03-20 16:00:00-04:00,101682.7248,103090.4964,99446.0143,100223.835
2018-03-21 16:00:00-04:00,101996.1377,103408.2484,99552.2905,100330.9425
2018-03-22 16:00:00-04:00,101388.2036,102791.8977,98755.7208,99528.1424
2018-03-23 16:00:00-04:00,101711.3976,103119.5662,98855.0826,99628.2813
2018-03-26 16:00:00-04:00,102037.161,103449.8397,98965.388,99739.4495
2018-03-27 16:00:00-04:00,101442.4473,103449.8397,99073.6131,99739.4495
2018-03-28 16:00:00-04:00,101767.1566,103780.9746,99141.946,99808.2417
2018-03-29 16:00:00-04:00,102092.9375,104113.2022,99203.3339,99870.0422
2018-04-02 16:00:00-04:00,102420.9607,104113.2022,99285.3457,99870.0422
2018-04-03 16:00:00-04:00,101663.971,103343.7052,99362.4305,99947.5809
2018-04-04 16:00:00-04:00,101993.6227,103343.7052,99478.1039,99947.5809
2018-04-05 16:00:00-04:00,101407.5258,102749.8502,99590.3416,100060.3484
2018-04-06 16:00:00-04:00,101730.8769,103077.4815,99680.1051,100150.5355
2018-04-09 16:00:00-04:00,102055.4828,103406.3842,99788.6486,100259.5912
2018-04-10 16:00:00-04:00,102378.64,103733.819,99900.8407,100372.3128
2018-04-11 16:00:00-04:00,101970.7723,103320.5523,100012.5921,100484.5916
2018-04-12 16:00:00-04:00,101672.235,103018.0634,100123.6893,100596.2131
2018-04-13 16:00:00-04:00,101992.5487,103018.0634,100235.1874,100596.2131
2018-04-16 16:00:00-04:00,102312.2523,103340.9815,100346.1221,100707.5474
2018-04-17 16:00:00-04:00,102630.0003,103661.9244,100455.8211,100817.6416
2018-04-18 16:00:00-04:00,102162.2682,103189.4894,99808.4143,100167.9029
2018-04-19 16:00:00-04:00,102480.8976,103511.3225,99916.7926,100276.6716
2018-04-20 16:00:00-04:00,102801.3243,103834.971,100027.1785,100387.4551
2018-04-23 16:00:00-04:00,102261.851,103290.0735,100137.7412,100498.416
2018-04-24 16:00:00-04:00,102583.3959,103290.0735,100239.9189,100498.416
2018-04-25 16:00:00-04:00,102910.4643,103619.3949,100319.4016,100578.1037
2018-04-26 16:00:00-04:00,103235.4701,103946.6396,100431.4809,100690.472
2018-04-27 16:00:00-04:00,103097.2203,103946.6396,100508.4918,100690.472
2018-04-30 16:00:00-04:00,103420.8571,104272.9428,99908.5961,100089.4902
2018-05-01 16:00:00-04:00,102976.1755,104272.9428,100020.6179,100089.4902
2018-05-02 16:00:00-04:00,102459.6985,103749.9619,99430.4831,99498.9491
2018-05-03 16:00:00-04:00,102790.1452,103749.9619,99542.5683,99498.9491
2018-05-04 16:00:00-04:00,103118.0665,104080.9451,99643.003,99599.3398
2018-05-07 16:00:00-04:00,102653.5045,103612.0452,99336.3087,99292.7799
2018-05-08 16:00:00-04:00,102266.2224,103221.1468,98782.4074,98739.1214
2018-05-09 16:00:00-04:00,101928.7492,102880.5225,98310.2576,98267.1784
2018-05-10 16:00:00-04:00,102244.3961,103199.1168,98414.9746,98371.8495
2018-05-11 16:00:00-04:00,101876.2987,103199.1168,98519.3007,98371.8495
2018-05-14 16:00:00-04:00,101892.0564,103215.0791,98039.9792,97893.2454
2018-05-15 16:00:00-04:00,101521.4862,102839.6972,97538.5684,97392.5851
2018-05-16 16:00:00-04:00,101509.3036,102827.3564,97642.4885,97496.3496
2018-05-17 16:00:00-04:00,101115.1233,102428.0578,97746.6237,97600.329
2018-05-18 16:00:00-04:00,100851.3666,102160.8764,97288.9665,97143.3567
2018-05-21 16:00:00-04:00,100480.1662,101784.8561,97392.7913,97247.0262
2018-05-22 16:00:00-04:00,100788.2844,102096.975,97496.7897,97350.8689
2018-05-23 16:00:00-04:00,100405.6446,101709.3669,97601.3317,97455.2544
2018-05-24 16:00:00-04:00,99884.7679,101181.7268,96615.0715,96470.4704
2018-05-25 16:00:00-04:00,99570.3506,101181.7268,96717.2975,96470.4704
2018-05-29 16:00:00-04:00,99740.9246,101039.5075,96922.9378,96572.3848
2018-05-30 16:00:00-04:00,100049.3529,101351.9515,97025.4773,96674.5534
2018-05-31 16:00:00-04:00,99760.6873,101059.5276,96592.7107,96243.352
2018-06-01 16:00:00-04:00,99894.8856,101059.5276,96693.6946,96243.352
2018-06-04 16:00:00-04:00,99894.8856,101059.5276,96793.5629,96342.7552
2018-06-05 16:00:00-04:00,99710.3681,101059.5276,96892.8189,96342.7552
2018-06-06 16:00:00-04:00,100013.4764,101366.7372,96992.4402,96441.811
2018-06-07 16:00:00-04:00,100315.9385,101673.2918,97091.8615,96540.6678
2018-06-08 16:00:00-04:00,100619.543,101673.2918,96714.8312,96540.6678
2018-06-11 16:00:00-04:00,100445.0044,101496.9253,96813.991,96639.649
2018-06-12 16:00:00-04:00,100198.8345,101248.1773,96912.8675,96738.3475
2018-06-13 16:00:00-04:00,100061.3043,101109.2069,97011.2768,96836.5796
2018-06-14 16:00:00-04:00,99807.4732,100852.7174,97109.2992,96934.4255
2018-06-15 16:00:00-04:00,99489.3384,100531.251,97207.5864,97032.5357
2018-06-18 16:00:00-04:00,99665.7925,100709.553,97306.3483,97131.1197
2018-06-19 16:00:00-04:00,99263.9464,100303.4985,97406.6371,97231.2279
2018-06-20 16:00:00-04:00,99072.9064,100110.4578,97504.8782,97329.2921
2018-06-21 16:00:00-04:00,99374.4688,100415.1784,97603.5771,97427.8133
2018-06-22 16:00:00-04:00,99425.5645,100466.8092,97415.7522,97240.3266
2018-06-25 16:00:00-04:00,99732.3299,100776.7872,97506.6674,97331.0781
2018-06-26 16:00:00-04:00,99519.4544,100776.7872,97608.0581,97331.0781
2018-06-27 16:00:00-04:00,98972.5588,100222.982,97709.7297,97432.4612
2018-06-28 16:00:00-04:00,99279.713,100534.0169,97812.7109,97535.1501
2018-06-29 16:00:00-04:00,98869.304,100534.0169,97388.4935,97535.1501
2018-07-02 16:00:00-04:00,99175.7851,100534.0169,97490.7024,97535.1501
2018-07-05 16:00:00-04:00,99438.3098,101109.1313,96916.9426,96859.7431
2018-07-06 16:00:00-04:00,99742.4738,101418.4061,97016.8923,96959.6338
2018-07-09 16:00:00-04:00,99954.7257,101634.2244,96496.3268,96439.3755
2018-07-10 16:00:00-04:00,99665.7493,101340.3924,96135.1587,96078.4206
2018-07-11 16:00:00-04:00,99331.8254,101000.8577,95830.0447,95773.4867
2018-07-12 16:00:00-04:00,99551.0338,101223.7494,95926.4299,95869.8151
2018-07-13 16:00:00-04:00,99556.852,101223.7494,96021.8755,95869.8151
2018-07-16 16:00:00-04:00,99357.9189,101021.4855,96117.7135,95965.5013
2018-07-17 16:00:00-04:00,99656.0226,101324.5805,96214.042,96061.6773
2018-07-18 16:00:00-04:00,99457.7909,101123.0298,96214.042,96061.6773
2018-07-19 16:00:00-04:00,99457.7909,101123.0298,96104.4621,95952.2709
2018-07-20 16:00:00-04:00,99286.3833,100948.7523,96200.0956,96047.753
2018-07-23 16:00:00-04:00,99460.4483,101125.7316,96296.404,96143.9089
2018-07-24 16:00:00-04:00,99184.9252,100845.5955,96391.5182,96238.8724
2018-07-25 16:00:00-04:00,99479.2533,101144.8515,96486.5866,96333.7903
2018-07-26 16:00:00-04:00,99257.4624,100919.3472,96098.8675,95946.6852
2018-07-27 16:00:00-04:00,99551.2219,100919.3472,96194.5426,95946.6852
2018-07-30 16:00:00-04:00,99848.3863,101220.5955,96260.9149,96012.8865
2018-07-31 16:00:00-04:00,99552.1387,101220.5955,95381.0349,96012.8865
2018-08-01 16:00:00-04:00,99328.6606,101220.5955,95477.4766,96012.8865
2018-08-02 16:00:00-04:00,99625.6827,101523.2749,95574.2273,96110.1798
2018-08-03 16:00:00-04:00,99824.6128,101523.2749,95598.2758,96110.1798
2018-08-06 16:00:00-04:00,100119.1587,101822.8329,95693.0895,96205.5011
2018-08-07 16:00:00-04:00,100045.8934,101748.3209,95693.0895,96205.5011
2018-08-08 16:00:00-04:00,99981.4025,101682.7326,95787.2318,96300.1475
2018-08-09 16:00:00-04:00,99785.9526,101483.9569,95881.1211,96394.5396
2018-08-10 16:00:00-04:00,99729.9421,101483.9569,95976.2189,96394.5396
2018-08-13 16:00:00-04:00,99507.4072,101257.5081,96070.6788,96489.4112
2018-08-14 16:00:00-04:00,99626.9971,101379.2013,96165.5378,96584.6837
2018-08-15 16:00:00-04:00,99287.0882,101033.3142,96261.8923,96681.4581
2018-08-16 16:00:00-04:00,99580.3701,101331.7542,96357.2416,96777.223
2018-08-17 16:00:00-04:00,99305.1428,101051.6864,96454.0313,96874.4346
2018-08-20 16:00:00-04:00,99110.5041,100853.6244,96134.3703,96553.3803
2018-08-21 16:00:00-04:00,98822.4168,100560.4703,96229.5071,96648.9318
2018-08-22 16:00:00-04:00,98750.1848,100486.968,96324.8063,96744.6464
2018-08-23 16:00:00-04:00,98402.7132,100133.3852,95643.0945,96059.9633
2018-08-24 16:00:00-04:00,98690.4034,100426.1351,95737.1912,96154.4701
2018-08-27 16:00:00-04:00,98746.7228,100483.445,95830.2228,96247.9071
2018-08-28 16:00:00-04:00,98743.3873,100483.445,95707.9624,96247.9071
2018-08-29 16:00:00-04:00,99028.1946,100773.2712,95800.1319,96340.5967
2018-08-30 16:00:00-04:00,98820.3339,100561.7475,95891.6093,96432.5902
2018-08-31 16:00:00-04:00,98485.4776,100561.7475,95383.8207,96432.5902
2018-09-04 16:00:00-04:00,97944.4771,100471.9062,95474.8237,96524.5939
2018-09-05 16:00:00-04:00,97737.4123,100259.4981,95567.7593,96618.5513
2018-09-06 16:00:00-04:00,98021.738,100259.4981,95661.7713,96618.5513
2018-09-07 16:00:00-04:00,97805.7457,100038.5748,95745.2116,96702.8261
2018-09-10 16:00:00-04:00,97810.9936,100043.9425,95288.5756,96241.6231
2018-09-11 16:00:00-04:00,98095.8164,100335.2676,95382.327,96336.3121
2018-09-12 16:00:00-04:00,97863.0126,100097.1491,95476.2941,96431.219
2018-09-13 16:00:00-04:00,97863.0126,100097.1491,95476.2941,96431.219
2018-09-14 16:00:00-04:00,97640.5753,100097.1491,95569.3073,96431.219
2018-09-17 16:00:00-04:00,97922.8088,100386.4833,95663.2502,96526.0092
2018-09-18 16:00:00-04:00,98205.5279,100676.3155,95756.8463,96620.4494
2018-09-19 16:00:00-04:00,98205.5279,100676.3155,95851.3208,96715.776
2018-09-20 16:00:00-04:00,98486.62,100964.4797,95944.2492,96809.5424
2018-09-21 16:00:00-04:00,98659.0452,101141.243,96037.4157,96903.5492
2018-09-24 16:00:00-04:00,98571.2432,101051.2319,96131.3469,96998.3275
2018-09-25 16:00:00-04:00,98593.1517,101051.2319,95718.8926,96998.3275
2018-09-26 16:00:00-04:00,98875.8806,101341.0097,95811.3608,97092.0317
2018-09-27 16:00:00-04:00,99159.7993,101632.007,95903.3144,97185.2144
2018-09-28 16:00:00-04:00,99130.9178,101632.007,95995.4813,97185.2144
2018-10-01 16:00:00-04:00,98857.7298,101632.007,96087.3218,97185.2144
2018-10-02 16:00:00-04:00,98617.6556,101385.1955,96179.2669,97278.2101
2018-10-03 16:00:00-04:00,98388.0301,101385.1955,95843.0591,97278.2101
2018-10-04 16:00:00-04:00,98671.609,101677.413,95936.3346,97372.8823
2018-10-05 16:00:00-04:00,98956.8979,101971.3926,96031.1541,97469.1216
2018-10-08 16:00:00-04:00,98440.4464,101439.2086,95073.2083,96496.8316
2018-10-09 16:00:00-04:00,98063.2841,101050.5569,95167.6531,96592.6906
2018-10-10 16:00:00-04:00,98351.8564,101347.92,95221.9074,96647.7572
2018-10-11 16:00:00-04:00,98614.5022,101618.5667,95267.7637,96694.3003
2018-10-12 16:00:00-04:00,98915.1492,101618.5667,95367.3594,96694.3003
2018-10-15 16:00:00-04:00,98310.4891,100997.3807,95445.6542,96773.6844
2018-10-16 16:00:00-04:00,98608.1347,101303.1612,95543.9869,96873.3853
2018-10-17 16:00:00-04:00,98904.766,101607.8997,95629.78,96960.3721
2018-10-18 16:00:00-04:00,98452.0668,101142.8279,95728.0089,97059.9678
2018-10-19 16:00:00-04:00,98750.5878,101449.5077,95821.7714,97155.0349
2018-10-22 16:00:00-04:00,98586.3034,101280.7332,95897.7623,97232.0832
2018-10-23 16:00:00-04:00,97605.7904,100273.4222,95974.9318,97310.3263
2018-10-24 16:00:00-04:00,97906.9334,100582.7956,96075.8365,97412.6351
2018-10-25 16:00:00-04:00,98213.3795,100897.6171,96153.3485,97491.2255
2018-10-26 16:00:00-04:00,98525.9996,100897.6171,96213.2909,97491.2255
2018-10-29 16:00:00-04:00,97985.3492,100343.9527,96316.8736,97596.184
2018-10-30 16:00:00-04:00,98190.3987,100343.9527,96316.8736,97596.184
2018-10-31 16:00:00-04:00,98493.7208,100653.9274,96419.4459,97700.1187
2018-11-01 16:00:00-04:00,98797.6612,100653.9274,96513.7835,97700.1187
2018-11-02 16:00:00-04:00,99100.6062,100962.5643,96606.9942,97794.4751
2018-11-05 16:00:00-05:00,98587.6539,100962.5643,96683.7958,97794.4751
2018-11-06 16:00:00-05:00,98638.4983,101014.6336,96104.8777,97208.9065
2018-11-07 16:00:00-05:00,98935.6632,101318.9569,96205.1479,97310.3286
2018-11-08 16:00:00-05:00,98563.4496,100937.7769,96304.9749,97411.3024
2018-11-09 16:00:00-05:00,98861.6378,100937.7769,96406.4305,97411.3024
2018-11-12 16:00:00-05:00,99163.4645,101245.9421,96485.3373,97491.0316
2018-11-13 16:00:00-05:00,98350.0968,100415.4933,95510.2273,96505.7577
2018-11-14 16:00:00-05:00,98652.8731,100724.6281,95612.3125,96608.907
2018-11-15 16:00:00-05:00,98960.5259,101038.7417,94645.4123,95631.9286
2018-11-16 16:00:00-05:00,99265.6163,101350.2391,94728.1363,95715.5148
2018-11-19 16:00:00-05:00,99572.9629,101664.0401,94809.9027,95798.1335
2018-11-20 16:00:00-05:00,98565.6824,100635.6063,93854.7947,94833.0701
2018-11-21 16:00:00-05:00,98054.46,100113.648,93854.7947,94833.0701
2018-11-26 16:00:00-05:00,97851.0348,99905.9508,94068.1867,95048.6864
2018-11-27 16:00:00-05:00,98159.2383,99905.9508,94146.3046,95048.6864
2018-11-28 16:00:00-05:00,97791.446,99531.6137,93536.2857,94432.8206
2018-11-29 16:00:00-05:00,97439.3488,99173.251,93637.8544,94535.3628
2018-11-30 16:00:00-05:00,97738.2986,99173.251,93738.4623,94535.3628
2018-12-03 16:00:00-05:00,97357.4478,99173.251,93828.3871,94535.3628
2018-12-04 16:00:00-05:00,97652.9821,99474.2973,93927.9485,94635.6744
2018-12-06 16:00:00-05:00,97929.6047,99756.0791,92980.1601,93680.7446
2018-12-07 16:00:00-05:00,98206.851,100038.4963,93081.1108,93782.4559
2018-12-10 16:00:00-05:00,98450.3873,100286.5748,93145.9691,93847.803
2018-12-11 16:00:00-05:00,98761.596,100603.5878,93248.9727,93951.5827
2018-12-12 16:00:00-05:00,99072.5167,100920.3074,93350.7644,94054.1413
2018-12-13 16:00:00-05:00,99387.4086,101241.0724,93453.6397,94157.7917
2018-12-14 16:00:00-05:00,99707.4335,101241.0724,93558.8059,94157.7917
2018-12-17 16:00:00-05:00,100031.9593,101570.5898,93646.1103,94245.655
2018-12-18 16:00:00-05:00,100361.6292,101905.3305,93753.3828,94353.6144
2018-12-19 16:00:00-05:00,100684.4662,102233.1332,92808.8674,93403.0519
2018-12-20 16:00:00-05:00,99758.7137,101293.1413,91869.6712,92457.8428
2018-12-21 16:00:00-05:00,100096.7408,101636.3677,91933.7868,92522.3689
2018-12-26 16:00:00-05:00,99311.0886,100838.6311,91086.1002,91669.2552
2018-12-27 16:00:00-05:00,99611.241,101143.4003,91149.6077,91733.1692
2018-12-28 16:00:00-05:00,99944.7732,101143.4003,91233.7575,91733.1692
2018-12-31 16:00:00-05:00,100283.22,101485.906,91342.4826,91842.4894
2019-01-02 16:00:00-05:00,100623.4479,101485.906,91417.3789,91842.4894
2019-01-03 16:00:00-05:00,100866.6023,101731.1446,91486.4424,91911.874
2019-01-04 16:00:00-05:00,101088.0013,101731.1446,91541.7031,91911.874
2019-01-07 16:00:00-05:00,101423.564,102068.8422,91648.1548,92018.7562
2019-01-08 16:00:00-05:00,101757.6892,102405.0931,91753.6677,92124.6958
2019-01-09 16:00:00-05:00,101063.0054,101705.9896,91857.7507,92229.1996
2019-01-10 16:00:00-05:00,101394.0019,102039.092,91962.5161,92334.3887
2019-01-11 16:00:00-05:00,101695.2325,102039.092,92067.0893,92334.3887
2019-01-14 16:00:00-05:00,101604.2947,101947.8467,92172.6336,92440.2393
2019-01-15 16:00:00-05:00,101933.915,102278.5816,92264.8201,92532.6935
2019-01-16 16:00:00-05:00,101620.6492,101964.2565,92368.284,92636.4579
2019-01-17 16:00:00-05:00,101947.9736,102292.6877,92471.7227,92740.1968
2019-01-18 16:00:00-05:00,102271.1353,102616.9421,92573.5605,92842.3303
2019-01-22 16:00:00-05:00,102597.5812,102944.4918,92676.917,92945.9869
2019-01-23 16:00:00-05:00,102925.2299,103273.2484,92780.8517,93050.2233
2019-01-24 16:00:00-05:00,102426.0046,102772.3351,92206.5513,92474.2555
2019-01-25 16:00:00-05:00,102240.9398,102772.3351,92308.3296,92474.2555
2019-01-28 16:00:00-05:00,101663.8038,102192.1994,92308.3296,92474.2555
2019-01-29 16:00:00-05:00,101381.196,102192.1994,92412.0355,92474.2555
2019-01-30 16:00:00-05:00,101702.7492,102516.325,92514.6947,92576.9839
2019-01-31 16:00:00-05:00,102021.4951,102837.6206,92615.0706,92677.4274
2019-02-01 16:00:00-05:00,101548.2979,102837.6206,92715.0996,92677.4274
2019-02-04 16:00:00-05:00,101864.363,103157.6987,92815.1763,92777.4634
2019-02-05 16:00:00-05:00,101563.4397,103157.6987,92913.6853,92777.4634
2019-02-06 16:00:00-05:00,101299.6037,102889.7212,92599.7118,92463.9502
2019-02-07 16:00:00-05:00,100923.7986,102508.017,92699.1646,92563.2572
2019-02-08 16:00:00-05:00,100526.6616,102508.017,92799.7406,92563.2572
2019-02-11 16:00:00-05:00,100403.1395,102382.0603,92899.9529,92663.2142
2019-02-12 16:00:00-05:00,100712.0546,102697.0641,92999.1211,92762.1297
2019-02-13 16:00:00-05:00,100580.8917,102563.316,93097.6458,92860.4033
2019-02-14 16:00:00-05:00,100889.8847,102878.3992,93196.6075,92959.1127
2019-02-15 16:00:00-05:00,100996.0438,102986.6506,92817.6471,92581.1181
2019-02-19 16:00:00-05:00,101302.2777,103298.9203,93013.2466,92776.2192
2019-02-20 16:00:00-05:00,101089.9372,103082.3947,92710.4869,92474.231
2019-02-21 16:00:00-05:00,100677.9541,102662.2915,91965.4271,91731.0698
2019-02-22 16:00:00-05:00,100810.3045,102662.2915,92062.1028,91731.0698
2019-02-25 16:00:00-05:00,100583.1644,102430.9786,92158.1659,91826.7875
2019-02-26 16:00:00-05:00,100301.4345,102430.9786,92254.3706,91826.7875
2019-02-27 16:00:00-05:00,99820.2784,101939.6069,92351.6788,91923.6447
2019-02-28 16:00:00-05:00,99521.5889,101634.5757,92029.67,91603.1284
2019-03-01 16:00:00-05:00,99820.525,101634.5757,92125.5943,91603.1284
2019-03-04 16:00:00-05:00,100119.3608,101938.8422,92220.8592,91697.853
2019-03-05 16:00:00-05:00,99919.3036,101938.8422,92316.6349,91697.853
2019-03-06 16:00:00-05:00,100221.9893,102247.6457,92412.941,91793.5136
2019-03-07 16:00:00-05:00,100063.9197,102086.3812,92506.3675,91886.3139
2019-03-08 16:00:00-05:00,99649.3508,102086.3812,92605.1274,91886.3139
2019-03-11 16:00:00-04:00,99953.0073,102397.464,92702.2274,91982.6602
2019-03-12 16:00:00-04:00,99869.4646,102311.8782,92797.914,92077.6041
2019-03-13 16:00:00-04:00,100168.478,102618.2043,92892.8344,92171.7877
2019-03-14 16:00:00-04:00,99898.039,102341.1514,92575.047,91856.467
2019-03-15 16:00:00-04:00,100196.0921,102646.4937,92669.1185,91949.8083
2019-03-18 16:00:00-04:00,99840.0249,102281.7185,92177.2775,91461.7851
2019-03-19 16:00:00-04:00,99573.6187,102008.7971,91869.3843,91156.2817
2019-03-20 16:00:00-04:00,99023.5295,101445.2548,91516.341,90805.9789
2019-03-21 16:00:00-04:00,99317.4043,101746.3166,91607.6697,90896.5986
2019-03-22 16:00:00-04:00,99613.4797,102049.6329,91688.103,90976.4076
2019-03-25 16:00:00-04:00,98807.4733,101223.9147,91060.998,90354.1703
2019-03-26 16:00:00-04:00,98394.704,101223.9147,91152.6499,90354.1703
2019-03-27 16:00:00-04:00,98689.2203,101526.8995,91244.9242,90445.6363
2019-03-28 16:00:00-04:00,98318.794,101145.822,91337.2674,90537.1706
2019-03-29 16:00:00-04:00,97933.0939,101145.822,90855.1127,90537.1706
2019-04-01 16:00:00-04:00,98221.3557,101145.822,90460.1349,90537.1706
2019-04-02 16:00:00-04:00,97900.8317,100815.7547,90549.5853,90626.6971
2019-04-03 16:00:00-04:00,97634.6856,100815.7547,90638.2697,90626.6971
2019-04-04 16:00:00-04:00,97453.347,100628.5079,90727.3641,90715.7801
2019-04-05 16:00:00-04:00,97483.7309,100659.8817,90716.4768,90704.8942
2019-04-08 16:00:00-04:00,97682.6719,100865.3044,90805.0883,90793.4944
2019-04-09 16:00:00-04:00,97341.3692,100512.8816,90421.5877,90410.0428
2019-04-10 16:00:00-04:00,97346.5118,100518.1918,90509.628,90498.0719
2019-04-11 16:00:00-04:00,97183.1345,100349.4915,90597.8549,90586.2875
2019-04-12 16:00:00-04:00,96903.7504,100349.4915,90685.8754,90586.2875
2019-04-15 16:00:00-04:00,96725.3341,100164.731,90773.9815,90674.2968
2019-04-16 16:00:00-04:00,96738.6349,100178.5047,90488.6955,90389.324
2019-04-17 16:00:00-04:00,96835.1885,100278.4916,90575.8588,90476.3916
2019-04-18 16:00:00-04:00,96531.519,99964.0241,90122.3212,90023.3522
2019-04-22 16:00:00-04:00,96627.8102,100063.7393,90208.9764,90109.9122
2019-04-23 16:00:00-04:00,96906.1775,100352.0048,90294.6441,90195.4858
2019-04-24 16:00:00-04:00,96638.9901,100075.3167,90356.0653,90256.8395
2019-04-25 16:00:00-04:00,96229.8725,99651.6516,90441.6375,90342.3177
2019-04-26 16:00:00-04:00,96506.2068,99651.6516,90527.0565,90342.3177
2019-04-29 16:00:00-04:00,96363.7258,99504.5267,90612.2402,90427.3276
2019-04-30 16:00:00-04:00,96640.0515,99504.5267,90698.4716,90427.3276
2019-05-01 16:00:00-04:00,96448.2173,99504.5267,90783.832,90427.3276
2019-05-02 16:00:00-04:00,96009.0446,99051.4372,90197.0497,89842.8496
2019-05-03 16:00:00-04:00,96283.9386,99051.4372,90282.4066,89842.8496
2019-05-06 16:00:00-04:00,96562.009,99337.5002,90363.8994,89923.9457
2019-05-07 16:00:00-04:00,96843.1164,99626.6875,90450.9839,90010.6062
2019-05-08 16:00:00-04:00,96463.0476,99235.6943,90538.3567,90097.5536
2019-05-09 16:00:00-04:00,95831.7587,98586.2603,90628.1758,90186.9354
2019-05-10 16:00:00-04:00,96115.1746,98586.2603,90717.7089,90186.9354
2019-05-13 16:00:00-04:00,96402.5495,98881.0234,90804.8978,90273.6142
2019-05-14 16:00:00-04:00,96688.9607,99174.7982,90896.1779,90364.3603
2019-05-15 16:00:00-04:00,96976.1175,99469.3377,90975.0301,90442.7511
2019-05-16 16:00:00-04:00,96712.4198,99198.8604,91044.26,90511.5759
2019-05-17 16:00:00-04:00,96996.2629,99490.001,91133.5313,90600.3249
2019-05-20 16:00:00-04:00,96372.2302,98849.9246,91224.9655,90691.2242
2019-05-21 16:00:00-04:00,96360.6656,98838.0627,90799.6944,90268.4412
2019-05-22 16:00:00-04:00,96088.122,98558.5121,90450.9589,89921.7461
2019-05-23 16:00:00-04:00,95734.9751,98196.2859,90543.4498,90013.6959
2019-05-24 16:00:00-04:00,96019.7685,98488.4012,90635.3518,90105.0602
2019-05-28 16:00:00-04:00,96226.2808,98406.9426,90508.9096,89887.846
2019-05-29 16:00:00-04:00,95775.2262,97945.6663,89912.069,89295.1008
2019-05-30 16:00:00-04:00,95591.7385,97758.0204,90004.9147,89387.3094
2019-05-31 16:00:00-04:00,95139.2744,97758.0204,90098.6225,89387.3094
2019-06-03 16:00:00-04:00,94464.9562,97758.0204,90165.2633,89387.3094
2019-06-04 16:00:00-04:00,94751.7586,98054.8207,90260.4826,89481.7073
2019-06-05 16:00:00-04:00,94267.9372,98054.8207,90354.4638,89481.7073
2019-06-06 16:00:00-04:00,93897.7794,97669.7931,89873.6778,89005.5653
2019-06-07 16:00:00-04:00,94173.2368,97956.3161,89951.7083,89082.8421
2019-06-10 16:00:00-04:00,94447.0452,98241.1238,90040.4771,89170.7534
2019-06-11 16:00:00-04:00,94721.3292,98526.4262,90129.0398,89258.4606
2019-06-12 16:00:00-04:00,94677.0705,98480.3894,90218.7143,89347.269
2019-06-13 16:00:00-04:00,94419.6456,98212.6235,89928.0422,89059.4045
2019-06-14 16:00:00-04:00,94318.5084,98212.6235,90017.3861,89059.4045
2019-06-17 16:00:00-04:00,94054.7622,97937.988,90017.3861,89059.4045
2019-06-18 16:00:00-04:00,93706.333,97575.1732,90096.0988,89137.2795
2019-06-19 16:00:00-04:00,93462.427,97321.1971,90183.2669,89223.52
2019-06-20 16:00:00-04:00,93729.159,97598.9417,90269.5786,89308.9131
2019-06-21 16:00:00-04:00,93996.1107,97876.915,90355.8166,89394.2333
2019-06-24 16:00:00-04:00,93778.3859,97650.201,90355.8166,89394.2333
2019-06-25 16:00:00-04:00,94047.4434,97650.201,90443.1977,89394.2333
2019-06-26 16:00:00-04:00,94261.1708,97872.1159,90531.0578,89481.0745
2019-06-27 16:00:00-04:00,93975.8678,97575.8836,90357.9045,89309.9294
2019-06-28 16:00:00-04:00,93964.5907,97575.8836,90357.9045,89309.9294
2019-07-01 16:00:00-04:00,94231.2035,97575.8836,90443.9062,89309.9294
2019-07-02 16:00:00-04:00,93974.0683,97309.6216,90530.0613,89395.0042
2019-07-05 16:00:00-04:00,93297.5787,96337.4675,90043.0445,88830.2092
2019-07-08 16:00:00-04:00,93044.011,96075.6379,90043.0445,88830.2092
2019-07-09 16:00:00-04:00,93307.6186,96347.8345,90128.7064,88914.7173
2019-07-10 16:00:00-04:00,93148.2896,96183.3141,90128.7064,88914.7173
2019-07-11 16:00:00-04:00,92989.5655,96019.4184,89833.5464,88623.5329
2019-07-12 16:00:00-04:00,92823.7078,96019.4184,89533.6026,88623.5329
2019-07-15 16:00:00-04:00,92704.7955,95896.4122,89562.1056,88651.7461
2019-07-16 16:00:00-04:00,92963.8762,96164.4125,89645.383,88734.1771
2019-07-17 16:00:00-04:00,93224.7869,96434.3058,89729.0252,88816.9691
2019-07-18 16:00:00-04:00,92987.2883,96188.6306,89813.7463,88900.829
2019-07-19 16:00:00-04:00,93248.2194,96458.545,89897.629,88983.8591
2019-07-22 16:00:00-04:00,92971.1423,96171.9288,89981.8144,89067.1888
2019-07-23 16:00:00-04:00,92688.0722,95879.1132,90066.0547,89150.5729
2019-07-24 16:00:00-04:00,92947.2183,96147.1811,90149.561,89233.2304
2019-07-25 16:00:00-04:00,92726.9334,95919.3123,90039.3719,89124.1612
2019-07-26 16:00:00-04:00,92876.9236,95919.3123,89941.7323,89124.1612
2019-07-29 16:00:00-04:00,92719.5397,95756.7729,89427.9821,88615.0811
2019-07-30 16:00:00-04:00,92785.3654,95756.7729,89511.0819,88615.0811
2019-07-31 16:00:00-04:00,92620.205,95586.3233,89248.2834,88354.9132
2019-08-01 16:00:00-04:00,92880.8076,95586.3233,89331.5551,88354.9132
2019-08-02 16:00:00-04:00,93148.4758,95861.7884,89417.8732,88440.2876
2019-08-05 16:00:00-04:00,93422.2969,95861.7884,89507.3156,88440.2876
2019-08-06 16:00:00-04:00,93698.2986,96144.9972,89596.6197,88528.5271
2019-08-07 16:00:00-04:00,93930.9055,96383.6781,89679.482,88610.4016
2019-08-08 16:00:00-04:00,94203.3697,96663.257,89767.0687,88696.9441
2019-08-09 16:00:00-04:00,94476.1113,96663.257,89854.4962,88696.9441
2019-08-12 16:00:00-04:00,94752.0588,96945.5928,89943.0877,88784.3943
2019-08-13 16:00:00-04:00,94555.9025,96744.8954,89780.2856,88623.6895
2019-08-14 16:00:00-04:00,94833.4081,97028.8253,89868.5354,88710.8025
2019-08-15 16:00:00-04:00,93908.3146,96082.3156,89943.1345,88784.4405
2019-08-16 16:00:00-04:00,94183.7949,96364.1734,90031.551,88871.718
2019-08-19 16:00:00-04:00,93873.8042,96047.0064,89485.75,88332.9483
2019-08-20 16:00:00-04:00,93268.3506,95427.5363,89571.8837,88417.9723
2019-08-21 16:00:00-04:00,93153.4027,95309.9274,89410.4529,88258.6211
2019-08-22 16:00:00-04:00,93421.6416,95584.3761,89496.4139,88343.4748
2019-08-23 16:00:00-04:00,93691.9026,95860.8937,89583.154,88429.0974
2019-08-26 16:00:00-04:00,93156.5091,95313.1056,89671.9882,88516.7872
2019-08-27 16:00:00-04:00,93428.5287,95313.1056,89759.7322,88516.7872
2019-08-28 16:00:00-04:00,93703.0735,95593.1884,89848.2794,88604.1083
2019-08-29 16:00:00-04:00,93289.7391,95171.5164,89935.3669,88689.9898
2019-08-30 16:00:00-04:00,93557.9412,95171.5164,90022.1069,88689.9898
2019-09-03 16:00:00-04:00,93131.0857,95184.6689,89811.5182,88395.8815
2019-09-04 16:00:00-04:00,92801.2135,94847.5228,89373.29,87964.5608
2019-09-05 16:00:00-04:00,92634.4359,94847.5228,89457.6389,87964.5608
2019-09-06 16:00:00-04:00,92506.8473,94716.8861,89457.6389,87964.5608
2019-09-09 16:00:00-04:00,92768.4058,94984.6934,89542.3313,88047.8397
2019-09-10 16:00:00-04:00,92991.3796,95212.9941,89627.5538,88131.6398
2019-09-11 16:00:00-04:00,93253.5743,95481.4528,89712.1123,88214.787
2019-09-12 16:00:00-04:00,93010.5828,95232.6561,89138.5709,87650.8182
2019-09-13 16:00:00-04:00,92783.1358,95232.6561,89048.7656,87650.8182
2019-09-16 16:00:00-04:00,92578.1706,95022.2797,89048.7656,87650.8182
2019-09-17 16:00:00-04:00,92713.6067,95161.2914,89132.7029,87733.4378
2019-09-18 16:00:00-04:00,92423.9224,94863.9593,89216.9183,87816.3311
2019-09-19 16:00:00-04:00,92190.9713,94624.8581,88730.2692,87337.3218
2019-09-20 16:00:00-04:00,92449.2193,94889.924,88813.6315,87419.3754
2019-09-23 16:00:00-04:00,92368.6901,94807.2688,88416.5311,87028.509
2019-09-24 16:00:00-04:00,92628.268,94807.2688,88500.3529,87028.509
2019-09-25 16:00:00-04:00,92890.7644,95075.9402,88585.6462,87112.3838
2019-09-26 16:00:00-04:00,92418.6018,94592.6704,88670.8114,87196.1326
2019-09-27 16:00:00-04:00,92680.5729,94592.6704,88756.1388,87196.1326
2019-09-30 16:00:00-04:00,92607.2442,94517.8289,88841.5019,87279.9953
2019-10-01 16:00:00-04:00,92870.4878,94517.8289,88926.7924,87279.9953
2019-10-02 16:00:00-04:00,93123.4205,94775.2482,89014.5698,87366.1471
2019-10-03 16:00:00-04:00,92181.704,94775.2482,88115.3501,87366.1471
2019-10-04 16:00:00-04:00,92447.1158,95048.1274,88200.5166,87450.5896
2019-10-07 16:00:00-04:00,92711.997,95320.4611,88285.2746,87534.6269
2019-10-08 16:00:00-04:00,92221.616,94816.2831,88370.8795,87619.5039
2019-10-09 16:00:00-04:00,92488.2085,95090.3763,88456.4924,87704.3889
2019-10-10 16:00:00-04:00,92312.1768,94909.3919,88535.2442,87782.4711
2019-10-11 16:00:00-04:00,92572.9553,94909.3919,88618.7293,87782.4711
2019-10-14 16:00:00-04:00,92421.5963,94754.2128,88702.5714,87865.5221
2019-10-15 16:00:00-04:00,92682.5016,95021.703,88785.9551,87948.1189
2019-10-16 16:00:00-04:00,92454.6147,94788.0646,88869.1563,88030.535
2019-10-17 16:00:00-04:00,92458.9383,94792.4972,88952.0787,88112.6749
2019-10-18 16:00:00-04:00,92719.8579,95060.0022,89035.4682,88195.2775
2019-10-21 16:00:00-04:00,92739.5893,95080.2316,89118.8795,88277.9016
2019-10-22 16:00:00-04:00,92582.0256,94918.6911,89202.1382,88360.3746
2019-10-23 16:00:00-04:00,92709.8351,95049.7264,89194.2582,88352.569
2019-10-24 16:00:00-04:00,92474.7544,94808.7126,89277.5223,88435.0474
2019-10-25 16:00:00-04:00,92733.6179,94808.7126,89360.6903,88435.0474
2019-10-28 16:00:00-04:00,92630.999,94703.7974,89442.4917,88516.0015
2019-10-29 16:00:00-04:00,92414.3749,94703.7974,89524.5772,88516.0015
2019-10-30 16:00:00-04:00,92136.346,94418.8806,89606.7983,88597.2964
2019-10-31 16:00:00-04:00,91904.7403,94181.5374,89689.2248,88678.7942
2019-11-01 16:00:00-04:00,91991.2752,94181.5374,89230.4694,88678.7942
2019-11-04 16:00:00-05:00,92017.5977,94208.4866,89170.8475,88619.5409
2019-11-05 16:00:00-05:00,92029.0098,94208.4866,88861.2169,88619.5409
2019-11-06 16:00:00-05:00,91808.4183,93982.6709,88941.6143,88699.7196
2019-11-07 16:00:00-05:00,91530.5379,93698.2096,89021.257,88779.1458
2019-11-08 16:00:00-05:00,91697.5138,93698.2096,89101.2537,88779.1458
2019-11-11 16:00:00-05:00,91783.1904,93785.7555,89181.3884,88858.9908
2019-11-12 16:00:00-05:00,91468.4548,93464.1528,89260.9971,88938.3117
2019-11-13 16:00:00-05:00,91717.8852,93719.0255,89340.8984,89017.9241
2019-11-14 16:00:00-05:00,91499.4229,93495.7966,89105.7029,88783.5789
2019-11-15 16:00:00-05:00,91679.5107,93679.8137,89095.0102,88772.9248
2019-11-18 16:00:00-05:00,91786.1601,93788.79,89174.1622,88851.7907
2019-11-19 16:00:00-05:00,91782.501,93785.0511,88879.3477,88558.042
2019-11-20 16:00:00-05:00,92031.5665,94039.5507,88958.1066,88636.5161
2019-11-21 16:00:00-05:00,91827.3196,93830.8475,89037.7914,88715.9129
2019-11-22 16:00:00-05:00,91661.0117,93660.911,89117.3673,88795.2011
2019-11-25 16:00:00-05:00,91781.846,93784.3818,89196.1386,88873.6876
2019-11-26 16:00:00-05:00,91822.0212,93784.3818,89150.9051,88873.6876
2019-11-27 16:00:00-05:00,91971.4413,93936.9952,89229.039,88951.5786
2019-12-02 16:00:00-05:00,92094.3587,93858.6196,89243.3426,88880.2802
2019-12-03 16:00:00-05:00,92269.7634,94037.3845,89323.5996,88960.2106
2019-12-04 16:00:00-05:00,92132.8922,94037.3845,89323.5996,88960.2106
2019-12-05 16:00:00-05:00,91713.7418,93609.5698,88918.9331,88557.1904
2019-12-06 16:00:00-05:00,91710.0248,93605.776,88997.1275,88635.0667
2019-12-09 16:00:00-05:00,91742.8581,93639.288,89075.5926,88713.2125
2019-12-10 16:00:00-05:00,91622.1611,93516.0961,89154.0895,88791.3901
2019-12-11 16:00:00-05:00,91369.9786,93258.7007,89232.5359,88869.5174
2019-12-12 16:00:00-05:00,91200.5048,93085.7236,89294.5836,88931.3127
2019-12-13 16:00:00-05:00,90801.6263,93085.7236,89372.0786,88931.3127
2019-12-16 16:00:00-05:00,90705.4637,92987.1421,89231.2143,88791.1431
2019-12-17 16:00:00-05:00,90705.4637,92987.1421,89231.2143,88791.1431
2019-12-18 16:00:00-05:00,90524.2935,92801.4145,88982.8322,88543.986
2019-12-19 16:00:00-05:00,90762.1867,93045.2919,89058.8557,88619.6346
2019-12-20 16:00:00-05:00,90673.9431,92954.8285,88956.1763,88517.4615
2019-12-23 16:00:00-05:00,90663.0622,92943.6739,88813.1225,88375.1132
2019-12-26 16:00:00-05:00,90834.2932,93119.2123,88887.7861,88449.4086
2019-12-27 16:00:00-05:00,90834.2932,93119.2123,88887.7861,88449.4086
2019-12-30 16:00:00-05:00,90738.7517,93021.2675,88958.6365,88519.9096
2019-12-31 16:00:00-05:00,90791.1202,93021.2675,88958.6365,88519.9096
2020-01-02 16:00:00-05:00,90521.1621,93021.2675,89032.5011,88519.9096
2020-01-03 16:00:00-05:00,90349.6524,92845.0209,89106.5608,88593.543
2020-01-06 16:00:00-05:00,90585.1251,92845.0209,89181.0386,88593.543
2020-01-07 16:00:00-05:00,90392.7356,92647.8316,88972.0396,88385.9209
2020-01-08 16:00:00-05:00,90626.7463,92887.6804,89045.5304,88458.9275
2020-01-09 16:00:00-05:00,90366.7825,92621.2311,89118.2824,88531.2003
2020-01-10 16:00:00-05:00,90599.0049,92621.2311,89190.9501,88531.2003
2020-01-13 16:00:00-05:00,90831.3594,92858.7719,89263.2687,88602.9839
2020-01-14 16:00:00-05:00,90558.081,92579.3937,88741.8218,88085.3942
2020-01-15 16:00:00-05:00,90148.8546,92161.0331,88352.8729,87699.3224
2020-01-16 16:00:00-05:00,90362.7789,92379.7323,88424.1205,87770.043
2020-01-17 16:00:00-05:00,90182.1444,92195.0659,87938.9962,87288.5072
2020-01-21 16:00:00-05:00,89889.3774,91895.7642,87806.595,87157.0854
2020-01-22 16:00:00-05:00,89642.8726,91643.7573,87425.8767,86779.1832
2020-01-23 16:00:00-05:00,89869.9271,91875.8797,87495.3492,86848.1419
2020-01-24 16:00:00-05:00,90097.5386,92108.5717,87564.6104,86916.8908
2020-01-27 16:00:00-05:00,89733.7018,91736.6139,87636.0066,86987.7588
2020-01-28 16:00:00-05:00,89964.5559,91736.6139,87706.9923,86987.7588
2020-01-29 16:00:00-05:00,89452.1246,91214.0891,87450.269,86733.1408
2020-01-30 16:00:00-05:00,88924.6845,90676.2598,86594.5758,85884.4646
2020-01-31 16:00:00-05:00,89154.3398,90676.2598,86659.8143,85884.4646
2020-02-03 16:00:00-05:00,88754.0823,90676.2598,86720.9588,85884.4646
2020-02-04 16:00:00-05:00,88729.9699,90651.6252,86789.2088,85952.0562
2020-02-05 16:00:00-05:00,88384.9213,90651.6252,86856.7522,85952.0562
2020-02-06 16:00:00-05:00,88384.9213,90651.6252,86923.9526,86018.5567
2020-02-07 16:00:00-05:00,88076.2097,90334.9965,86991.0733,86084.9782
2020-02-10 16:00:00-05:00,88298.1743,90562.6535,87058.0243,86151.2319
2020-02-11 16:00:00-05:00,87947.1896,90202.6676,87124.003,86216.5234
2020-02-12 16:00:00-05:00,87936.636,90191.8433,87189.8964,86281.7304
2020-02-13 16:00:00-05:00,88155.3933,90416.2109,87255.9212,86347.0674
2020-02-14 16:00:00-05:00,87929.116,90416.2109,86884.1658,86347.0674
2020-02-18 16:00:00-05:00,87096.556,89560.1017,86206.0962,85673.1895
2020-02-19 16:00:00-05:00,86964.0934,89423.8924,86270.4149,85737.1106
2020-02-20 16:00:00-05:00,86677.7646,89129.4647,85962.716,85431.3138
2020-02-21 16:00:00-05:00,86621.8836,89072.003,86008.8208,85477.1336
2020-02-24 16:00:00-05:00,85827.4001,88255.0474,85375.363,84847.5917
2020-02-25 16:00:00-05:00,85992.4734,88255.0474,85420.3088,84847.5917
2020-02-26 16:00:00-05:00,85124.1406,87363.8676,84559.9044,83992.9561
2020-02-27 16:00:00-05:00,85287.3449,87531.3661,84605.0047,84037.754
2020-02-28 16:00:00-05:00,84430.2263,87531.3661,84634.3247,84037.754
2020-03-02 16:00:00-05:00,84568.5598,87531.3661,84675.488,84037.754
2020-03-03 16:00:00-05:00,83717.6409,86650.6358,84706.8151,84068.8451
2020-03-04 16:00:00-05:00,83869.4068,86650.6358,84759.6709,84068.8451
2020-03-05 16:00:00-05:00,83023.1157,85776.2804,84830.7252,84139.3203
2020-03-06 16:00:00-05:00,83166.1815,85924.0905,84873.4776,84181.7242
2020-03-09 16:00:00-04:00,83228.8593,85988.8468,84894.5866,84202.6612
2020-03-10 16:00:00-04:00,83335.6108,86099.1383,84933.9152,84241.6693
2020-03-11 16:00:00-04:00,83556.0603,86326.8983,84992.1872,84299.4663
2020-03-12 16:00:00-04:00,83627.1596,86400.3553,84139.2413,83453.4723
2020-03-13 16:00:00-04:00,83698.5541,86400.3553,84161.0696,83453.4723
2020-03-16 16:00:00-04:00,83740.0135,86443.153,84178.0587,83470.3185
2020-03-17 16:00:00-04:00,83801.2459,86506.362,84193.6663,83485.7948
2020-03-18 16:00:00-04:00,83878.8306,86586.4512,84214.5392,83506.4923
2020-03-19 16:00:00-04:00,83945.3215,86655.0883,84232.373,83524.1761
2020-03-20 16:00:00-04:00,83102.6788,85785.245,84258.9614,83550.541
2020-03-23 16:00:00-04:00,83193.1026,85878.5877,84286.6145,83577.9616
2020-03-24 16:00:00-04:00,83344.5673,86034.9418,84339.2032,83630.1082
2020-03-25 16:00:00-04:00,82508.3963,85171.779,83493.0501,82791.0692
2020-03-26 16:00:00-04:00,82634.5339,85301.9884,83537.0931,82834.7419
2020-03-27 16:00:00-04:00,82802.7108,85301.9884,83591.0252,82834.7419
2020-03-30 16:00:00-04:00,82963.4156,85467.5439,83649.5016,82892.6893
2020-03-31 16:00:00-04:00,83141.7601,85467.5439,83693.74,82892.6893
2020-04-01 16:00:00-04:00,83423.534,85467.5439,83770.0747,82892.6893
2020-04-02 16:00:00-04:00,83622.2097,85671.0874,83825.5036,82947.5376
2020-04-03 16:00:00-04:00,83855.8468,85671.0874,83893.5453,82947.5376
2020-04-06 16:00:00-04:00,84047.1179,85866.499,83945.8599,82999.2622
2020-04-07 16:00:00-04:00,84202.7824,86025.5332,83988.5834,83041.504
2020-04-08 16:00:00-04:00,84413.0614,86240.3641,84049.2032,83101.4402
2020-04-09 16:00:00-04:00,83561.5057,85370.3747,84107.0035,83158.5888
2020-04-13 16:00:00-04:00,83739.709,85552.4355,83256.1882,82317.3676
2020-04-14 16:00:00-04:00,83959.8463,85777.3382,83298.5436,82359.2453
2020-04-15 16:00:00-04:00,83203.7321,85004.8562,83370.1423,82430.0366
2020-04-16 16:00:00-04:00,82364.3029,84147.2558,82527.2341,81596.6333
2020-04-17 16:00:00-04:00,82608.6776,84396.9206,82582.8427,81651.6148
2020-04-20 16:00:00-04:00,82853.3061,84646.8445,82651.8333,81719.8275
2020-04-21 16:00:00-04:00,83032.2484,84829.6604,82689.1279,81756.7015
2020-04-22 16:00:00-04:00,82452.1833,84237.0386,82759.9202,81826.6956
2020-04-23 16:00:00-04:00,82697.9913,84488.1676,82825.9993,81892.0295
2020-04-24 16:00:00-04:00,82945.3756,84488.1676,82890.1222,81892.0295
2020-04-27 16:00:00-04:00,83189.5916,84736.9261,82959.1135,81960.1901
2020-04-28 16:00:00-04:00,83431.8332,84736.9261,83028.151,81960.1901
2020-04-29 16:00:00-04:00,83671.9422,84980.7911,83081.2636,82012.6195
2020-04-30 16:00:00-04:00,82973.5977,84271.5227,83144.4969,82075.0394
2020-05-01 16:00:00-04:00,83219.7351,84271.5227,82481.54,82075.0394
2020-05-04 16:00:00-04:00,83468.9796,84523.9173,82545.8343,82139.0168
2020-05-05 16:00:00-04:00,82792.8334,84523.9173,82613.2563,82139.0168
2020-05-06 16:00:00-04:00,83022.9964,84758.8927,82680.7982,82206.171
2020-05-07 16:00:00-04:00,82586.6446,84313.4174,82747.5711,82272.5605
2020-05-08 16:00:00-04:00,82824.9164,84313.4174,82813.3028,82272.5605
2020-05-11 16:00:00-04:00,83063.7048,84556.4973,82878.6991,82337.5298
2020-05-12 16:00:00-04:00,83303.4602,84800.5615,82924.7351,82383.2652
2020-05-13 16:00:00-04:00,83487.8884,84988.3041,82980.0022,82438.1714
2020-05-14 16:00:00-04:00,83704.0897,85208.3909,82143.0647,81606.6989
2020-05-15 16:00:00-04:00,83906.6736,85414.6156,82200.6667,81663.9247
2020-05-18 16:00:00-04:00,84146.1828,85658.4292,82264.8313,81727.6703
2020-05-19 16:00:00-04:00,83558.863,85060.5542,82328.4958,81790.9191
2020-05-20 16:00:00-04:00,83450.3576,84950.0988,82391.6073,81853.6186
2020-05-21 16:00:00-04:00,83687.3679,85191.3686,82454.9935,81916.5909
2020-05-22 16:00:00-04:00,83741.1981,85246.1662,82518.7307,81979.9119
2020-05-26 16:00:00-04:00,84787.7898,86070.7041,82638.1091,82042.3157
2020-05-27 16:00:00-04:00,84970.2801,86255.9556,82675.1221,82079.0618
2020-05-28 16:00:00-04:00,85204.1166,86493.3303,82738.5167,82141.9994
2020-05-29 16:00:00-04:00,85441.4193,86493.3303,82802.481,82141.9994
2020-06-01 16:00:00-04:00,85676.7539,86493.3303,82865.2096,82141.9994
2020-06-02 16:00:00-04:00,85198.7896,86010.8105,82439.0636,81719.5726
2020-06-03 16:00:00-04:00,85428.6266,86010.8105,82500.8966,81719.5726
2020-06-04 16:00:00-04:00,84987.4357,85566.6129,82562.6646,81780.7556
2020-06-05 16:00:00-04:00,85210.47,85791.1672,82606.8299,81824.5026
2020-06-08 16:00:00-04:00,84853.6711,85431.9368,82667.9714,81885.0652
2020-06-09 16:00:00-04:00,84484.5307,85060.2807,82727.9059,81944.432
2020-06-10 16:00:00-04:00,84706.1544,85283.4148,82786.9553,82002.9222
2020-06-11 16:00:00-04:00,84936.0731,85514.9004,82846.7829,82062.1832
2020-06-12 16:00:00-04:00,85168.4424,85514.9004,82908.0091,82062.1832
2020-06-15 16:00:00-04:00,85339.6159,85686.7702,82953.3252,82107.037
2020-06-16 16:00:00-04:00,85568.1035,85916.1873,83013.4172,82166.516
2020-06-17 16:00:00-04:00,84863.8913,85209.1104,83073.3822,82225.8692
2020-06-18 16:00:00-04:00,84874.2243,85219.4855,83133.1262,82285.0037
2020-06-19 16:00:00-04:00,85100.9121,85447.0954,83192.3557,82343.6289
2020-06-22 16:00:00-04:00,85330.527,85677.6443,83251.8066,82402.4733
2020-06-23 16:00:00-04:00,84953.3035,85298.8864,83310.1557,82460.2271
2020-06-24 16:00:00-04:00,85149.0493,85495.4284,83354.4402,82504.0598
2020-06-25 16:00:00-04:00,85382.322,85729.65,83398.5515,82547.7211
2020-06-26 16:00:00-04:00,85617.3124,85729.65,83447.0167,82547.7211
2020-06-29 16:00:00-04:00,85853.8854,85966.5334,83489.8688,82590.1114
2020-06-30 16:00:00-04:00,86088.7806,85966.5334,83549.6035,82590.1114
2020-07-01 16:00:00-04:00,85621.4517,85966.5334,83608.2268,82590.1114
2020-07-02 16:00:00-04:00,85849.3349,86195.335,83665.8457,82647.0287
2020-07-06 16:00:00-04:00,84086.5479,84716.304,83780.325,82704.1371
2020-07-07 16:00:00-04:00,83545.65,84171.3551,83836.2591,82759.3527
2020-07-08 16:00:00-04:00,82809.1406,83429.3297,83164.4904,82096.2131
2020-07-09 16:00:00-04:00,83028.4239,83650.2553,83220.0072,82151.0168
2020-07-10 16:00:00-04:00,83248.0691,83650.2553,83274.9287,82151.0168
2020-07-13 16:00:00-04:00,83464.6669,83867.8995,83328.4308,82203.7968
2020-07-14 16:00:00-04:00,83669.4598,84073.6817,83351.2772,82226.3349
2020-07-15 16:00:00-04:00,83205.9615,83607.9442,83406.8279,82281.1359
2020-07-16 16:00:00-04:00,83267.3815,83669.6609,83463.2646,82336.8109
2020-07-17 16:00:00-04:00,82762.9894,83162.832,83519.5741,82392.3604
2020-07-20 16:00:00-04:00,82976.8235,83377.6992,83568.5763,82440.7013
2020-07-21 16:00:00-04:00,83189.0233,83590.9242,83622.8399,82494.2325
2020-07-22 16:00:00-04:00,83293.7577,83696.1646,83677.7434,82548.395
2020-07-23 16:00:00-04:00,83506.5629,83909.9978,83732.7431,82602.6524
2020-07-24 16:00:00-04:00,83028.609,83429.7348,83773.6508,82643.0079
2020-07-27 16:00:00-04:00,83115.1231,83516.6669,83825.1158,82693.7784
2020-07-28 16:00:00-04:00,82610.072,83516.6669,83880.3924,82693.7784
2020-07-29 16:00:00-04:00,82823.0791,83732.0117,83936.5722,82749.1634
2020-07-30 16:00:00-04:00,83036.9817,83948.2617,83986.5009,82798.3858
2020-07-31 16:00:00-04:00,83250.951,83948.2617,84027.9567,82798.3858
2020-08-03 16:00:00-04:00,83190.3331,83948.2617,84081.631,82798.3858
2020-08-04 16:00:00-04:00,83400.7446,84160.5902,83540.1597,82265.1784
2020-08-05 16:00:00-04:00,83202.2745,84160.5902,83593.1504,82265.1784
2020-08-06 16:00:00-04:00,82923.1892,83878.2905,83646.1025,82317.2893
2020-08-07 16:00:00-04:00,82584.3505,83535.5491,83247.9203,81925.4327
2020-08-10 16:00:00-04:00,82789.5695,83743.1317,83301.045,81977.7134
2020-08-11 16:00:00-04:00,82409.7357,83358.923,83354.2379,82030.0612
2020-08-12 16:00:00-04:00,82613.0717,83564.6011,83397.5592,82072.6944
2020-08-13 16:00:00-04:00,82205.9799,83152.8205,83449.7988,82124.1041
2020-08-14 16:00:00-04:00,81970.3081,83152.8205,83502.7988,82124.1041
2020-08-17 16:00:00-04:00,81839.0702,83019.6892,83554.9012,82175.3462
2020-08-18 16:00:00-04:00,82040.6688,83224.1962,83606.7588,82226.3476
2020-08-19 16:00:00-04:00,81885.6835,83066.975,83658.1253,82276.866
2020-08-20 16:00:00-04:00,82087.7108,83271.9168,83704.4539,82322.4297
2020-08-21 16:00:00-04:00,82289.2488,83476.3622,83755.3257,82372.4616
2020-08-24 16:00:00-04:00,82044.2275,83227.8062,83805.773,82422.0759
2020-08-25 16:00:00-04:00,81776.9275,83227.8062,83856.0778,82422.0759
2020-08-26 16:00:00-04:00,81973.9313,83428.3052,83905.584,82470.7356
2020-08-27 16:00:00-04:00,81471.512,82916.972,83954.0693,82518.3917
2020-08-28 16:00:00-04:00,81181.0613,82916.972,84002.9764,82518.3917
2020-08-31 16:00:00-04:00,80886.6979,82616.3142,84051.3573,82565.9176
2020-09-01 16:00:00-04:00,81077.7724,82616.3142,84091.4357,82565.9176
2020-09-02 16:00:00-04:00,81267.257,82809.3945,83244.8465,81734.6865
2020-09-03 16:00:00-04:00,81457.3392,82809.3945,83276.7166,81734.6865
2020-09-04 16:00:00-04:00,81577.6823,82931.7351,83292.4197,81750.0988
2020-09-08 16:00:00-04:00,79230.1457,80545.2333,83367.3796,81823.6706
2020-09-09 16:00:00-04:00,79424.8338,80743.1529,83404.3287,81859.9356
2020-09-10 16:00:00-04:00,79607.0024,80928.3452,83442.7806,81897.6755
2020-09-11 16:00:00-04:00,78970.483,80928.3452,83478.8282,81897.6755
2020-09-14 16:00:00-04:00,79163.9333,81126.5916,83525.6599,81943.6202
2020-09-15 16:00:00-04:00,79357.111,81324.5586,82837.3117,81268.3098
2020-09-16 16:00:00-04:00,79113.91,81075.328,82887.2811,81317.3328
2020-09-17 16:00:00-04:00,79309.6856,81275.9574,82927.9043,81357.1865
2020-09-18 16:00:00-04:00,79507.2591,81478.4292,82961.1263,81389.7793
2020-09-21 16:00:00-04:00,79678.7995,81654.2224,83003.8357,81431.6797
2020-09-22 16:00:00-04:00,78985.6666,80943.9051,83049.3658,81476.3475
2020-09-23 16:00:00-04:00,79184.4659,81147.6332,83102.2643,81528.244
2020-09-24 16:00:00-04:00,79342.9328,81310.0288,83132.2314,81557.6435
2020-09-25 16:00:00-04:00,78895.9379,81310.0288,83185.919,81557.6435
2020-09-28 16:00:00-04:00,79091.8023,81511.8863,83237.9213,81608.6279
2020-09-29 16:00:00-04:00,78834.0782,81511.8863,83289.5518,81608.6279
2020-09-30 16:00:00-04:00,79028.7958,81713.218,83340.6287,81658.674
2020-10-01 16:00:00-04:00,79223.6443,81713.218,83391.3093,81658.674
2020-10-02 16:00:00-04:00,79401.192,81896.3451,83428.0258,81694.6276
2020-10-05 16:00:00-04:00,79596.259,81896.3451,83479.256,81694.6276
2020-10-06 16:00:00-04:00,79294.3536,81585.7156,82942.5211,81169.367
2020-10-07 16:00:00-04:00,79487.8195,81784.7721,82993.623,81219.3765
2020-10-08 16:00:00-04:00,79229.4294,81518.9153,82749.1981,80980.177
2020-10-09 16:00:00-04:00,78967.3429,81518.9153,82798.7831,80980.177
2020-10-12 16:00:00-04:00,79154.0328,81711.6375,82846.8016,81027.1408
2020-10-13 16:00:00-04:00,79340.5201,81904.1505,82893.6793,81072.9889
2020-10-14 16:00:00-04:00,79527.9235,82097.6092,82941.3341,81119.597
2020-10-15 16:00:00-04:00,79718.3239,82294.1618,82979.8137,81157.2314
2020-10-16 16:00:00-04:00,79907.0868,82489.0239,83027.8536,81204.2161
2020-10-19 16:00:00-04:00,80097.4266,82685.5139,83076.6631,81251.9536
2020-10-20 16:00:00-04:00,80289.3945,82883.6847,83126.0468,81300.2526
2020-10-21 16:00:00-04:00,80349.9786,82946.2264,83171.9883,81345.185
2020-10-22 16:00:00-04:00,80544.6216,83147.1586,83221.7984,81393.9011
2020-10-23 16:00:00-04:00,80738.0581,83346.8454,83272.0116,81443.0114
2020-10-26 16:00:00-04:00,80933.8666,83548.9808,83313.0109,81483.1102
2020-10-27 16:00:00-04:00,80547.5511,83548.9808,83363.2349,81483.1102
2020-10-28 16:00:00-04:00,80749.7514,83758.7156,83393.671,81512.8598
2020-10-29 16:00:00-04:00,80917.2878,83932.4949,83439.6776,81557.8288
2020-10-30 16:00:00-04:00,81067.4358,83932.4949,83475.1275,81557.8288
2020-11-02 16:00:00-05:00,81270.4584,83932.4949,83528.0567,81557.8288
2020-11-03 16:00:00-05:00,81470.7402,84139.3369,83564.7282,81593.6352
2020-11-04 16:00:00-05:00,81610.559,84139.3369,83598.4851,81593.6352
2020-11-05 16:00:00-05:00,81802.8483,84337.5845,83337.2416,81338.6569
2020-11-06 16:00:00-05:00,81995.9953,84536.7163,83370.7661,81371.3774
2020-11-09 16:00:00-05:00,82164.2912,84710.2271,83401.5659,81401.4386
2020-11-10 16:00:00-05:00,81332.8327,83853.005,83432.859,81431.9812
2020-11-11 16:00:00-05:00,81521.278,84047.2894,83478.2893,81476.322
2020-11-12 16:00:00-05:00,81179.6197,83695.0445,83527.2229,81524.0821
2020-11-13 16:00:00-05:00,81367.9459,83695.0445,83576.2199,81524.0821
2020-11-16 16:00:00-05:00,81553.7995,83886.2134,83624.5345,81571.2103
2020-11-17 16:00:00-05:00,81740.6212,84078.3782,83624.5345,81571.2103
2020-11-18 16:00:00-05:00,81482.0857,83812.4487,83672.8795,81618.3682
2020-11-19 16:00:00-05:00,81670.9882,84006.7537,83721.53,81665.8241
2020-11-20 16:00:00-05:00,81860.4125,84201.5955,83769.9834,81713.0878
2020-11-23 16:00:00-05:00,82049.7871,84396.3861,83818.8334,81760.7384
2020-11-24 16:00:00-05:00,82237.6765,84396.3861,83867.4251,81760.7384
2020-11-25 16:00:00-05:00,81898.1752,84047.9731,83507.1839,81409.5461
2020-11-30 16:00:00-05:00,82403.6465,84431.6633,83648.9273,81501.8397
2020-12-01 16:00:00-05:00,82589.1107,84431.6633,83695.343,81501.8397
2020-12-02 16:00:00-05:00,82775.5544,84622.2666,83741.7538,81547.0342
2020-12-03 16:00:00-05:00,82579.7861,84622.2666,83787.71,81547.0342
2020-12-04 16:00:00-05:00,82720.8552,84766.8249,83833.7474,81591.8404
2020-12-07 16:00:00-05:00,82576.5871,84618.9885,83879.4413,81636.3124
2020-12-08 16:00:00-05:00,82761.4183,84808.3912,83418.8252,81188.0143
2020-12-09 16:00:00-05:00,82946.1351,84997.6767,83464.3625,81232.3337
2020-12-10 16:00:00-05:00,82772.5241,84819.7717,83497.8898,81264.9644
2020-12-11 16:00:00-05:00,82423.1047,84819.7717,83544.9042,81264.9644
2020-12-14 16:00:00-05:00,82117.7906,84505.5798,83590.7445,81309.5538
2020-12-15 16:00:00-05:00,81844.7205,84224.5694,83636.5777,81354.1362
2020-12-16 16:00:00-05:00,82027.1956,84412.3505,83682.0199,81398.3383
2020-12-17 16:00:00-05:00,81840.2595,84219.9788,83727.1189,81442.2066
2020-12-18 16:00:00-05:00,82022.6336,84407.6559,83772.2509,81486.1069
2020-12-21 16:00:00-05:00,82208.5267,84598.9543,83811.6494,81524.4302
2020-12-22 16:00:00-05:00,81958.3349,84341.4876,83851.1961,81562.8977
2020-12-23 16:00:00-05:00,81721.3304,84097.5915,83323.9712,81050.0607
2020-12-28 16:00:00-05:00,81579.7277,83951.8714,83368.6697,81093.5394
2020-12-29 16:00:00-05:00,81759.9271,83951.8714,83152.1141,81093.5394
2020-12-30 16:00:00-05:00,81821.3879,84014.9799,83196.3836,81136.7129
2020-12-31 16:00:00-05:00,82002.1595,84200.5978,82827.3537,80776.819
2021-01-04 16:00:00-05:00,82183.0232,84200.5978,82871.3894,80776.819
2021-01-05 16:00:00-05:00,82365.1737,84387.2201,82913.877,80818.2327
2021-01-06 16:00:00-05:00,82529.4604,84387.2201,82958.7269,80818.2327
2021-01-07 16:00:00-05:00,82708.5365,84570.3272,82996.3309,80854.8666
2021-01-08 16:00:00-05:00,82887.7641,84570.3272,82390.7499,80854.8666
2021-01-11 16:00:00-05:00,83067.0185,84753.2203,82434.0037,80897.3141
2021-01-12 16:00:00-05:00,82707.0643,84385.9594,82468.6704,80931.3345
2021-01-13 16:00:00-05:00,82886.0521,84568.5805,82512.1047,80973.9592
2021-01-14 16:00:00-05:00,82718.5484,84397.6766,82190.0416,80657.8997
2021-01-15 16:00:00-05:00,82899.6354,84582.4396,82233.8574,80700.8987
2021-01-19 16:00:00-05:00,82709.7337,84388.683,82277.2204,80743.4534
2021-01-20 16:00:00-05:00,82887.2592,84569.8121,82319.4529,80784.8987
2021-01-21 16:00:00-05:00,82753.5844,84433.4238,82361.1825,80825.8503
2021-01-22 16:00:00-05:00,82930.8495,84614.2872,82106.8903,80576.2985
2021-01-25 16:00:00-05:00,82662.3449,84340.3322,82148.0115,80616.6531
2021-01-26 16:00:00-05:00,82754.4843,84340.3322,81980.0686,80616.6531
2021-01-27 16:00:00-05:00,82862.9809,84450.9079,82000.7662,80637.0065
2021-01-28 16:00:00-05:00,83042.4558,84633.8221,82038.3611,80673.9761
2021-01-29 16:00:00-05:00,82337.8977,84633.8221,82077.1773,80673.9761
2021-02-01 16:00:00-05:00,82518.5444,84633.8221,82115.4306,80673.9761
2021-02-02 16:00:00-05:00,82696.1247,84815.9546,82156.8133,80714.6324
2021-02-03 16:00:00-05:00,82214.2099,84815.9546,82198.0978,80714.6324
2021-02-04 16:00:00-05:00,82389.9326,84997.2382,82239.2591,80755.0508
2021-02-05 16:00:00-05:00,82082.1675,84679.7336,82280.0533,80795.1088
2021-02-08 16:00:00-05:00,81893.122,84484.7055,81880.2197,80402.4911
2021-02-09 16:00:00-05:00,81867.5733,84458.3484,81920.3865,80441.933
2021-02-10 16:00:00-05:00,82039.1799,84635.3856,81960.6451,80481.4651
2021-02-11 16:00:00-05:00,82211.5885,84813.2502,82001.1217,80521.2112
2021-02-12 16:00:00-05:00,82384.1259,84813.2502,82041.4045,80521.2112
2021-02-16 16:00:00-05:00,81952.0886,84368.4742,82121.1854,80599.5138
2021-02-17 16:00:00-05:00,82072.8595,84492.806,82161.9118,80639.4855
2021-02-18 16:00:00-05:00,81677.7665,84086.0636,82202.9671,80679.7802
2021-02-19 16:00:00-05:00,81849.0793,84262.4276,82243.6876,80719.7461
2021-02-22 16:00:00-05:00,82021.9891,84440.4357,82285.4174,80760.7027
2021-02-23 16:00:00-05:00,82155.394,84440.4357,82306.3629,80760.7027
2021-02-24 16:00:00-05:00,82329.3766,84619.2574,81473.7267,79943.7029
2021-02-25 16:00:00-05:00,82502.794,84797.4981,81510.4267,79979.7136
2021-02-26 16:00:00-05:00,82680.5739,84797.4981,81541.0866,79979.7136
2021-03-01 16:00:00-05:00,82855.7761,84797.4981,81583.3079,79979.7136
2021-03-02 16:00:00-05:00,83031.2181,84977.0515,81621.3037,80016.9626
2021-03-03 16:00:00-05:00,83208.9066,84977.0515,81647.9106,80016.9626
2021-03-04 16:00:00-05:00,83388.993,85160.9646,81676.2776,80044.7629
2021-03-05 16:00:00-05:00,83522.8289,85297.6444,81698.7171,80066.7542
2021-03-08 16:00:00-05:00,83696.4706,85474.9759,81728.2123,80095.6602
2021-03-09 16:00:00-05:00,83873.3071,85655.5701,81770.7187,80137.3176
2021-03-10 16:00:00-05:00,83334.5837,85105.3991,81801.3369,80167.3242
2021-03-11 16:00:00-05:00,83508.2683,85282.7744,81844.1446,80209.2768
2021-03-12 16:00:00-05:00,83682.5139,85282.7744,81887.9275,80209.2768
2021-03-15 16:00:00-04:00,83856.8535,85460.4479,81310.617,79643.8008
2021-03-16 16:00:00-04:00,84030.2749,85637.1856,81352.2485,79684.5789
2021-03-17 16:00:00-04:00,83742.087,85343.4867,81394.6853,79726.1457
2021-03-18 16:00:00-04:00,83915.6892,85520.4087,81437.7403,79768.3181
2021-03-19 16:00:00-04:00,84091.3814,85699.4606,81481.0505,79810.7405
2021-03-22 16:00:00-04:00,84266.718,85878.1503,81523.5845,79852.4026
2021-03-23 16:00:00-04:00,84004.7277,85611.1498,81565.8116,79893.7641
2021-03-24 16:00:00-04:00,83646.9675,85246.5483,81608.7721,79935.8439
2021-03-25 16:00:00-04:00,83253.5007,84845.5572,81649.7368,79975.9688
2021-03-26 16:00:00-04:00,83063.0322,84845.5572,81693.1049,79975.9688
2021-03-29 16:00:00-04:00,82509.5136,84280.1602,80867.406,79167.6256
2021-03-30 16:00:00-04:00,82437.0263,84280.1602,80910.1729,79167.6256
2021-03-31 16:00:00-04:00,82606.7622,84453.6911,80952.2709,79208.8168
2021-04-01 16:00:00-04:00,82775.8673,84453.6911,80993.4803,79208.8168
2021-04-05 16:00:00-04:00,82942.7176,84453.6911,81034.0298,79208.8168
2021-04-06 16:00:00-04:00,82622.2892,84127.4254,81074.1653,79248.0483
2021-04-07 16:00:00-04:00,82419.6281,83921.0724,81114.3262,79287.3046
2021-04-08 16:00:00-04:00,82227.7066,83725.6547,81154.1482,79326.2297
2021-04-09 16:00:00-04:00,82391.5974,83725.6547,81193.8833,79326.2297
2021-04-12 16:00:00-04:00,82140.9899,83470.9895,81233.3547,79364.7932
2021-04-13 16:00:00-04:00,82303.4978,83636.1286,81272.3363,79402.8781
2021-04-14 16:00:00-04:00,82466.2749,83801.5413,81311.4557,79441.0977
2021-04-15 16:00:00-04:00,82628.3421,83966.2327,81350.3598,79479.1069
2021-04-16 16:00:00-04:00,82588.7665,83926.0164,81350.3598,79479.1069
2021-04-19 16:00:00-04:00,82750.7535,84090.6262,81389.5642,79517.4095
2021-04-20 16:00:00-04:00,82914.0896,84256.607,81429.0844,79556.0206
2021-04-21 16:00:00-04:00,83077.2873,84422.4471,81468.6558,79594.6818
2021-04-22 16:00:00-04:00,82788.0666,84128.5435,81507.8759,79632.9997
2021-04-23 16:00:00-04:00,82950.8391,84293.9515,81547.3581,79671.5738
2021-04-26 16:00:00-04:00,82752.5969,84092.4994,81586.4896,79709.8051
2021-04-27 16:00:00-04:00,82643.7748,84092.4994,81469.8359,79709.8051
2021-04-28 16:00:00-04:00,82416.2047,83860.94,81469.8359,79709.8051
2021-04-29 16:00:00-04:00,82576.2997,84023.8414,81508.9651,79748.0891
2021-04-30 16:00:00-04:00,82477.3381,84023.8414,81548.1159,79748.0891
2021-05-03 16:00:00-04:00,82496.9832,84023.8414,81587.3416,79748.0891
2021-05-04 16:00:00-04:00,82659.6618,84189.5309,81618.6292,79778.6714
2021-05-05 16:00:00-04:00,82312.0523,84189.5309,81659.233,79778.6714
2021-05-06 16:00:00-04:00,81920.1588,83788.6986,81700.3803,79818.871
2021-05-07 16:00:00-04:00,81871.5633,83738.9947,81740.2372,79857.8101
2021-05-10 16:00:00-04:00,82029.6697,83900.7074,81777.5839,79894.2967
2021-05-11 16:00:00-04:00,82192.0409,84066.7822,81802.2343,79918.3794
2021-05-12 16:00:00-04:00,82355.2057,84233.6686,81844.6724,79959.8402
2021-05-13 16:00:00-04:00,82518.7471,84400.9403,81886.7967,80000.9944
2021-05-14 16:00:00-04:00,82680.6691,84400.9403,81928.5652,80000.9944
2021-05-17 16:00:00-04:00,82843.3136,84566.9689,81970.4786,80041.9217
2021-05-18 16:00:00-04:00,83006.2573,84733.3028,82011.9212,80082.3893
2021-05-19 16:00:00-04:00,83172.3231,84902.8237,82054.5232,80123.9889
2021-05-20 16:00:00-04:00,83336.2283,85070.1393,82095.9269,80164.4185
2021-05-21 16:00:00-04:00,83499.1511,85236.4518,82137.0577,80204.5816
2021-05-24 16:00:00-04:00,83661.6272,85402.3084,82177.7052,80244.2727
2021-05-25 16:00:00-04:00,83824.1722,85402.3084,82218.307,80244.2727
2021-05-26 16:00:00-04:00,83774.1566,85351.3512,82258.649,80283.6461
2021-05-27 16:00:00-04:00,83614.8446,85189.0398,81863.467,79897.9523
2021-05-28 16:00:00-04:00,83400.9328,85189.0398,81903.5039,79897.9523
2021-06-01 16:00:00-04:00,82814.8283,84426.8652,81984.2559,79937.3201
2021-06-02 16:00:00-04:00,82549.2285,84156.0954,82024.7696,79976.8222
2021-06-03 16:00:00-04:00,82440.9502,84156.0954,82065.498,79976.8222
2021-06-04 16:00:00-04:00,82600.1962,84318.6545,82105.6774,80015.979
2021-06-07 16:00:00-04:00,82492.4225,84208.6386,82145.7131,80054.9957
2021-06-08 16:00:00-04:00,82651.8181,84371.3504,82185.5905,80093.8581
2021-06-09 16:00:00-04:00,82764.1514,84486.0207,82225.4459,80132.6992
2021-06-10 16:00:00-04:00,82529.0511,84246.0293,82225.4459,80132.6992
2021-06-11 16:00:00-04:00,82373.1388,84246.0293,82225.4459,80132.6992
2021-06-14 16:00:00-04:00,82183.4531,84052.0307,82264.5466,80170.8047
2021-06-15 16:00:00-04:00,82341.0504,84213.2113,82303.6267,80208.8902
2021-06-16 16:00:00-04:00,82499.2376,84374.9951,82342.817,80247.083
2021-06-17 16:00:00-04:00,82190.232,84058.9637,82381.9985,80285.2674
2021-06-18 16:00:00-04:00,82350.6657,84223.0452,82421.2407,80323.5108
2021-06-21 16:00:00-04:00,82510.4658,84386.4786,82460.2941,80361.5702
2021-06-22 16:00:00-04:00,82669.4676,84549.0956,82499.0062,80399.297
2021-06-23 16:00:00-04:00,82508.5661,84384.5357,82499.0062,80399.297
2021-06-24 16:00:00-04:00,82353.4035,84225.8453,82537.0292,80436.3523
2021-06-25 16:00:00-04:00,82510.1666,84225.8453,82450.7843,80436.3523
2021-06-28 16:00:00-04:00,82253.6199,83963.9641,82488.5616,80473.2066
2021-06-29 16:00:00-04:00,82267.7511,83963.9641,82526.1062,80473.2066
2021-06-30 16:00:00-04:00,82248.2834,83944.0949,82526.1062,80473.2066
2021-07-01 16:00:00-04:00,82403.5402,83944.0949,82563.83,80473.2066
2021-07-02 16:00:00-04:00,82558.1434,84101.5885,82601.0148,80509.4498
2021-07-06 16:00:00-04:00,82650.4955,84038.2583,82322.9538,80509.4498
2021-07-07 16:00:00-04:00,82805.324,84195.6864,82359.6435,80545.3313
2021-07-08 16:00:00-04:00,82961.4971,84354.4818,82396.8141,80581.683
2021-07-09 16:00:00-04:00,83116.4608,84354.4818,82433.7012,80581.683
2021-07-12 16:00:00-04:00,83270.8436,84511.1642,82433.7012,80581.683
2021-07-13 16:00:00-04:00,83080.0964,84317.5758,82470.0015,80617.1678
2021-07-14 16:00:00-04:00,83234.1393,84473.9132,82506.3542,80652.7037
2021-07-15 16:00:00-04:00,82947.3087,84182.8102,82543.1375,80688.6606
2021-07-16 16:00:00-04:00,83102.1226,84339.9301,82579.938,80724.6343
2021-07-19 16:00:00-04:00,83261.292,84501.4703,82617.7926,80761.6385
2021-07-20 16:00:00-04:00,83418.6654,84661.1877,82655.1216,80798.1289
2021-07-21 16:00:00-04:00,83528.6475,84772.808,82692.0425,80834.2203
2021-07-22 16:00:00-04:00,83274.178,84514.5482,82728.5366,80869.8945
2021-07-23 16:00:00-04:00,83428.1683,84670.8322,82764.762,80905.3059
2021-07-26 16:00:00-04:00,83522.2293,84766.2942,82800.6684,80940.4057
2021-07-27 16:00:00-04:00,83676.5659,84766.2942,82837.0002,80940.4057
2021-07-28 16:00:00-04:00,83676.5659,84766.2942,82872.9883,80975.5698
2021-07-29 16:00:00-04:00,83519.7901,84607.4768,82872.9883,80975.5698
2021-07-30 16:00:00-04:00,83139.8964,84607.4768,82909.3618,80975.5698
2021-08-02 16:00:00-04:00,83292.8858,84607.4768,82909.3618,80975.5698
2021-08-03 16:00:00-04:00,83446.3515,84763.3646,82946.0386,81011.3912
2021-08-04 16:00:00-04:00,83284.5483,84763.3646,82982.0777,81011.3912
2021-08-05 16:00:00-04:00,83437.4709,84919.0026,83017.9571,81046.4185
2021-08-06 16:00:00-04:00,83437.4709,84919.0026,83054.0619,81081.6658
2021-08-09 16:00:00-04:00,83437.4709,84919.0026,83054.0619,81081.6658
2021-08-10 16:00:00-04:00,83220.6042,84698.2851,83090.1236,81116.8712
2021-08-11 16:00:00-04:00,83069.8363,84544.8402,83126.3709,81152.2576
2021-08-12 16:00:00-04:00,83221.3767,84699.0714,83162.7017,81187.7256
2021-08-13 16:00:00-04:00,83221.3767,84699.0714,83198.755,81187.7256
2021-08-16 16:00:00-04:00,83372.7576,84853.1401,83235.2203,81223.3095
2021-08-17 16:00:00-04:00,83525.0974,85008.1849,82701.2009,80702.1982
2021-08-18 16:00:00-04:00,83200.47,84677.7934,82737.5516,80737.6702
2021-08-19 16:00:00-04:00,83353.8862,84833.9337,82774.226,80773.4581
2021-08-20 16:00:00-04:00,83506.3747,84989.1298,82810.2919,80808.6523
2021-08-23 16:00:00-04:00,83657.586,85143.026,82845.841,80843.3421
2021-08-24 16:00:00-04:00,83577.6265,85061.6468,82881.0026,80877.6538
2021-08-25 16:00:00-04:00,83728.4184,85215.1161,82916.1998,80912.0002
2021-08-26 16:00:00-04:00,83879.779,85369.1644,82951.6045,80946.5492
2021-08-27 16:00:00-04:00,84030.7839,85369.1644,82986.7289,80946.5492
2021-08-30 16:00:00-04:00,84181.0355,85521.809,83021.4445,80980.4113
2021-08-31 16:00:00-04:00,84026.8518,85521.809,83021.4445,80980.4113
2021-09-01 16:00:00-04:00,83845.2285,85521.809,83055.9472,80980.4113
2021-09-02 16:00:00-04:00,83994.7955,85674.3668,83090.4258,81014.0283
2021-09-03 16:00:00-04:00,84012.5105,85674.3668,83124.8776,81014.0283
2021-09-07 16:00:00-04:00,83909.3713,85569.1873,82887.1786,80782.3655
2021-09-08 16:00:00-04:00,83586.7124,85240.1459,82921.7874,80816.0954
2021-09-09 16:00:00-04:00,83221.2688,84867.4734,82956.2671,80849.6996
2021-09-10 16:00:00-04:00,83371.1771,84867.4734,82990.7413,80849.6996
2021-09-13 16:00:00-04:00,83522.5044,85021.5166,83020.6791,80878.865
2021-09-14 16:00:00-04:00,83674.2422,85175.9777,83055.7588,80913.0397
2021-09-15 16:00:00-04:00,83826.0911,85330.5519,83091.1321,80947.5004
2021-09-16 16:00:00-04:00,83978.5714,85485.7689,83126.3391,80981.7991
2021-09-17 16:00:00-04:00,84131.6872,85641.6327,83161.5801,81016.1309
2021-09-20 16:00:00-04:00,84288.4698,85801.2291,83197.9531,81051.5656
2021-09-21 16:00:00-04:00,84444.9979,85960.5665,83234.3559,81087.0292
2021-09-22 16:00:00-04:00,84601.1014,86119.4716,83270.4642,81122.206
2021-09-23 16:00:00-04:00,84755.1855,86276.3212,83305.9164,81156.7435
2021-09-24 16:00:00-04:00,84745.0149,86276.3212,83341.5892,81156.7435
2021-09-27 16:00:00-04:00,84610.7748,86139.6555,83138.6869,80959.1604
2021-09-28 16:00:00-04:00,84767.5471,86139.6555,83174.662,80959.1604
2021-09-29 16:00:00-04:00,84233.9989,85597.4708,83211.7633,80995.2734
2021-09-30 16:00:00-04:00,84390.5884,85756.595,83248.8445,81031.3669
2021-10-01 16:00:00-04:00,83601.9414,85756.595,83278.618,81031.3669
2021-10-04 16:00:00-04:00,83758.4847,85917.1728,83312.8367,81064.6622
2021-10-05 16:00:00-04:00,83914.9071,85917.1728,83350.4711,81064.6622
2021-10-06 16:00:00-04:00,84071.8433,86077.8535,83388.0567,81101.217
2021-10-07 16:00:00-04:00,83485.9853,85478.0166,83424.6032,81136.7613
2021-10-08 16:00:00-04:00,83475.967,85478.0166,83461.6448,81136.7613
2021-10-11 16:00:00-04:00,82920.7891,84909.5235,83496.0047,81170.1641
2021-10-12 16:00:00-04:00,82805.6274,84791.5998,83533.6811,81206.791
2021-10-13 16:00:00-04:00,82115.5033,84084.9242,83571.2486,81243.312
2021-10-14 16:00:00-04:00,82266.018,84239.0487,83607.849,81278.8928
2021-10-15 16:00:00-04:00,82334.5562,84309.2307,83644.0872,81314.1216
2021-10-18 16:00:00-04:00,82483.6971,84461.9485,83680.1907,81349.2194
2021-10-19 16:00:00-04:00,82631.7274,84613.5291,83715.7094,81383.7488
2021-10-20 16:00:00-04:00,82612.6906,84594.0357,83751.1315,81418.1842
2021-10-21 16:00:00-04:00,82759.9135,84744.7896,83786.5457,81452.6119
2021-10-22 16:00:00-04:00,82427.2341,84404.1313,83357.9041,81035.9103
2021-10-25 16:00:00-04:00,82573.3687,84553.7707,83393.0582,81070.0852
2021-10-26 16:00:00-04:00,82347.3346,84553.7707,83427.5412,81070.0852
2021-10-27 16:00:00-04:00,82018.0156,84215.6279,83462.0981,81103.6657
2021-10-28 16:00:00-04:00,82162.6019,84364.0883,83496.5402,81137.1345
2021-10-29 16:00:00-04:00,82307.1731,84364.0883,83530.9547,81137.1345
2021-11-01 16:00:00-04:00,82451.5779,84364.0883,83530.9547,81137.1345
2021-11-02 16:00:00-04:00,82499.6791,84413.3052,83468.6326,81076.5984
2021-11-03 16:00:00-04:00,82643.5186,84413.3052,83502.2056,81076.5984
2021-11-04 16:00:00-04:00,82651.2867,84421.2397,83535.0828,81108.5206
2021-11-05 16:00:00-04:00,82793.0528,84566.0417,83567.7866,81140.2744
2021-11-08 16:00:00-05:00,82747.8284,84519.8488,83600.5903,81172.1252
2021-11-09 16:00:00-05:00,82560.661,84328.6733,83627.6258,81198.3754
2021-11-10 16:00:00-05:00,82703.6066,84474.6801,83660.5025,81230.2971
2021-11-11 16:00:00-05:00,82755.9825,84528.1775,83694.0553,81262.8752
2021-11-12 16:00:00-05:00,82899.1183,84528.1775,83727.4611,81262.8752
2021-11-15 16:00:00-05:00,82720.5139,84346.0633,83760.6835,81295.1197
2021-11-16 16:00:00-05:00,82862.3018,84490.6375,83793.6526,81327.1183
2021-11-17 16:00:00-05:00,82689.122,84314.0545,83826.4792,81358.9786
2021-11-18 16:00:00-05:00,82281.2941,83898.2124,83859.3299,81390.8623
2021-11-19 16:00:00-05:00,81956.9362,83567.4804,83891.4695,81422.0558
2021-11-22 16:00:00-05:00,81493.0583,83094.4868,83923.273,81452.9232
2021-11-23 16:00:00-05:00,81633.7755,83237.9693,83953.7678,81482.5204
2021-11-24 16:00:00-05:00,81774.3248,83381.2805,83986.8991,81514.6765
2021-11-29 16:00:00-05:00,81487.1875,82943.2163,84053.2086,81546.6026
2021-11-30 16:00:00-05:00,81628.9175,82943.2163,84085.9326,81546.6026
2021-12-01 16:00:00-05:00,81771.017,82943.2163,84118.7956,81546.6026
2021-12-02 16:00:00-05:00,81880.509,83054.2779,84142.56,81569.6404
2021-12-03 16:00:00-05:00,81984.1648,83054.2779,84159.3896,81569.6404
2021-12-06 16:00:00-05:00,82128.5229,83200.5203,84185.7606,81595.1998
2021-12-07 16:00:00-05:00,82269.7464,83343.5871,84218.9461,81627.3642
2021-12-08 16:00:00-05:00,81934.5234,83003.9885,84251.8657,81659.2708
2021-12-09 16:00:00-05:00,81657.6324,82723.4834,84285.0547,81691.4385
2021-12-10 16:00:00-05:00,81798.0382,82723.4834,84318.5354,81691.4385
2021-12-13 16:00:00-05:00,81938.7496,82865.7868,84351.9029,81723.7664
2021-12-14 16:00:00-05:00,82081.6937,83010.3481,84380.8719,81751.8328
2021-12-15 16:00:00-05:00,81612.9883,82536.3399,84415.3599,81785.2463
2021-12-16 16:00:00-05:00,81752.4682,82677.3978,84441.1257,81810.2093
2021-12-17 16:00:00-05:00,81071.0975,81988.3183,84463.8067,81832.1836
2021-12-20 16:00:00-05:00,81215.1638,82134.0145,84499.1536,81866.4292
2021-12-21 16:00:00-05:00,80739.7093,81653.1808,84531.0622,81897.3437
2021-12-22 16:00:00-05:00,80879.2842,81794.3348,84564.9348,81930.1609
2021-12-23 16:00:00-05:00,81016.8991,81933.5066,84598.2738,81962.4612
2021-12-27 16:00:00-05:00,81153.8393,82071.9961,84631.0563,81994.2223
2021-12-28 16:00:00-05:00,81118.6261,82071.9961,84663.75,81994.2223
2021-12-29 16:00:00-05:00,80824.3396,81774.251,84696.6926,82026.1261
2021-12-30 16:00:00-05:00,80959.8613,81911.3654,84729.3126,82057.7176
2021-12-31 16:00:00-05:00,81009.638,81961.7271,84762.4177,82089.7788
2022-01-03 16:00:00-05:00,81009.638,81961.7271,84749.6657,82089.7788
2022-01-04 16:00:00-05:00,81145.2426,82098.9254,84782.7292,82121.8047
2022-01-05 16:00:00-05:00,80864.2298,82098.9254,84816.5537,82121.8047
2022-01-06 16:00:00-05:00,80157.831,81381.7408,83960.3933,81292.8457
2022-01-07 16:00:00-05:00,80295.8762,81521.8938,83992.5951,81324.0245
2022-01-10 16:00:00-05:00,80416.1079,81643.9612,84018.831,81349.4268
2022-01-11 16:00:00-05:00,80554.4393,81784.4049,84053.7029,81383.1907
2022-01-12 16:00:00-05:00,80174.9841,81399.1558,83419.9071,80769.5316
2022-01-13 16:00:00-05:00,80311.447,81537.7023,83453.8539,80802.3998
2022-01-14 16:00:00-05:00,79618.5116,81537.7023,83478.8969,80802.3998
2022-01-18 16:00:00-05:00,79758.6017,81681.1692,83514.2061,80836.5769
2022-01-19 16:00:00-05:00,79899.0694,81825.0229,83547.4407,80868.7459
2022-01-20 16:00:00-05:00,80039.4646,81968.8023,83583.097,80903.2591
2022-01-21 16:00:00-05:00,80176.8469,82109.4961,83608.3203,80927.6736
2022-01-24 16:00:00-05:00,80291.062,82226.4644,83630.5251,80949.1665
2022-01-25 16:00:00-05:00,80372.8642,82226.4644,83652.9411,80949.1665
2022-01-26 16:00:00-05:00,79561.4609,81396.348,83689.7216,80984.7582
2022-01-27 16:00:00-05:00,79704.9998,81543.1973,82844.2916,80166.6536
2022-01-28 16:00:00-05:00,79821.0049,81543.1973,82864.1666,80166.6536
2022-01-31 16:00:00-05:00,79950.3874,81675.3714,82884.3051,80186.1365
2022-02-01 16:00:00-05:00,79459.7548,81675.3714,82915.154,80186.1365
2022-02-02 16:00:00-05:00,78903.0063,81103.0987,82940.4437,80210.5939
2022-02-03 16:00:00-05:00,78466.7527,81103.0987,82977.2728,80210.5939
2022-02-04 16:00:00-05:00,78608.908,81250.0303,83007.1077,80239.434
2022-02-07 16:00:00-05:00,78046.3548,80668.5762,83044.4564,80275.5373
2022-02-08 16:00:00-05:00,78186.6641,80813.5997,83082.3734,80312.1901
2022-02-09 16:00:00-05:00,78324.2991,80955.859,83118.7752,80347.3781
2022-02-10 16:00:00-05:00,78453.642,81089.5475,83144.8315,80372.5657
2022-02-11 16:00:00-05:00,78594.5075,81089.5475,83182.1982,80372.5657
2022-02-14 16:00:00-05:00,78738.8986,81238.5224,83213.4368,80402.7492
2022-02-15 16:00:00-05:00,78738.8986,81238.5224,83251.3007,80439.3341
2022-02-16 16:00:00-05:00,78881.0701,81385.2073,83282.277,80469.2641
2022-02-17 16:00:00-05:00,79025.6196,81534.3456,83318.5373,80504.2997
2022-02-18 16:00:00-05:00,79172.0537,81685.4284,83355.1729,80539.6978
2022-02-22 16:00:00-05:00,78519.2376,81838.8796,82555.9685,80578.8896
2022-02-23 16:00:00-05:00,78666.6042,81992.4766,82592.8778,80614.915
2022-02-24 16:00:00-05:00,78779.3618,82110.0014,82610.3412,80631.9602
2022-02-25 16:00:00-05:00,78926.6615,82110.0014,82641.2388,80631.9602
2022-02-28 16:00:00-05:00,79072.8498,82262.0859,82670.2989,80660.3137
2022-03-01 16:00:00-05:00,79219.9734,82262.0859,82709.2198,80660.3137
2022-03-02 16:00:00-05:00,78669.6538,81690.6335,82744.0451,80694.2764
2022-03-03 16:00:00-05:00,78814.6399,81690.6335,82782.767,80694.2764
2022-03-04 16:00:00-05:00,78963.0284,81844.4367,82814.1149,80724.8334
2022-03-07 16:00:00-05:00,79093.3278,81979.4908,82835.3769,80745.559
2022-03-08 16:00:00-05:00,79231.8139,82123.0304,82863.284,80772.762
2022-03-09 16:00:00-05:00,79382.1794,82278.8828,82904.1706,80812.6172
2022-03-10 16:00:00-05:00,79534.3768,82436.634,82945.6358,80853.0362
2022-03-11 16:00:00-05:00,79685.3825,82436.634,82977.3771,80853.0362
2022-03-14 16:00:00-04:00,79837.6914,82594.2016,83010.6468,80885.4541
2022-03-15 16:00:00-04:00,79990.7525,82752.5474,83042.9863,80916.9657
2022-03-16 16:00:00-04:00,79302.1699,82040.1905,83082.7193,80955.6815
2022-03-17 16:00:00-04:00,79448.8396,82191.9242,83108.5441,80980.8451
2022-03-18 16:00:00-04:00,79593.9262,82342.0201,83132.6074,81004.2924
2022-03-21 16:00:00-04:00,79738.0922,82491.1636,83160.3408,81031.3157
2022-03-22 16:00:00-04:00,79880.9412,82638.9447,83193.0808,81063.2176
2022-03-23 16:00:00-04:00,80024.225,82787.1756,83230.8488,81100.0187
2022-03-24 16:00:00-04:00,80168.1081,82936.0264,83268.9993,81137.1924
2022-03-25 16:00:00-04:00,80310.4075,82936.0264,83306.0626,81137.1924
2022-03-28 16:00:00-04:00,80453.0689,83083.3519,83337.0832,81167.4054
2022-03-29 16:00:00-04:00,79794.3165,83083.3519,83369.3978,81167.4054
2022-03-30 16:00:00-04:00,79933.5047,83228.2773,83405.1841,81202.2464
2022-03-31 16:00:00-04:00,79689.0444,82973.7406,83441.7313,81237.8284
2022-04-01 16:00:00-04:00,79830.7274,82973.7406,83477.3575,81237.8284
2022-04-04 16:00:00-04:00,79971.4075,83119.9594,83508.2578,81267.8997
2022-04-05 16:00:00-04:00,80112.3108,83119.9594,83542.5067,81267.8997
2022-04-06 16:00:00-04:00,79649.1467,82639.4068,83575.291,81299.7914
2022-04-07 16:00:00-04:00,79792.9295,82788.5877,83613.6102,81337.0672
2022-04-08 16:00:00-04:00,79420.4581,82788.5877,82769.2489,81337.0672
2022-04-11 16:00:00-04:00,79564.5173,82938.7563,82808.4568,81375.5967
2022-04-12 16:00:00-04:00,79709.1855,83089.5597,82845.0116,81411.519
2022-04-13 16:00:00-04:00,79854.3876,83240.9197,82881.1885,81447.07
2022-04-14 16:00:00-04:00,79999.8631,83392.5646,82910.4479,81475.8231
2022-04-18 16:00:00-04:00,79390.7904,82757.6618,82950.1975,81514.8848
2022-04-19 16:00:00-04:00,79532.7861,82905.6793,82973.5697,81537.8527
2022-04-20 16:00:00-04:00,79402.5754,82769.9466,83000.2799,81564.1007
2022-04-21 16:00:00-04:00,79544.646,82918.0423,83039.3604,81602.505
2022-04-22 16:00:00-04:00,79692.4596,83072.1244,83069.2779,81631.9048
2022-04-25 16:00:00-04:00,79845.4866,83231.6412,83105.1175,81667.1242
2022-04-26 16:00:00-04:00,79997.444,83231.6412,83129.5097,81667.1242
2022-04-27 16:00:00-04:00,80126.0593,83365.4563,83152.1612,81689.3772
2022-04-28 16:00:00-04:00,80280.0843,83525.7084,83178.3358,81715.0913
2022-04-29 16:00:00-04:00,80417.994,83525.7084,83203.5461,81715.0913
2022-05-02 16:00:00-04:00,80541.2059,83525.7084,83227.1001,81715.0913
2022-05-03 16:00:00-04:00,80688.2397,83678.1906,83264.3725,81751.6865
2022-05-04 16:00:00-04:00,80845.1797,83678.1906,83301.7652,81751.6865
2022-05-05 16:00:00-04:00,80981.9078,83819.7099,83324.9121,81774.4027
2022-05-06 16:00:00-04:00,81075.4339,83916.5134,83342.6112,81791.7724
2022-05-09 16:00:00-04:00,81238.3628,84085.1517,83370.0367,81818.6876
2022-05-10 16:00:00-04:00,81361.9165,84213.035,83390.6714,81838.9384
2022-05-11 16:00:00-04:00,80543.0876,83365.5124,83407.4782,81855.4324
2022-05-12 16:00:00-04:00,80674.376,83501.4015,83431.5775,81879.0833
2022-05-13 16:00:00-04:00,80829.0405,83501.4015,83458.1732,81879.0833
2022-05-16 16:00:00-04:00,80991.658,83669.3954,82615.2934,81052.1514
2022-05-17 16:00:00-04:00,81153.6833,83836.7776,82659.3784,81095.4023
2022-05-18 16:00:00-04:00,81317.6858,84006.2024,82705.7346,81140.8814
2022-05-19 16:00:00-04:00,81431.8592,84124.1505,82727.0241,81161.7681
2022-05-20 16:00:00-04:00,81600.7938,84298.6704,82766.7681,81200.7601
2022-05-23 16:00:00-04:00,81738.5761,84441.0081,82799.3101,81232.6864
2022-05-24 16:00:00-04:00,81865.5063,84572.1349,82822.8551,81255.7858
2022-05-25 16:00:00-04:00,82011.3188,84722.7682,82854.4022,81286.7361
2022-05-26 16:00:00-04:00,82149.6426,84865.6653,82876.1596,81308.0818
2022-05-27 16:00:00-04:00,82310.8662,84865.6653,82913.2782,81308.0818
2022-05-31 16:00:00-04:00,82622.4208,85029.8074,82987.4723,81351.5018
2022-06-01 16:00:00-04:00,82776.8824,85029.8074,83030.2891,81351.5018
2022-06-02 16:00:00-04:00,82162.0025,84398.1923,83062.7196,81383.2766
2022-06-03 16:00:00-04:00,82323.4582,84398.1923,83107.8821,81383.2766
2022-06-06 16:00:00-04:00,81789.8241,83851.1095,83152.2249,81426.6992
2022-06-07 16:00:00-04:00,81950.5382,84015.8739,83184.0819,81457.8952
2022-06-08 16:00:00-04:00,82111.4124,84180.8025,83217.6772,81490.7933
2022-06-09 16:00:00-04:00,82274.0261,84347.5145,83249.0982,81521.5622
2022-06-10 16:00:00-04:00,82419.0909,84347.5145,83278.0983,81521.5622
2022-06-13 16:00:00-04:00,82596.072,84528.6365,83321.5971,81564.1435
2022-06-14 16:00:00-04:00,82775.6108,84712.3761,82480.8484,80741.1282
2022-06-15 16:00:00-04:00,82144.7095,84066.7132,82530.7941,80790.0205
2022-06-16 16:00:00-04:00,82326.6744,84252.9356,82571.7766,80830.1385
2022-06-17 16:00:00-04:00,82465.6996,84395.2137,82605.4885,80863.1394
2022-06-21 16:00:00-04:00,82825.247,84763.1736,82690.6714,80946.5255
2022-06-22 16:00:00-04:00,82973.3464,84914.7383,82722.2921,80977.4793
2022-06-23 16:00:00-04:00,82285.7885,84211.0931,82758.6047,81013.026
2022-06-24 16:00:00-04:00,82420.8028,84211.0931,82785.4023,81013.026
2022-06-27 16:00:00-04:00,82420.8028,84211.0931,82785.4023,81013.026
2022-06-28 16:00:00-04:00,82591.7496,84211.0931,82821.0439,81013.026
2022-06-29 16:00:00-04:00,82591.7496,84211.0931,82855.6407,81046.8675
2022-06-30 16:00:00-04:00,82749.8002,84372.2425,82885.0045,81075.5903
2022-07-01 16:00:00-04:00,82916.0123,84372.2425,82914.9484,81075.5903
2022-07-05 16:00:00-04:00,83799.1427,85270.883,82688.0535,80853.7287
2022-07-06 16:00:00-04:00,83977.411,85270.883,82721.5762,80853.7287
2022-07-07 16:00:00-04:00,84152.497,85448.6658,82765.0541,80896.2249
2022-07-08 16:00:00-04:00,84327.39,85448.6658,82806.242,80896.2249
2022-07-11 16:00:00-04:00,84327.39,85448.6658,82806.242,80896.2249
2022-07-12 16:00:00-04:00,84505.4402,85629.0835,82837.3247,80926.5907
2022-07-13 16:00:00-04:00,84646.3779,85771.8952,82857.8461,80946.6386
2022-07-14 16:00:00-04:00,83995.0458,85111.9026,82897.7043,80985.5775
2022-07-15 16:00:00-04:00,84171.9934,85291.2029,82940.9948,81027.8695
2022-07-18 16:00:00-04:00,84347.6878,85469.2335,82983.6973,81069.587
2022-07-19 16:00:00-04:00,84524.0246,85647.915,83031.3061,81116.0976
2022-07-20 16:00:00-04:00,84697.6667,85823.866,83074.3637,81158.1621
2022-07-21 16:00:00-04:00,84872.1447,86000.664,83120.5776,81203.31
2022-07-22 16:00:00-04:00,85045.0188,86175.8368,83161.334,81243.1263
2022-07-25 16:00:00-04:00,84647.4626,85772.9944,83207.7966,81288.5172
2022-07-26 16:00:00-04:00,84821.8373,85772.9944,83255.0567,81288.5172
2022-07-27 16:00:00-04:00,84995.0811,85948.1809,83296.2005,81328.6891
2022-07-28 16:00:00-04:00,85119.7112,86074.2085,83323.2014,81355.0523
2022-07-29 16:00:00-04:00,85287.3386,86074.2085,83363.3228,81355.0523
2022-08-01 16:00:00-04:00,85454.1119,86074.2085,83390.8423,81355.0523
2022-08-02 16:00:00-04:00,85622.246,86243.5627,83434.7458,81397.884
2022-08-03 16:00:00-04:00,85789.8247,86243.5627,83469.8514,81397.884
2022-08-04 16:00:00-04:00,85504.961,85957.1924,83512.6859,81439.6553
2022-08-05 16:00:00-04:00,85443.1728,85895.0774,83547.1066,81473.2215
2022-08-08 16:00:00-04:00,85609.7486,86062.5343,83574.7149,81500.1445
2022-08-09 16:00:00-04:00,85427.9129,85879.7367,83190.9834,81125.9384
2022-08-10 16:00:00-04:00,85539.5708,85991.9852,83233.2194,81167.1259
2022-08-11 16:00:00-04:00,85132.0556,85582.3148,83274.7203,81207.5966
2022-08-12 16:00:00-04:00,85294.2644,85582.3148,83316.6228,81207.5966
2022-08-15 16:00:00-04:00,85454.739,85743.3313,83357.8488,81247.779
2022-08-16 16:00:00-04:00,85215.2095,85502.9929,83399.3643,81288.2436
2022-08-17 16:00:00-04:00,85376.5651,85664.8933,83441.2149,81329.0348
2022-08-18 16:00:00-04:00,85537.4537,85826.3253,83482.9943,81369.7567
2022-08-19 16:00:00-04:00,85700.7009,85990.1239,83525.0549,81410.7525
2022-08-22 16:00:00-04:00,85867.1613,86157.1463,83568.9054,81453.4931
2022-08-23 16:00:00-04:00,85278.8009,85566.799,83608.7776,81492.356
2022-08-24 16:00:00-04:00,85445.472,85734.033,83652.939,81535.3995
2022-08-25 16:00:00-04:00,85611.0776,85900.1979,83696.6232,81577.9779
2022-08-26 16:00:00-04:00,85757.6397,85900.1979,83729.5016,81577.9779
2022-08-29 16:00:00-04:00,85149.9204,85291.4684,83769.9049,81617.343
2022-08-30 16:00:00-04:00,85322.1233,85291.4684,83805.6025,81617.343
2022-08-31 16:00:00-04:00,85495.7292,85465.0119,83850.6758,81661.2393
2022-09-01 16:00:00-04:00,85673.1016,85465.0119,83898.6391,81661.2393
2022-09-02 16:00:00-04:00,84889.4535,84683.2672,83051.4637,80836.6563
2022-09-06 16:00:00-04:00,84606.1891,84667.7241,83127.2472,80882.7356
2022-09-07 16:00:00-04:00,84780.8775,84842.5396,83174.6771,80928.8849
2022-09-08 16:00:00-04:00,84953.6231,85015.4108,83204.0229,80957.4383
2022-09-09 16:00:00-04:00,85123.564,85015.4108,83249.7605,80957.4383
2022-09-12 16:00:00-04:00,85020.2784,84912.2564,82591.2578,80317.0678
2022-09-13 16:00:00-04:00,85192.4238,85084.1831,82634.0789,80358.7098
2022-09-14 16:00:00-04:00,84392.7812,84285.5564,82681.252,80404.584
2022-09-15 16:00:00-04:00,84562.7393,84455.2986,82709.1707,80431.7339
2022-09-16 16:00:00-04:00,84740.5734,84632.9068,82757.9548,80479.1747
2022-09-19 16:00:00-04:00,84918.4062,84810.5136,82797.2526,80517.3905
2022-09-20 16:00:00-04:00,84395.0809,84287.8532,82845.7545,80564.5568
2022-09-21 16:00:00-04:00,83995.8368,83889.1164,82894.0534,80611.5258
2022-09-22 16:00:00-04:00,83957.9072,83851.235,82936.4276,80652.7332
2022-09-23 16:00:00-04:00,84143.4667,84036.5587,82979.2857,80694.4111
2022-09-26 16:00:00-04:00,84328.6321,84221.4889,82143.057,79881.2084
2022-09-27 16:00:00-04:00,84515.2634,84221.4889,82191.0258,79881.2084
2022-09-28 16:00:00-04:00,84691.5069,84397.1198,82232.2427,79921.267
2022-09-29 16:00:00-04:00,84806.1767,84511.391,82258.0429,79946.3422
2022-09-30 16:00:00-04:00,84984.2283,84511.391,82297.5536,79946.3422
2022-10-03 16:00:00-04:00,85158.2149,84511.391,82349.9874,79946.3422
2022-10-04 16:00:00-04:00,85312.8762,84664.8776,82391.4787,79986.6224
2022-10-05 16:00:00-04:00,85499.0303,84664.8776,82442.4185,79986.6224
2022-10-06 16:00:00-04:00,85652.6663,84817.0146,82475.7929,80019.0027
2022-10-07 16:00:00-04:00,85821.6361,84984.3359,82517.8873,80059.8431
2022-10-10 16:00:00-04:00,86014.9859,85175.7993,82562.1484,80102.7858
2022-10-11 16:00:00-04:00,86209.8861,85368.798,82601.0949,80140.5722
2022-10-12 16:00:00-04:00,86209.8861,85368.798,82601.0949,80140.5722
2022-10-13 16:00:00-04:00,86333.9206,85491.6224,82629.515,80168.1457
2022-10-14 16:00:00-04:00,86419.8956,85491.6224,82649.4194,80168.1457
2022-10-17 16:00:00-04:00,86177.3867,85251.7185,82695.203,80212.5548
2022-10-18 16:00:00-04:00,86365.7453,85438.0538,82729.6328,80245.9509
2022-10-19 16:00:00-04:00,85491.8249,84573.5205,82765.5467,80280.7866
2022-10-20 16:00:00-04:00,85661.3615,84741.2361,82799.6047,80313.8221
2022-10-21 16:00:00-04:00,85771.7322,84850.4212,82828.619,80341.9654
2022-10-24 16:00:00-04:00,84904.7281,83992.73,82868.0122,80380.176
2022-10-25 16:00:00-04:00,85069.8088,83992.73,82904.4102,80380.176
2022-10-26 16:00:00-04:00,85249.775,84170.4177,82955.0523,80429.2761
2022-10-27 16:00:00-04:00,84387.512,83319.0719,82982.4709,80455.8599
2022-10-28 16:00:00-04:00,84545.9037,83319.0719,83016.1108,80455.8599
2022-10-31 16:00:00-04:00,84183.3933,82961.8218,83061.9793,80500.3138
2022-11-01 16:00:00-04:00,84325.0795,82961.8218,83089.1404,80500.3138
2022-11-02 16:00:00-04:00,84504.3289,83138.1733,83141.4113,80550.9561
2022-11-03 16:00:00-04:00,84688.9916,83138.1733,83182.4674,80550.9561
2022-11-04 16:00:00-04:00,84814.8359,83261.7132,83205.5137,80573.2733
2022-11-07 16:00:00-05:00,84996.9912,83440.5328,83245.4085,80611.906
2022-11-08 16:00:00-05:00,85177.9923,83618.2195,83298.7602,80663.5698
2022-11-09 16:00:00-05:00,84599.2488,83050.0739,83352.9518,80716.0471
2022-11-10 16:00:00-05:00,84740.8137,83189.0464,83384.6554,80746.7478
2022-11-11 16:00:00-05:00,84914.3715,83359.426,83425.8167,80786.6069
2022-11-14 16:00:00-05:00,85087.4099,83529.2958,83475.4992,80834.7177
2022-11-15 16:00:00-05:00,85260.1148,83698.8381,83503.0983,80861.4437
2022-11-16 16:00:00-05:00,85255.2529,83694.0653,83553.0799,80909.8441
2022-11-17 16:00:00-05:00,85432.0854,83867.6596,83603.2499,80958.4269
2022-11-18 16:00:00-05:00,85607.9593,84040.313,83641.7643,80995.7229
2022-11-21 16:00:00-05:00,85784.6202,84213.7388,83692.4754,81044.8297
2022-11-22 16:00:00-05:00,85960.1057,84386.0109,83740.0014,81090.8522
2022-11-23 16:00:00-05:00,85421.839,83857.6008,83789.569,81138.8517
2022-11-28 16:00:00-05:00,84424.4514,83634.4169,82975.3762,80350.4163
2022-11-29 16:00:00-05:00,84032.4054,83634.4169,83026.221,80350.4163
2022-11-30 16:00:00-05:00,84205.6409,83806.8319,83077.0969,80399.6525
2022-12-01 16:00:00-05:00,84373.9335,83806.8319,83121.2312,80399.6525
2022-12-02 16:00:00-05:00,84543.4779,83975.2368,83169.9965,80446.8211
2022-12-05 16:00:00-05:00,84714.1328,83975.2368,83218.9929,80446.8211
2022-12-06 16:00:00-05:00,84888.1566,84147.7428,83252.8757,80479.5753
2022-12-07 16:00:00-05:00,84888.1566,84147.7428,83252.8757,80479.5753
2022-12-08 16:00:00-05:00,84792.435,84052.8561,83289.6966,80515.1696
2022-12-09 16:00:00-05:00,84126.2772,84052.8561,83327.4998,80515.1696
2022-12-12 16:00:00-05:00,84299.6598,84226.0874,83378.0633,80564.0267
2022-12-13 16:00:00-05:00,84439.7172,84366.0225,83410.3086,80595.1836
2022-12-14 16:00:00-05:00,84609.7027,84535.8597,83459.3857,80642.6044
2022-12-15 16:00:00-05:00,84767.8811,84693.9,83494.4435,80676.479
2022-12-16 16:00:00-05:00,84947.8403,84873.7022,83544.4829,80724.8295
2022-12-19 16:00:00-05:00,85128.9833,85054.687,83593.0414,80771.7492
2022-12-20 16:00:00-05:00,85311.0477,85236.5926,83646.7755,80823.6697
2022-12-21 16:00:00-05:00,85491.6189,85417.0062,83699.925,80875.0255
2022-12-22 16:00:00-05:00,85674.9994,85600.2267,83736.3999,80910.2693
2022-12-23 16:00:00-05:00,85858.0058,85783.0733,83776.6482,80949.1592
2022-12-27 16:00:00-05:00,85858.0058,85783.0733,83776.6482,80949.1592
2022-12-28 16:00:00-05:00,86041.932,85966.839,83812.6338,80983.9303
2022-12-29 16:00:00-05:00,86225.3704,86150.1173,83858.6616,81028.4046
2022-12-30 16:00:00-05:00,85583.9961,86150.1173,83913.8641,81028.4046
2023-01-03 16:00:00-05:00,85717.0058,86150.1173,83940.6412,81028.4046
2023-01-04 16:00:00-05:00,84982.4292,85411.829,83981.7909,81068.1266
2023-01-05 16:00:00-05:00,84982.4292,85411.829,83981.7909,81068.1266
2023-01-06 16:00:00-05:00,85125.2243,85555.3456,84009.2754,81094.6576
2023-01-09 16:00:00-05:00,85301.8472,85732.8609,84048.6154,81132.6327
2023-01-10 16:00:00-05:00,84748.9438,85177.1638,84099.6181,81181.866
2023-01-11 16:00:00-05:00,84395.5523,84821.9867,84152.5017,81232.9148
2023-01-12 16:00:00-05:00,84541.5691,84968.7413,84178.7744,81258.276
2023-01-13 16:00:00-05:00,84715.7486,84968.7413,84231.0883,81258.276
2023-01-17 16:00:00-05:00,84154.4131,84405.7295,84334.4672,81358.0063
2023-01-18 16:00:00-05:00,84326.9708,84578.8026,84386.1949,81407.9083
2023-01-19 16:00:00-05:00,84504.2544,84756.6156,84439.5429,81459.3735
2023-01-20 16:00:00-05:00,84681.0511,84933.9403,84492.0857,81510.0618
2023-01-23 16:00:00-05:00,84854.3911,85107.7979,84525.6669,81542.4579
2023-01-24 16:00:00-05:00,84760.0798,85013.2049,84525.6669,81542.4579
2023-01-25 16:00:00-05:00,84934.2243,85187.8695,84577.5372,81592.4974
2023-01-26 16:00:00-05:00,84128.5312,84379.7703,84616.3199,81629.9114
2023-01-27 16:00:00-05:00,84297.4513,84379.7703,84662.3111,81629.9114
2023-01-30 16:00:00-05:00,83873.4026,83955.3075,84712.0416,81677.8607
2023-01-31 16:00:00-05:00,84043.3405,83955.3075,84761.7727,81677.8607
2023-02-01 16:00:00-05:00,84213.013,83955.3075,84811.3942,81677.8607
2023-02-02 16:00:00-05:00,84377.803,84119.5933,84853.5846,81718.4923
2023-02-03 16:00:00-05:00,84543.693,84119.5933,84883.6791,81718.4923
2023-02-06 16:00:00-05:00,84086.1994,83664.3947,84931.4724,81764.5034
2023-02-07 16:00:00-05:00,84253.6232,83830.9786,84978.9542,81810.2147
2023-02-08 16:00:00-05:00,84420.1693,83996.6892,85026.1437,81855.6446
2023-02-09 16:00:00-05:00,84587.2688,84162.9505,85073.3868,81901.126
2023-02-10 16:00:00-05:00,84205.079,84162.9505,85122.2354,81901.126
2023-02-13 16:00:00-05:00,84372.3844,84330.1722,85165.0398,81942.3106
2023-02-14 16:00:00-05:00,83520.5874,83478.8014,85188.0185,81964.4198
2023-02-15 16:00:00-05:00,83686.2668,83644.3978,85235.2945,82009.9068
2023-02-16 16:00:00-05:00,83852.8514,83810.8992,85282.6778,82055.497
2023-02-17 16:00:00-05:00,83878.6982,83836.733,85329.024,82100.0895
2023-02-21 16:00:00-05:00,84673.5933,84631.2304,86366.9863,83098.7743
2023-02-22 16:00:00-05:00,84207.9703,84165.8404,86417.6877,83147.5571
2023-02-23 16:00:00-05:00,84380.2851,84338.0689,86467.7734,83195.7475
2023-02-24 16:00:00-05:00,83863.0985,84338.0689,86519.1201,83195.7475
2023-02-27 16:00:00-05:00,83461.9554,83934.6539,86569.3578,83244.0555
2023-02-28 16:00:00-05:00,83633.7168,83934.6539,86619.8674,83244.0555
2023-03-01 16:00:00-05:00,83807.721,83934.6539,86671.1971,83244.0555
2023-03-02 16:00:00-05:00,83982.4144,84109.6119,86722.8086,83293.6262
2023-03-03 16:00:00-05:00,84153.9849,84109.6119,86772.89,83293.6262
2023-03-06 16:00:00-05:00,84323.6487,84279.1862,86822.1029,83340.8658
2023-03-07 16:00:00-05:00,84496.0525,84451.499,86862.837,83379.9667
2023-03-08 16:00:00-05:00,84190.1398,84145.7476,86913.0154,83428.1331
2023-03-09 16:00:00-05:00,84363.2508,84318.7673,86115.6205,82662.7107
2023-03-10 16:00:00-05:00,84540.5388,84318.7673,86149.5449,82662.7107
2023-03-13 16:00:00-04:00,84638.5708,84416.5422,86174.7423,82686.8882
2023-03-14 16:00:00-04:00,84815.9585,84593.4645,86224.7528,82734.8746
2023-03-15 16:00:00-04:00,84997.3982,84774.4282,86275.3543,82783.428
2023-03-16 16:00:00-04:00,85177.2678,84953.8261,86322.623,82828.7836
2023-03-17 16:00:00-04:00,85355.7265,85131.8166,86370.8826,82875.0899
2023-03-20 16:00:00-04:00,85534.0353,85309.6576,86419.3686,82921.6135
2023-03-21 16:00:00-04:00,85193.3387,84969.8548,86467.3946,82967.6956
2023-03-22 16:00:00-04:00,84825.1603,84602.6422,86514.6238,83013.0133
2023-03-23 16:00:00-04:00,85000.3881,84777.4103,86561.9124,83058.3879
2023-03-24 16:00:00-04:00,85178.0729,84954.629,86609.5229,83104.0714
2023-03-27 16:00:00-04:00,85353.879,85129.9739,86657.0661,83149.6904
2023-03-28 16:00:00-04:00,85077.3384,85129.9739,86705.6544,83149.6904
2023-03-29 16:00:00-04:00,84914.4249,84966.9596,86753.2617,83195.3452
2023-03-30 16:00:00-04:00,84664.5405,84716.9206,86799.9364,83240.1057
2023-03-31 16:00:00-04:00,84835.2452,84716.9206,86846.2335,83240.1057
2023-04-03 16:00:00-04:00,84426.5616,84716.9206,86892.5854,83240.1057
2023-04-04 16:00:00-04:00,84594.9497,84885.8879,86322.5924,82694.0721
2023-04-05 16:00:00-04:00,84765.0423,84885.8879,86368.9239,82694.0721
2023-04-06 16:00:00-04:00,84935.7294,85056.8184,86415.5999,82738.7621
2023-04-10 16:00:00-04:00,85106.9037,85228.2366,86462.2116,82783.3905
2023-04-11 16:00:00-04:00,84875.2728,84996.2756,86508.7689,82827.9668
2023-04-12 16:00:00-04:00,85044.9787,85166.2234,86544.4581,82862.1375
2023-04-13 16:00:00-04:00,85214.9368,85336.4238,86590.9109,82906.6139
2023-04-14 16:00:00-04:00,85384.3452,85336.4238,86637.3573,82906.6139
2023-04-17 16:00:00-04:00,85554.1878,85506.171,86683.8426,82951.0975
2023-04-18 16:00:00-04:00,85723.4939,85675.3821,86729.9427,82995.2125
2023-04-19 16:00:00-04:00,85893.7723,85845.5649,86776.3759,83039.6462
2023-04-20 16:00:00-04:00,86064.6718,86016.3685,86822.8405,83084.1099
2023-04-21 16:00:00-04:00,85685.2355,85637.1452,86869.6084,83128.8639
2023-04-24 16:00:00-04:00,85856.1558,85807.9696,86916.7015,83173.9291
2023-04-25 16:00:00-04:00,86028.2305,85807.9696,86964.0879,83173.9291
2023-04-26 16:00:00-04:00,86202.3023,85981.5957,87011.3999,83219.1791
2023-04-27 16:00:00-04:00,86375.7606,86154.6099,87058.2857,83264.0215
2023-04-28 16:00:00-04:00,86547.0512,86154.6099,87104.3818,83264.0215
2023-05-01 16:00:00-04:00,86212.0948,86154.6099,86696.7395,83264.0215
2023-05-02 16:00:00-04:00,86384.0331,86326.4336,86742.7515,83308.2117
2023-05-03 16:00:00-04:00,86034.4559,86326.4336,86789.0138,83308.2117
2023-05-04 16:00:00-04:00,85770.1711,86061.2519,86268.2521,82808.3359
2023-05-05 16:00:00-04:00,85941.8752,86233.5387,86314.0717,82852.3179
2023-05-08 16:00:00-04:00,85661.908,85952.6214,86359.5381,82895.9608
2023-05-09 16:00:00-04:00,85475.88,85765.9621,86405.2716,82939.8601
2023-05-10 16:00:00-04:00,85647.0827,85937.7458,86450.3759,82983.1554
2023-05-11 16:00:00-04:00,85610.9782,85901.5188,86495.4438,83026.4158
2023-05-12 16:00:00-04:00,85781.9252,85901.5188,86540.5972,83026.4158
2023-05-15 16:00:00-04:00,85355.6182,85474.6174,86076.7216,82581.377
2023-05-16 16:00:00-04:00,85459.0865,85578.23,86121.2497,82624.0969
2023-05-17 16:00:00-04:00,85629.6756,85749.0569,86165.6752,82666.7184
2023-05-18 16:00:00-04:00,85799.2925,85918.9103,86209.4034,82708.6709
2023-05-19 16:00:00-04:00,85967.6092,86087.4617,86252.5856,82750.0996
2023-05-22 16:00:00-04:00,85967.6092,86087.4617,86252.5856,82750.0996
2023-05-23 16:00:00-04:00,86137.7658,86257.8555,86296.1264,82791.8723
2023-05-24 16:00:00-04:00,85740.8333,85860.3696,86340.3761,82834.3252
2023-05-25 16:00:00-04:00,85911.2004,86030.9742,86383.2394,82875.4479
2023-05-26 16:00:00-04:00,86080.7074,86030.9742,86425.4692,82875.4479
2023-05-30 16:00:00-04:00,86407.2699,86188.6499,86508.136,82915.148
2023-05-31 16:00:00-04:00,86577.9717,86358.9198,86549.7898,82955.0717
2023-06-01 16:00:00-04:00,86748.6108,86358.9198,86591.4527,82955.0717
2023-06-02 16:00:00-04:00,86916.0568,86525.6136,86591.4527,82955.0717
2023-06-05 16:00:00-04:00,86642.1374,86525.6136,86631.9345,82955.0717
2023-06-06 16:00:00-04:00,86809.2741,86692.5256,86672.7707,82994.1747
2023-06-07 16:00:00-04:00,86976.6606,86859.687,86713.6983,83033.3653
2023-06-08 16:00:00-04:00,87144.5781,87027.3786,86755.1515,83073.0591
2023-06-09 16:00:00-04:00,86791.3494,87027.3786,86795.6925,83073.0591
2023-06-12 16:00:00-04:00,86957.1889,87193.6691,86836.2577,83111.8844
2023-06-13 16:00:00-04:00,86957.1889,87193.6691,86876.3929,83150.2983
2023-06-14 16:00:00-04:00,87120.8009,87357.7261,86916.0099,83188.2161
2023-06-15 16:00:00-04:00,87284.3868,87521.7569,86955.3176,83225.8379
2023-06-16 16:00:00-04:00,87447.0699,87684.8824,86992.3224,83261.2555
2023-06-20 16:00:00-04:00,87497.5772,87735.527,87130.3171,83393.3317
2023-06-21 16:00:00-04:00,87184.3348,87421.4328,87170.1366,83431.4434
2023-06-22 16:00:00-04:00,87331.8243,87569.3234,87205.9125,83465.6849
2023-06-23 16:00:00-04:00,87497.4937,87735.4433,87245.7757,83503.8384
2023-06-26 16:00:00-04:00,87664.0112,87902.4136,87285.5607,83541.917
2023-06-27 16:00:00-04:00,87830.5122,87902.4136,87325.894,83541.917
2023-06-28 16:00:00-04:00,87996.455,88068.4922,87365.7106,83580.0082
2023-06-29 16:00:00-04:00,88162.1219,88234.2948,87405.8142,83618.3741
2023-06-30 16:00:00-04:00,88325.8558,88234.2948,87445.0296,83618.3741
2023-07-03 16:00:00-04:00,88379.2075,88234.2948,87484.299,83618.3741
2023-07-05 16:00:00-04:00,88628.4206,88483.0993,87562.5026,83693.1219
2023-07-06 16:00:00-04:00,88227.3516,88483.0993,87602.4888,83693.1219
2023-07-07 16:00:00-04:00,88392.3819,88648.608,87641.9741,83730.8452
2023-07-10 16:00:00-04:00,88058.6305,88313.8892,86927.7157,83048.4614
2023-07-11 16:00:00-04:00,87735.9043,87990.2274,86250.2683,82401.2459
2023-07-12 16:00:00-04:00,87468.1855,87721.7327,86288.4886,82437.7606
2023-07-13 16:00:00-04:00,87628.7324,87882.7449,86326.2774,82473.863
2023-07-14 16:00:00-04:00,87789.0368,87882.7449,86363.4682,82473.863
2023-07-17 16:00:00-04:00,87949.7099,88043.5894,86400.7835,82509.4977
2023-07-18 16:00:00-04:00,88110.0284,88204.0791,86438.0109,82545.0485
2023-07-19 16:00:00-04:00,87993.8882,88087.8149,86474.6311,82580.0193
2023-07-20 16:00:00-04:00,88153.6991,88247.7964,86511.9536,82615.661
2023-07-21 16:00:00-04:00,87800.3544,87894.0745,86547.201,82649.3208
2023-07-24 16:00:00-04:00,87732.3981,87826.0456,86547.201,82649.3208
2023-07-25 16:00:00-04:00,87891.0411,87826.0456,86584.9491,82649.3208
2023-07-26 16:00:00-04:00,87736.7091,87671.8277,86623.1568,82685.7919
2023-07-27 16:00:00-04:00,87894.4084,87829.4104,86660.6594,82721.5898
2023-07-28 16:00:00-04:00,88052.9765,87829.4104,86697.9739,82721.5898
2023-07-31 16:00:00-04:00,88052.9765,87829.4104,86697.9739,82721.5898
2023-08-01 16:00:00-04:00,87865.2315,87829.4104,86735.559,82721.5898
2023-08-02 16:00:00-04:00,88025.6678,87989.7812,86773.8568,82758.1152
2023-08-03 16:00:00-04:00,87702.576,87989.7812,86812.3849,82758.1152
2023-08-04 16:00:00-04:00,87207.5873,87493.1716,86851.0293,82794.9548
2023-08-07 16:00:00-04:00,87367.8159,87653.9249,86889.9194,82832.0287
2023-08-08 16:00:00-04:00,86880.2844,87164.7969,86929.151,82869.4281
2023-08-09 16:00:00-04:00,87040.8746,87325.913,86966.1565,82904.7055
2023-08-10 16:00:00-04:00,87201.7617,87487.327,86998.0407,82935.1006
2023-08-11 16:00:00-04:00,87363.8178,87487.327,87037.7433,82935.1006
2023-08-14 16:00:00-04:00,87525.9247,87649.663,87077.3599,82972.8497
2023-08-15 16:00:00-04:00,87689.1845,87813.1536,87117.0847,83010.702
2023-08-16 16:00:00-04:00,87853.5813,87977.7828,87156.8392,83048.5826
2023-08-17 16:00:00-04:00,88019.258,88143.6937,87197.3871,83087.2193
2023-08-18 16:00:00-04:00,88186.8803,88311.553,87238.6648,83126.5513
2023-08-21 16:00:00-04:00,88354.5165,88479.4262,86530.9472,82452.193
2023-08-22 16:00:00-04:00,88521.4895,88646.6353,86570.9252,82490.2865
2023-08-23 16:00:00-04:00,88688.0149,88813.3961,86610.4585,82527.9563
2023-08-24 16:00:00-04:00,88854.0556,88979.6716,86641.4785,82557.5142
2023-08-25 16:00:00-04:00,88581.6876,88979.6716,86014.4419,82557.5142
2023-08-28 16:00:00-04:00,88226.1291,88622.5156,86054.1228,82595.6003
2023-08-29 16:00:00-04:00,88390.6361,88622.5156,86086.8438,82595.6003
2023-08-30 16:00:00-04:00,87970.2035,88200.98,85415.823,81951.7927
2023-08-31 16:00:00-04:00,87702.8068,87932.8819,85453.381,81987.8275
2023-09-01 16:00:00-04:00,87864.2491,87932.8819,85490.6097,81987.8275
2023-09-05 16:00:00-04:00,87936.2891,88004.9782,85566.097,82060.2219
2023-09-06 16:00:00-04:00,88099.8463,88004.9782,85604.3092,82060.2219
2023-09-07 16:00:00-04:00,88264.6972,88169.6516,85642.9267,82097.2406
2023-09-08 16:00:00-04:00,87928.3508,88169.6516,85681.2252,82097.2406
2023-09-11 16:00:00-04:00,87603.3836,87843.7925,85107.0767,81547.1084
2023-09-12 16:00:00-04:00,87357.76,87597.4949,85145.1034,81583.5445
2023-09-13 16:00:00-04:00,86993.5824,87232.3178,85183.478,81620.3138
2023-09-14 16:00:00-04:00,87154.5953,87393.7726,85221.3425,81656.5945
2023-09-15 16:00:00-04:00,87316.7224,87556.3447,85259.7255,81693.372
2023-09-18 16:00:00-04:00,87479.8995,87719.9696,85298.2629,81730.2974
2023-09-19 16:00:00-04:00,87644.4599,87884.9816,85337.3149,81767.7159
2023-09-20 16:00:00-04:00,87808.6081,88049.5802,85376.1017,81804.8802
2023-09-21 16:00:00-04:00,87976.9631,88218.3972,85416.3792,81843.473
2023-09-22 16:00:00-04:00,88146.1619,88388.0604,85456.5811,81881.9933
2023-09-25 16:00:00-04:00,88316.4596,88558.8254,85496.9314,81920.6557
2023-09-26 16:00:00-04:00,88488.6034,88558.8254,85537.8914,81920.6557
2023-09-27 16:00:00-04:00,88661.783,88732.1425,85578.9878,81960.0142
2023-09-28 16:00:00-04:00,88834.9288,88905.4257,85619.948,81999.2423
2023-09-29 16:00:00-04:00,89006.9965,88905.4257,85660.2432,81999.2423
2023-10-02 16:00:00-04:00,88544.5817,88905.4257,85700.4485,81999.2423
2023-10-03 16:00:00-04:00,88719.1373,89080.6927,85738.5893,82035.7359
2023-10-04 16:00:00-04:00,88894.7653,89080.6927,85172.7653,82035.7359
2023-10-05 16:00:00-04:00,89070.2284,89256.5228,85213.4216,82074.8948
2023-10-06 16:00:00-04:00,89245.7551,89432.4166,85253.9062,82113.8882
2023-10-09 16:00:00-04:00,89419.3484,89606.373,85293.6539,82152.172
2023-10-10 16:00:00-04:00,89590.9782,89778.3618,85332.7708,82189.8481
2023-10-11 16:00:00-04:00,89762.9375,89950.6807,85371.7693,82227.4103
2023-10-12 16:00:00-04:00,89310.0591,89496.8551,85410.332,82264.5527
2023-10-13 16:00:00-04:00,89481.7386,89496.8551,85449.4216,82264.5527
2023-10-16 16:00:00-04:00,89653.5297,89668.6752,85488.5,82302.1746
2023-10-17 16:00:00-04:00,89825.8904,89841.065,85528.0504,82340.2509
2023-10-18 16:00:00-04:00,89999.2014,90014.4053,85567.809,82378.5276
2023-10-19 16:00:00-04:00,89484.1315,89499.2483,85607.9103,82417.1343
2023-10-20 16:00:00-04:00,89660.999,89676.1458,85648.7813,82456.4819
2023-10-23 16:00:00-04:00,89839.4893,89854.6662,85690.1134,82496.2735
2023-10-24 16:00:00-04:00,89408.8488,89423.953,85730.8021,82535.4456
2023-10-25 16:00:00-04:00,89587.6296,89602.7639,85766.4665,82569.7807
2023-10-26 16:00:00-04:00,89768.8798,89784.0448,85805.2154,82607.0854
2023-10-27 16:00:00-04:00,89228.3062,89784.0448,85317.138,82607.0854
2023-10-30 16:00:00-04:00,88702.8202,89255.2858,84755.9074,82063.682
2023-10-31 16:00:00-04:00,88881.6684,89255.2858,84797.5896,82063.682
2023-11-01 16:00:00-04:00,89059.2502,89255.2858,84838.6017,82063.682
2023-11-02 16:00:00-04:00,89233.6862,89430.1057,84420.7899,81659.536
2023-11-03 16:00:00-04:00,89405.4476,89430.1057,84459.8943,81659.536
2023-11-06 16:00:00-05:00,89577.8009,89602.5065,84498.8757,81697.225
2023-11-07 16:00:00-05:00,89749.8076,89774.5606,84537.3922,81734.4644
2023-11-08 16:00:00-05:00,89921.8325,89946.633,84575.832,81771.6297
2023-11-09 16:00:00-05:00,90094.4372,90119.2853,84614.3043,81808.8264
2023-11-10 16:00:00-05:00,89779.6531,89804.4144,84652.5437,81845.7979
2023-11-13 16:00:00-05:00,89950.8665,89975.675,84690.4355,81882.4334
2023-11-14 16:00:00-05:00,90118.9961,90143.8509,84727.3652,81918.1386
2023-11-15 16:00:00-05:00,89790.0738,89814.8379,84764.2643,81953.8143
2023-11-16 16:00:00-05:00,89525.4719,89550.1631,84801.4364,81989.7539
2023-11-17 16:00:00-05:00,89554.2872,89578.9863,84838.3922,82025.4844
2023-11-20 16:00:00-05:00,89720.0591,89744.8039,84875.0437,82060.9207
2023-11-21 16:00:00-05:00,89477.0877,89501.7655,84911.9242,82096.5784
2023-11-22 16:00:00-05:00,89477.0877,89501.7655,84911.9242,82096.5784
2023-11-27 16:00:00-05:00,89157.34,89181.9297,84738.3817,81893.4008
2023-11-28 16:00:00-05:00,89321.5116,89181.9297,84774.8631,81893.4008
2023-11-29 16:00:00-05:00,89485.5073,89345.6691,84811.1473,81928.4518
2023-11-30 16:00:00-05:00,89145.471,89006.1642,84848.0526,81964.1026
2023-12-01 16:00:00-05:00,89309.4104,89006.1642,84884.7764,81964.1026
2023-12-04 16:00:00-05:00,88901.9368,88600.0741,84922.1819,82000.2211
2023-12-05 16:00:00-05:00,89065.5617,88600.0741,84959.1614,82000.2211
2023-12-06 16:00:00-05:00,89229.1065,88762.7642,84996.1674,82035.9383
2023-12-07 16:00:00-05:00,89392.9517,88925.753,85032.9075,82071.3988
2023-12-08 16:00:00-05:00,89430.7523,88925.753,85069.3993,82071.3988
2023-12-11 16:00:00-05:00,89593.8387,89087.9186,85105.6619,82106.3834
2023-12-12 16:00:00-05:00,89756.7235,89249.8835,85141.6854,82141.1374
2023-12-13 16:00:00-05:00,89588.6186,89082.7279,85177.3683,82175.5627
2023-12-14 16:00:00-05:00,89747.8291,89241.0394,85212.5159,82209.4717
2023-12-15 16:00:00-05:00,89511.4442,89005.9893,85247.4929,82243.2161
2023-12-18 16:00:00-05:00,89670.0919,89163.7411,85282.4314,82276.9233
2023-12-19 16:00:00-05:00,89828.2093,89320.9658,85317.0706,82310.3417
2023-12-20 16:00:00-05:00,89561.2969,89055.5605,85351.6402,82343.693
2023-12-21 16:00:00-05:00,89720.29,89213.6558,85386.6335,82377.4531
2023-12-22 16:00:00-05:00,89878.6366,89371.1083,85421.3785,82410.9736
2023-12-26 16:00:00-05:00,90036.867,89371.1083,85455.9391,82410.9736
2023-12-27 16:00:00-05:00,89844.3112,89179.9762,85146.4233,82112.4865
2023-12-28 16:00:00-05:00,89708.1851,89044.8567,85180.7225,82145.5636
2023-12-29 16:00:00-05:00,89865.9057,89044.8567,85215.2283,82145.5636
2024-01-02 16:00:00-05:00,89503.552,89044.8567,85250.6067,82145.5636
2024-01-03 16:00:00-05:00,89276.2897,88818.7591,85286.4011,82180.0543
2024-01-04 16:00:00-05:00,88890.2887,88818.7591,85322.3422,82180.0543
2024-01-05 16:00:00-05:00,88393.3461,88322.2163,85358.2475,82214.6372
2024-01-08 16:00:00-05:00,88551.1643,88479.9076,85393.8891,82248.9662
2024-01-09 16:00:00-05:00,88708.373,88636.9898,85429.2966,82283.0697
2024-01-10 16:00:00-05:00,88864.8728,88793.3637,85464.3043,82316.7881
2024-01-11 16:00:00-05:00,89022.3394,88950.7036,85493.0694,82344.4938
2024-01-12 16:00:00-05:00,89179.1058,88950.7036,85527.8916,82344.4938
2024-01-16 16:00:00-05:00,88486.7769,88260.1478,85260.0386,82086.6104
2024-01-17 16:00:00-05:00,88276.6863,88050.5953,85260.0386,82086.6104
2024-01-18 16:00:00-05:00,88022.0568,87796.6179,85294.4952,82119.7846
2024-01-19 16:00:00-05:00,88176.6758,87950.841,85328.5795,82152.6002
2024-01-22 16:00:00-05:00,88161.5788,87935.7826,85361.9878,82184.765
2024-01-23 16:00:00-05:00,87961.2589,87735.9757,85395.4048,82216.9383
2024-01-24 16:00:00-05:00,87656.3845,87431.8821,85428.2777,82248.5876
2024-01-25 16:00:00-05:00,87405.5527,87181.6928,85461.128,82280.2152
2024-01-26 16:00:00-05:00,87124.6919,87181.6928,85494.3576,82280.2152
2024-01-29 16:00:00-05:00,86959.1083,87016.0008,85527.592,82312.2002
2024-01-30 16:00:00-05:00,86803.8657,87016.0008,85560.6742,82312.2002
2024-01-31 16:00:00-05:00,86953.5506,87166.0516,85594.5559,82344.7955
2024-02-01 16:00:00-05:00,86645.8163,87166.0516,85628.4318,82344.7955
2024-02-02 16:00:00-05:00,86793.714,87314.8372,85659.486,82374.6588
2024-02-05 16:00:00-05:00,86941.96,87314.8372,85692.5983,82374.6588
2024-02-06 16:00:00-05:00,86633.4202,87004.9742,85725.7955,82406.5705
2024-02-07 16:00:00-05:00,86779.8889,87152.071,85758.5731,82438.0791
2024-02-08 16:00:00-05:00,86596.1236,86967.5175,85791.2469,82469.4878
2024-02-09 16:00:00-05:00,86741.7418,86967.5175,85823.6599,82469.4878
2024-02-12 16:00:00-05:00,86679.729,86905.3433,85855.8722,82500.4411
2024-02-13 16:00:00-05:00,86376.9181,86601.7442,85888.8576,82532.1374
2024-02-14 16:00:00-05:00,86025.807,86249.7192,85424.7239,82086.1431
2024-02-15 16:00:00-05:00,86170.3892,86394.6777,84953.9429,81633.7612
2024-02-16 16:00:00-05:00,85647.9933,85870.9222,84986.5535,81665.0973
2024-02-20 16:00:00-05:00,86171.5563,86395.8479,85047.1794,81723.3538
2024-02-21 16:00:00-05:00,85932.2314,86155.9,84715.276,81404.4219
2024-02-22 16:00:00-05:00,86075.1486,86299.1893,84747.2754,81435.1707
2024-02-23 16:00:00-05:00,86217.4025,86299.1893,84779.1087,81435.1707
2024-02-26 16:00:00-05:00,86360.3339,86442.2563,84779.1087,81435.1707
2024-02-27 16:00:00-05:00,86107.3735,86442.2563,84811.2369,81435.1707
2024-02-28 16:00:00-05:00,86113.9892,86448.8977,84843.3002,81465.9576
2024-02-29 16:00:00-05:00,86257.02,86592.4848,84875.3122,81496.6953
2024-03-01 16:00:00-05:00,86399.4474,86592.4848,84906.8801,81496.6953
2024-03-04 16:00:00-05:00,86541.2398,86734.594,84666.8399,81266.296
2024-03-05 16:00:00-05:00,86684.4368,86734.594,84698.7572,81266.296
2024-03-06 16:00:00-05:00,86381.1244,86431.1061,84095.7185,80687.6958
2024-03-07 16:00:00-05:00,86522.7538,86572.8174,84126.8762,80717.5908
2024-03-08 16:00:00-05:00,86049.8385,86572.8174,84157.6328,80717.5908
2024-03-11 16:00:00-04:00,85646.8993,86167.4293,84000.2723,80566.6627
2024-03-12 16:00:00-04:00,85786.9889,86308.3703,84030.5276,80595.6812
2024-03-13 16:00:00-04:00,85564.0468,86084.0732,84062.0157,80625.8822
2024-03-14 16:00:00-04:00,85704.4642,86225.344,84089.1032,80651.8624
2024-03-15 16:00:00-04:00,85586.5575,86106.7208,84121.2343,80682.6801
2024-03-18 16:00:00-04:00,85335.2443,85853.8802,83677.3068,80256.8987
2024-03-19 16:00:00-04:00,85475.3079,85994.795,83709.0608,80287.3547
2024-03-20 16:00:00-04:00,85277.7032,85795.9894,83740.3899,80317.4032
2024-03-21 16:00:00-04:00,85059.1433,85576.1011,83771.1344,80346.891
2024-03-22 16:00:00-04:00,84839.9753,85355.6011,83802.0331,80376.5267
2024-03-25 16:00:00-04:00,84701.3707,85216.1541,83833.034,80406.2604
2024-03-26 16:00:00-04:00,84838.185,85216.1541,83863.9788,80406.2604
2024-03-27 16:00:00-04:00,84554.6959,84931.402,83895.228,80436.2211
2024-03-28 16:00:00-04:00,84389.4322,84765.4021,83852.2038,80394.9709
2024-04-01 16:00:00-04:00,84525.2456,84765.4021,83883.2905,80394.9709
2024-04-02 16:00:00-04:00,84212.4485,84451.7162,83914.9881,80425.3503
2024-04-03 16:00:00-04:00,84074.585,84451.7162,83946.3491,80425.3503
2024-04-04 16:00:00-04:00,83854.0615,84230.2034,83977.42,80455.118
2024-04-05 16:00:00-04:00,83990.533,84367.2872,84009.1028,80485.4719
2024-04-08 16:00:00-04:00,83733.0476,84108.6468,84040.5679,80515.6173
2024-04-09 16:00:00-04:00,83869.4967,84245.7079,84072.1756,80545.8992
2024-04-10 16:00:00-04:00,84007.0199,84383.848,84072.1756,80545.8992
2024-04-11 16:00:00-04:00,84145.3166,84522.765,84103.9555,80576.3461
2024-04-12 16:00:00-04:00,84283.6766,84522.765,84135.6041,80576.3461
2024-04-15 16:00:00-04:00,84422.6441,84662.1268,84167.366,80606.7644
2024-04-16 16:00:00-04:00,84016.4728,84254.8033,84199.8833,80637.906
2024-04-17 16:00:00-04:00,84157.5657,84396.2964,84232.5996,80669.2383
2024-04-18 16:00:00-04:00,84299.2901,84538.4229,84265.6456,80700.8863
2024-04-19 16:00:00-04:00,84442.6496,84682.189,84299.4272,80733.2389
2024-04-22 16:00:00-04:00,84586.8964,84826.845,84333.7812,80766.1395
2024-04-23 16:00:00-04:00,84728.992,84969.3437,84367.2063,80798.1507
2024-04-24 16:00:00-04:00,84871.0275,85111.7821,84400.2984,80829.8428
2024-04-25 16:00:00-04:00,85015.1678,85256.3313,84434.1359,80862.2489
2024-04-26 16:00:00-04:00,85156.7614,85256.3313,84466.9517,80862.2489
2024-04-29 16:00:00-04:00,84847.7032,84946.9118,84466.9517,80862.2489
2024-04-30 16:00:00-04:00,84989.7886,84946.9118,84499.958,80862.2489
2024-05-01 16:00:00-04:00,84714.3389,84946.9118,84533.7365,80862.2489
2024-05-02 16:00:00-04:00,84037.2302,84267.9442,83761.6126,80123.66
2024-05-03 16:00:00-04:00,83560.5451,84267.9442,83225.3102,80123.66
2024-05-06 16:00:00-04:00,83698.2989,84406.8642,83257.0005,80154.1693
2024-05-07 16:00:00-04:00,83531.9969,84239.1543,83288.3853,80184.3845
2024-05-08 16:00:00-04:00,83566.0724,84273.5182,83319.8866,80214.7117
2024-05-09 16:00:00-04:00,83702.9078,84411.512,83351.3855,80245.0367
2024-05-10 16:00:00-04:00,83839.217,84411.512,83382.8479,80245.0367
2024-05-13 16:00:00-04:00,83975.7342,84548.9612,83382.8479,80245.0367
2024-05-14 16:00:00-04:00,83746.0657,84317.725,83414.023,80275.0386
2024-05-15 16:00:00-04:00,83880.7278,84453.3062,83444.7658,80304.6246
2024-05-16 16:00:00-04:00,84014.7916,84588.2851,83475.1711,80333.8857
2024-05-17 16:00:00-04:00,83787.1881,84359.128,83240.4911,80108.037
2024-05-20 16:00:00-04:00,83483.2398,84053.1049,83270.7548,80137.1618
2024-05-21 16:00:00-04:00,83616.8634,84187.6407,83301.0838,80166.3494
2024-05-22 16:00:00-04:00,83501.213,84071.2008,83089.8479,79963.0627
2024-05-23 16:00:00-04:00,83635.1964,84206.0988,83119.9452,79992.0274
2024-05-24 16:00:00-04:00,83769.5373,84341.3567,83150.0907,80021.0385
2024-05-28 16:00:00-04:00,83925.4891,84362.9044,83210.0518,80049.8019
2024-05-29 16:00:00-04:00,83840.0916,84277.0618,83240.0985,80078.7074
2024-05-30 16:00:00-04:00,83610.8879,84046.6635,83270.5631,80108.015
2024-05-31 16:00:00-04:00,83747.1449,84046.6635,83301.4215,80108.015
2024-06-03 16:00:00-04:00,83882.1572,84046.6635,83332.0659,80108.015
2024-06-04 16:00:00-04:00,83673.8914,83837.9893,83001.3727,79790.116
2024-06-05 16:00:00-04:00,83423.6686,83837.9893,83031.2605,79790.116
2024-06-06 16:00:00-04:00,83556.3868,83971.3667,83031.2605,79790.116
2024-06-07 16:00:00-04:00,83689.2562,84104.896,83060.7389,79818.4438
2024-06-10 16:00:00-04:00,83822.6445,84238.9468,83090.348,79846.8971
2024-06-11 16:00:00-04:00,83956.0778,84373.0428,83119.819,79875.2176
2024-06-12 16:00:00-04:00,83649.2023,84064.6432,83148.4869,79902.7665
2024-06-13 16:00:00-04:00,83780.5386,84196.6318,83177.0123,79930.1784
2024-06-14 16:00:00-04:00,83538.2451,84196.6318,83205.419,79930.1784
2024-06-17 16:00:00-04:00,83669.2058,84328.6247,83233.7152,79957.3607
2024-06-18 16:00:00-04:00,83452.905,84110.6191,83261.6884,79984.2328
2024-06-20 16:00:00-04:00,83444.451,84102.0985,83289.6871,80011.1294
2024-06-21 16:00:00-04:00,83223.7288,83879.6367,82895.7733,79632.7213
2024-06-24 16:00:00-04:00,82786.7039,83439.1675,82442.7826,79197.5618
2024-06-25 16:00:00-04:00,82608.3136,83439.1675,82470.9981,79197.5618
2024-06-26 16:00:00-04:00,82396.7894,83225.5159,82499.0074,79224.4594
2024-06-27 16:00:00-04:00,82167.2565,82993.6743,81993.7566,78739.263
2024-06-28 16:00:00-04:00,81620.3315,82993.6743,82018.433,78739.263
2024-07-01 16:00:00-04:00,81140.0067,82993.6743,81325.8194,78739.263
2024-07-02 16:00:00-04:00,81266.3609,83122.9151,81353.2456,78765.8169
2024-07-03 16:00:00-04:00,81391.9524,83122.9151,81380.3356,78765.8169
2024-07-05 16:00:00-04:00,81430.7567,83162.5447,81140.5965,78533.7799
2024-07-08 16:00:00-04:00,81555.3969,83289.8356,81166.9717,78559.3078
2024-07-09 16:00:00-04:00,81426.1815,83157.8721,81193.2814,78584.7722
2024-07-10 16:00:00-04:00,81283.0961,83011.7438,80907.261,78307.9408
2024-07-11 16:00:00-04:00,81406.1587,83137.4235,80933.3955,78333.2358
2024-07-12 16:00:00-04:00,81529.7773,83137.4235,80959.8694,78333.2358
2024-07-15 16:00:00-04:00,81652.7578,83262.829,80986.1702,78358.6833
2024-07-16 16:00:00-04:00,81442.1181,83048.0359,81012.7752,78384.4251
2024-07-17 16:00:00-04:00,81566.0981,83174.4606,81040.0668,78410.8313
2024-07-18 16:00:00-04:00,81343.6732,82947.6498,81064.6849,78434.6507
2024-07-19 16:00:00-04:00,81469.4146,83075.8706,81092.6024,78461.6624
2024-07-22 16:00:00-04:00,81061.817,82660.2357,81120.4616,78488.6178
2024-07-23 16:00:00-04:00,80799.7178,82392.9683,81147.9272,78515.1923
2024-07-24 16:00:00-04:00,80926.058,82521.7998,81176.5026,78542.8406
2024-07-25 16:00:00-04:00,80406.84,81992.3436,80358.5711,77751.4458
2024-07-26 16:00:00-04:00,80533.1514,81992.3436,80387.4445,77751.4458
2024-07-29 16:00:00-04:00,80659.5127,82120.9944,80416.0883,77779.1503
2024-07-30 16:00:00-04:00,80785.7754,82120.9944,80445.0206,77779.1503
2024-07-31 16:00:00-04:00,80911.1997,82248.4917,80473.4458,77806.6335
2024-08-01 16:00:00-04:00,81036.3149,82248.4917,80496.9191,77806.6335
2024-08-02 16:00:00-04:00,81133.6101,82347.2423,80130.2615,77452.2299
2024-08-05 16:00:00-04:00,81207.1574,82347.2423,80142.4041,77452.2299
2024-08-06 16:00:00-04:00,81337.889,82479.8093,80168.367,77477.3213
2024-08-07 16:00:00-04:00,81470.0165,82613.7917,80198.7391,77506.674
2024-08-08 16:00:00-04:00,81602.8408,82748.4808,80222.4499,77529.5888
2024-08-09 16:00:00-04:00,81734.5877,82748.4808,80252.5982,77529.5888
2024-08-12 16:00:00-04:00,81865.7246,82881.2444,80282.438,77558.4162
2024-08-13 16:00:00-04:00,81996.0697,83013.2064,80311.7803,77586.7629
2024-08-14 16:00:00-04:00,82125.9462,83144.694,80341.0415,77615.0312
2024-08-15 16:00:00-04:00,82253.699,83274.0315,80369.3352,77642.3649
2024-08-16 16:00:00-04:00,82381.1057,83403.0186,80397.4836,77669.5583
2024-08-19 16:00:00-04:00,82508.0334,83531.5209,80425.4501,77696.5758
2024-08-20 16:00:00-04:00,82402.6115,83424.7913,80153.1072,77433.4736
2024-08-21 16:00:00-04:00,82031.8997,83049.4809,79525.2899,76826.9584
2024-08-22 16:00:00-04:00,82157.0521,83176.1858,79552.4736,76853.2198
2024-08-23 16:00:00-04:00,81638.5934,82651.2957,79579.7689,76879.589
2024-08-26 16:00:00-04:00,81762.9555,82777.2005,79607.4618,76906.3422
2024-08-27 16:00:00-04:00,81887.7751,82777.2005,79635.3119,76906.3422
2024-08-28 16:00:00-04:00,82013.0068,82903.7924,79663.3007,76933.3719
2024-08-29 16:00:00-04:00,82138.1005,83030.2448,79690.9871,76960.1096
2024-08-30 16:00:00-04:00,82263.8897,83030.2448,79719.064,76960.1096
2024-09-03 16:00:00-04:00,82275.2183,82913.8133,79775.3369,76986.9781
2024-09-04 16:00:00-04:00,81743.3507,82377.8176,79804.3888,77015.0146
2024-09-05 16:00:00-04:00,81383.6916,82377.8176,79829.344,77015.0146
2024-09-06 16:00:00-04:00,81511.6253,82507.314,79853.4827,77038.3023
2024-09-09 16:00:00-04:00,81207.8871,82199.8655,79444.5955,76643.8301
2024-09-10 16:00:00-04:00,81335.9084,82329.4507,79474.1056,76672.2999
2024-09-11 16:00:00-04:00,81441.5084,82436.3406,79500.2913,76697.5625
2024-09-12 16:00:00-04:00,81567.5837,82563.9559,79528.6068,76724.8797
2024-09-13 16:00:00-04:00,81485.4198,82563.9559,79556.5216,76724.8797
2024-09-16 16:00:00-04:00,81156.5033,82230.6859,79556.5216,76724.8797
2024-09-17 16:00:00-04:00,80899.7509,81970.5352,79584.5738,76751.9334
2024-09-18 16:00:00-04:00,80616.3487,81683.3819,79612.7829,76779.1385
2024-09-19 16:00:00-04:00,80737.5637,81806.2013,79640.0384,76805.4239
2024-09-20 16:00:00-04:00,80859.7365,81929.9912,79667.5603,76831.9662
2024-09-23 16:00:00-04:00,80633.1574,81700.4131,79694.879,76858.3126
2024-09-24 16:00:00-04:00,80322.7028,81700.4131,79722.3578,76858.3126
2024-09-25 16:00:00-04:00,80443.358,81823.1378,79749.4094,76884.3923
2024-09-26 16:00:00-04:00,80563.7619,81945.6069,79776.2214,76910.2412
2024-09-27 16:00:00-04:00,80384.4571,81945.6069,79803.2065,76910.2412
2024-09-30 16:00:00-04:00,80208.2686,81765.9966,79830.4545,76936.5014
2024-10-01 16:00:00-04:00,80325.5057,81765.9966,79847.6337,76936.5014
2024-10-02 16:00:00-04:00,80446.9637,81889.6327,79875.1995,76963.0621
2024-10-03 16:00:00-04:00,80209.4845,81889.6327,79875.1995,76963.0621
2024-10-04 16:00:00-04:00,80330.3926,82013.0735,79902.6585,76989.5201
2024-10-07 16:00:00-04:00,80451.3584,82136.5732,79534.7179,76634.9941
2024-10-08 16:00:00-04:00,80572.1674,82259.9128,79561.8484,76661.1354
2024-10-09 16:00:00-04:00,80692.7472,82383.0184,79588.7744,76687.0797
2024-10-10 16:00:00-04:00,80812.9706,82505.76,79615.5289,76712.8588
2024-10-11 16:00:00-04:00,80932.8342,82505.76,79642.2297,76712.8588
2024-10-14 16:00:00-04:00,81051.8914,82627.1311,79642.2297,76712.8588
2024-10-15 16:00:00-04:00,81171.0363,82748.5916,79668.684,76738.34
2024-10-16 16:00:00-04:00,81291.1814,82871.0717,79564.2824,76637.7785
2024-10-17 16:00:00-04:00,81410.859,82993.0753,79591.0323,76663.5444
2024-10-18 16:00:00-04:00,81530.5317,83115.0737,79617.5893,76689.1247
2024-10-21 16:00:00-04:00,81399.962,82981.9665,79644.1301,76714.6893
2024-10-22 16:00:00-04:00,81520.1635,83104.5041,79670.7071,76740.2887
2024-10-23 16:00:00-04:00,81640.8476,83227.5337,79697.4904,76766.0869
2024-10-24 16:00:00-04:00,81762.3315,83351.3786,79724.5115,76792.1141
2024-10-25 16:00:00-04:00,81426.4974,83351.3786,79750.8557,76792.1141
2024-10-28 16:00:00-04:00,81430.6126,83355.5912,79777.4691,76817.7401
2024-10-29 16:00:00-04:00,81551.3644,83355.5912,79804.0633,76817.7401
2024-10-30 16:00:00-04:00,81184.3684,82980.4758,79227.4815,76262.7345
2024-10-31 16:00:00-04:00,81306.5802,83105.3913,79250.6627,76285.0482
2024-11-01 16:00:00-04:00,81428.6108,83105.3913,79277.6375,76285.0482
2024-11-04 16:00:00-05:00,81016.4265,82684.7192,79304.6794,76311.0693
2024-11-05 16:00:00-05:00,81137.9253,82684.7192,79331.5103,76311.0693
2024-11-06 16:00:00-05:00,81256.2585,82805.3083,79357.4641,76336.035
2024-11-07 16:00:00-05:00,81373.8862,82925.1784,79382.916,76360.5178
2024-11-08 16:00:00-05:00,81491.0903,82925.1784,79126.801,76360.5178
2024-11-11 16:00:00-05:00,81608.1313,83044.279,79152.1109,76384.9429
2024-11-12 16:00:00-05:00,81725.5249,83163.7385,79177.4047,76409.3524
2024-11-13 16:00:00-05:00,81491.0943,82925.1824,79202.8365,76433.895
2024-11-14 16:00:00-05:00,81608.8383,83044.9984,79228.3278,76458.4952
2024-11-15 16:00:00-05:00,81728.5606,83166.8277,79254.5604,76483.8107
2024-11-18 16:00:00-05:00,81848.6563,83289.0368,79280.8573,76509.1882
2024-11-19 16:00:00-05:00,81969.0441,83411.5433,79307.1567,76534.5683
2024-11-20 16:00:00-05:00,82089.8249,83534.4495,79331.4103,76557.974
2024-11-21 16:00:00-05:00,81259.1421,82689.1483,79345.8102,76571.8704
2024-11-22 16:00:00-05:00,81259.1421,82689.1483,79371.8455,76596.9956
2024-11-25 16:00:00-05:00,81376.2971,82808.3649,79397.6746,76621.9216
2024-11-26 16:00:00-05:00,81493.2467,82808.3649,79423.4427,76621.9216
2024-11-27 16:00:00-05:00,81610.396,82927.4048,79449.43,76646.9922
2024-11-29 16:00:00-05:00,81602.3811,82800.5575,79501.0275,76671.9296
2024-12-02 16:00:00-05:00,81562.3122,82800.5575,79526.4014,76671.9296
2024-12-03 16:00:00-05:00,81377.2378,82612.6734,79551.746,76696.3645
2024-12-04 16:00:00-05:00,81263.705,82612.6734,79576.7239,76696.3645
2024-12-05 16:00:00-05:00,81153.9282,82501.0744,79338.3336,76466.603
2024-12-06 16:00:00-05:00,81060.9345,82406.537,79362.9591,76490.3371
2024-12-09 16:00:00-05:00,81176.3051,82523.8227,79387.7024,76514.1848
2024-12-10 16:00:00-05:00,80996.1589,82340.6861,79412.3887,76537.9776
2024-12-11 16:00:00-05:00,81111.2936,82457.7321,79436.8634,76561.5664
2024-12-12 16:00:00-05:00,80941.2216,82284.8369,79253.9602,76385.2835
2024-12-13 16:00:00-05:00,81056.71,82284.8369,79278.3697,76385.2835
2024-12-16 16:00:00-05:00,81172.1879,82402.0644,79302.4323,76408.4681
2024-12-17 16:00:00-05:00,80967.7575,82194.5366,79326.4992,76431.6567
2024-12-18 16:00:00-05:00,81083.4614,82311.9936,79350.5178,76454.7987
2024-12-19 16:00:00-05:00,81202.9706,82433.3135,79375.8026,76479.1609
2024-12-20 16:00:00-05:00,81323.2612,82555.4267,79401.3542,76503.78
2024-12-23 16:00:00-05:00,80884.8944,82110.4181,79426.5837,76528.0888
2024-12-26 16:00:00-05:00,81118.476,82347.5387,79475.7202,76575.4322
2024-12-27 16:00:00-05:00,81236.8441,82347.5387,79494.8319,76575.4322
2024-12-30 16:00:00-05:00,80767.5686,81871.8471,78978.1827,76077.7567
2024-12-31 16:00:00-05:00,80886.8014,81871.8471,79003.605,76077.7567
2025-01-02 16:00:00-05:00,80265.0079,81871.8471,79024.7551,76077.7567
2025-01-03 16:00:00-05:00,80383.1874,81992.3925,79049.9801,76102.041
2025-01-06 16:00:00-05:00,80499.6129,81992.3925,79074.6091,76102.041
2025-01-07 16:00:00-05:00,80617.4647,82112.4298,79098.4669,76125.0019
2025-01-08 16:00:00-05:00,80288.3386,81777.2003,79124.0891,76149.661
2025-01-09 16:00:00-05:00,80288.3386,81777.2003,79124.0891,76149.661
2025-01-10 16:00:00-05:00,80395.7788,81777.2003,79142.8304,76149.661
2025-01-13 16:00:00-05:00,80516.7784,81900.279,79169.1211,76174.9573
2025-01-14 16:00:00-05:00,80637.27,82022.841,79195.2828,76200.1297
2025-01-15 16:00:00-05:00,80755.6115,82143.2159,79220.739,76224.6231
2025-01-16 16:00:00-05:00,80431.9331,81813.9758,79246.2017,76249.1228
2025-01-17 16:00:00-05:00,80548.973,81933.0268,79271.2005,76273.1761
2025-01-21 16:00:00-05:00,80199.6067,81577.6574,79296.3959,76297.4187
2025-01-22 16:00:00-05:00,80314.4005,81694.4237,79320.8294,76320.9281
2025-01-23 16:00:00-05:00,80429.4249,81811.4245,79345.4327,76344.6009
2025-01-24 16:00:00-05:00,80544.0404,81928.0094,79369.9338,76368.1754
2025-01-27 16:00:00-05:00,80611.0393,81996.1596,79391.0174,76388.4616
2025-01-28 16:00:00-05:00,80727.4203,81996.1596,79416.4,76388.4616
2025-01-29 16:00:00-05:00,80844.0369,82114.6089,79441.7477,76412.8428
2025-01-30 16:00:00-05:00,80960.7543,82233.1607,79466.9043,76437.0403
2025-01-31 16:00:00-05:00,81076.4022,82233.1607,79491.5912,76437.0403
2025-02-03 16:00:00-05:00,80614.0745,82233.1607,78785.1123,76437.0403
2025-02-04 16:00:00-05:00,80731.012,82352.4469,78809.7044,76460.8995
2025-02-05 16:00:00-05:00,80847.9623,82352.4469,78834.6609,76460.8995
2025-02-06 16:00:00-05:00,80964.374,82471.0249,78859.2489,76484.7471
2025-02-07 16:00:00-05:00,81081.0934,82589.9163,78880.9275,76505.773
2025-02-10 16:00:00-05:00,81197.9707,82708.9686,78905.5213,76529.6263
2025-02-11 16:00:00-05:00,81315.0895,82828.2668,78930.1275,76553.4916
2025-02-12 16:00:00-05:00,81432.7438,82948.1105,78954.9238,76577.5412
2025-02-13 16:00:00-05:00,81549.9923,83067.5409,78979.3355,76601.2179
2025-02-14 16:00:00-05:00,81414.0707,83067.5409,79003.4866,76601.2179
2025-02-18 16:00:00-05:00,81480.8953,83135.7226,79071.471,76667.1351
2025-02-19 16:00:00-05:00,81597.2194,83254.4093,78750.2942,76355.7243
2025-02-20 16:00:00-05:00,81173.1778,82821.7556,78222.6135,75844.0889
2025-02-21 16:00:00-05:00,81289.664,82940.6076,78246.6395,75867.3843
2025-02-24 16:00:00-05:00,81408.4421,83061.798,78264.7934,75884.9862
2025-02-25 16:00:00-05:00,81528.5719,83061.798,78285.7877,75884.9862
2025-02-26 16:00:00-05:00,81647.5919,83183.0563,78311.0082,75909.4333
2025-02-27 16:00:00-05:00,81745.5598,83282.8666,78324.8519,75922.8524
2025-02-28 16:00:00-05:00,81867.4199,83282.8666,78348.3079,75922.8524
2025-03-03 16:00:00-05:00,81988.5017,83282.8666,78361.8425,75922.8524
2025-03-04 16:00:00-05:00,82113.6999,83410.0413,78386.2975,75946.5463
2025-03-05 16:00:00-05:00,82239.0835,83410.0413,78411.0515,75946.5463
2025-03-06 16:00:00-05:00,82364.0915,83536.8293,78437.8894,75972.5407
2025-03-07 16:00:00-05:00,82476.2296,83650.5641,78456.5849,75990.6485
2025-03-10 16:00:00-04:00,82604.514,83780.6751,78484.6909,76017.8711
2025-03-11 16:00:00-04:00,82734.903,83912.9205,78504.8243,76037.3718
2025-03-12 16:00:00-04:00,82845.6145,84025.2084,78526.5399,76058.4048
2025-03-13 16:00:00-04:00,82977.3592,84158.8289,78546.4768,76077.7151
2025-03-14 16:00:00-04:00,83107.8471,84158.8289,78574.758,76077.7151
2025-03-17 16:00:00-04:00,83236.9056,84289.5195,78602.9788,76105.0391
2025-03-18 16:00:00-04:00,83367.7828,84422.0518,78626.2688,76127.5889
2025-03-19 16:00:00-04:00,83497.7899,84553.703,78654.5153,76154.9378
2025-03-20 16:00:00-04:00,83627.2061,84684.7558,78677.2627,76176.9623
2025-03-21 16:00:00-04:00,83758.1611,84817.3668,78705.6983,76204.4943
2025-03-24 16:00:00-04:00,83886.433,84947.2608,78733.1275,76231.0518
2025-03-25 16:00:00-04:00,83617.4023,84947.2608,78760.3611,76231.0518
2025-03-26 16:00:00-04:00,83745.7267,85077.6261,78787.9099,76257.7158
2025-03-27 16:00:00-04:00,83875.0901,85209.0469,78815.77,76284.6812
2025-03-28 16:00:00-04:00,84006.5826,85209.0469,78840.9739,76284.6812
2025-03-31 16:00:00-04:00,84140.9963,85345.3846,78864.0979,76307.0554
2025-04-01 16:00:00-04:00,83485.6233,85345.3846,78893.5738,76307.0554
2025-04-02 16:00:00-04:00,83605.5682,85468.0014,78913.6716,76326.4943
2025-04-03 16:00:00-04:00,83741.6401,85468.0014,78943.9796,76326.4943
2025-04-04 16:00:00-04:00,83840.6896,85569.0928,78967.3903,76349.1287
2025-04-07 16:00:00-04:00,83863.8713,85592.7523,78971.9346,76353.5224
2025-04-08 16:00:00-04:00,83987.4699,85718.899,78996.7393,76377.5046
2025-04-09 16:00:00-04:00,83141.9541,84855.9526,79011.5455,76391.82
2025-04-10 16:00:00-04:00,83268.0586,84984.6568,79034.5771,76414.0879
2025-04-11 16:00:00-04:00,82428.9503,84984.6568,79051.5099,76414.0879
2025-04-14 16:00:00-04:00,82555.9439,85115.5878,79070.0574,76432.0165
2025-04-15 16:00:00-04:00,82691.4938,85255.3405,79100.2937,76461.244
2025-04-16 16:00:00-04:00,81946.0586,84486.7931,78304.4177,75691.9211
2025-04-17 16:00:00-04:00,82084.4896,84629.516,78334.9508,75721.4355
2025-04-21 16:00:00-04:00,82225.6476,84775.0507,78363.7589,75749.2825
2025-04-22 16:00:00-04:00,82365.3127,84919.0461,78395.2265,75779.7002
2025-04-23 16:00:00-04:00,82479.4299,85036.7015,78422.7194,75806.2758
2025-04-24 16:00:00-04:00,82614.7742,85176.2421,78447.2186,75829.9577
2025-04-25 16:00:00-04:00,82070.5753,85176.2421,77807.7271,75829.9577
2025-04-28 16:00:00-04:00,82202.7191,85313.3864,77836.5295,75858.028
2025-04-29 16:00:00-04:00,82334.5962,85313.3864,77865.0877,75858.028
2025-04-30 16:00:00-04:00,82437.3717,85419.8803,77892.7174,75884.9455
2025-05-01 16:00:00-04:00,82567.0957,85419.8803,77920.4851,75884.9455
2025-05-02 16:00:00-04:00,82696.0001,85553.2385,77947.9835,75911.7256
2025-05-05 16:00:00-04:00,82825.7793,85553.2385,77975.6229,75911.7256
2025-05-06 16:00:00-04:00,82956.5494,85688.3148,78003.6058,75938.9679
2025-05-07 16:00:00-04:00,82601.8439,85321.9289,78031.5118,75966.1352
2025-05-08 16:00:00-04:00,82731.7464,85456.1091,78059.2404,75993.1298
2025-05-09 16:00:00-04:00,82861.4956,85456.1091,78086.8175,75993.1298
2025-05-12 16:00:00-04:00,82988.1003,85586.6781,78113.322,76018.9237
2025-05-13 16:00:00-04:00,83112.8211,85715.3041,78136.9927,76041.9597
2025-05-14 16:00:00-04:00,82940.793,85537.8894,78136.9927,76041.9597
2025-05-15 16:00:00-04:00,83065.6194,85666.6245,78162.4556,76066.7399
2025-05-16 16:00:00-04:00,82782.3287,85374.4632,77628.0654,75546.6779
2025-05-19 16:00:00-04:00,82905.6799,85501.6768,77652.8738,75570.8211
2025-05-20 16:00:00-04:00,82631.8662,85219.2893,77678.0614,75595.3334
2025-05-21 16:00:00-04:00,82755.4134,85346.7051,77703.2384,75619.8353
2025-05-22 16:00:00-04:00,82880.4641,85475.6715,77728.6758,75644.5907
2025-05-23 16:00:00-04:00,83007.3565,85606.5372,77754.6705,75669.8884
2025-05-27 16:00:00-04:00,83016.3685,85487.0492,77805.6013,75694.753
2025-05-28 16:00:00-04:00,83140.6659,85615.0458,77830.8344,75719.3016
2025-05-29 16:00:00-04:00,83265.331,85743.4211,77853.071,75740.9349
2025-05-30 16:00:00-04:00,82854.0435,85743.4211,77878.3465,75740.9349
2025-06-02 16:00:00-04:00,82978.3242,85743.4211,77903.5798,75740.9349
2025-06-03 16:00:00-04:00,83101.8834,85871.0977,77928.5663,75765.2277
2025-06-04 16:00:00-04:00,82900.992,85871.0977,77953.4183,75765.2277
2025-06-05 16:00:00-04:00,82235.2908,85181.5463,77978.0482,75789.1662
2025-06-06 16:00:00-04:00,82356.96,85307.5745,78002.8374,75813.2595
2025-06-09 16:00:00-04:00,82227.3474,85173.3183,78027.4968,75837.2268
2025-06-10 16:00:00-04:00,82074.2091,85014.6934,78052.0938,75861.1333
2025-06-11 16:00:00-04:00,81715.6988,84643.3388,78076.4762,75884.8313
2025-06-12 16:00:00-04:00,81835.7758,84767.7178,78101.0568,75908.7219
2025-06-13 16:00:00-04:00,81333.1957,84767.7178,77487.7128,75908.7219
2025-06-16 16:00:00-04:00,81199.0267,84627.8832,77512.0417,75932.555
2025-06-17 16:00:00-04:00,80939.958,84357.8746,77536.473,75956.4885
2025-06-18 16:00:00-04:00,81059.4029,84482.3634,77561.0385,75980.5535
2025-06-20 16:00:00-04:00,81179.3556,84607.3814,77585.6877,76004.7003
2025-06-23 16:00:00-04:00,80619.6094,84023.9983,77610.042,76028.5584
2025-06-24 16:00:00-04:00,80737.0767,84023.9983,77634.188,76028.5584
2025-06-25 16:00:00-04:00,80854.4563,84146.1566,77658.1364,76052.0114
2025-06-26 16:00:00-04:00,80971.4141,84267.8759,77681.9532,76075.3357
2025-06-27 16:00:00-04:00,81087.5121,84267.8759,77705.4397,76075.3357
2025-06-30 16:00:00-04:00,80879.4044,84051.6059,77728.8243,76098.2297
2025-07-01 16:00:00-04:00,80610.0331,84051.6059,77752.3743,76098.2297
2025-07-02 16:00:00-04:00,80725.107,84171.5928,77775.9485,76121.3023
2025-07-07 16:00:00-04:00,81107.9421,84451.5904,77816.5479,76138.3673
2025-07-08 16:00:00-04:00,80923.5957,84259.6444,77839.9691,76161.2834
2025-07-09 16:00:00-04:00,81038.3903,84379.1714,77863.2498,76184.062
2025-07-10 16:00:00-04:00,81152.8146,84498.3128,77863.2498,76184.062
2025-07-11 16:00:00-04:00,81267.7014,84498.3128,77886.5375,76184.062
2025-07-14 16:00:00-04:00,81382.7856,84617.9719,77909.8136,76206.8294
2025-07-15 16:00:00-04:00,81497.6419,84737.394,77932.9431,76229.4533
2025-07-16 16:00:00-04:00,81613.5156,84857.874,77956.3132,76252.3126
2025-07-17 16:00:00-04:00,81728.5592,84977.4909,77979.3544,76274.8502
2025-07-18 16:00:00-04:00,81843.4692,85096.9689,78002.3226,76297.3163
2025-07-21 16:00:00-04:00,81490.0243,84729.4735,78025.0641,76319.5607
2025-07-22 16:00:00-04:00,81412.8798,84649.2623,78025.0641,76319.5607
2025-07-23 16:00:00-04:00,81526.6008,84767.5041,77633.1633,75936.2262
2025-07-24 16:00:00-04:00,81389.6657,84625.1255,77655.9157,75958.4813
2025-07-25 16:00:00-04:00,81502.6518,84625.1255,77678.5435,75958.4813
2025-07-28 16:00:00-04:00,81378.8507,84496.5814,77701.1064,75980.5445
2025-07-29 16:00:00-04:00,81491.6068,84496.5814,77723.5492,75980.5445
2025-07-30 16:00:00-04:00,81345.2834,84344.8624,77746.032,76002.5231
2025-07-31 16:00:00-04:00,81458.1362,84461.8766,77768.5057,76024.4928
2025-08-01 16:00:00-04:00,81574.3402,84461.8766,77790.3028,76024.4928
2025-08-04 16:00:00-04:00,81688.999,84580.594,77813.1761,76046.847
2025-08-05 16:00:00-04:00,81803.657,84580.594,77836.013,76046.847
2025-08-06 16:00:00-04:00,81918.5447,84699.3817,77858.905,76069.2128
2025-08-07 16:00:00-04:00,82032.7096,84817.4221,77881.4154,76091.2057
2025-08-08 16:00:00-04:00,82146.7815,84817.4221,77903.7469,76091.2057
2025-08-11 16:00:00-04:00,82008.7548,84674.908,77925.9911,76112.9324
2025-08-12 16:00:00-04:00,82121.9767,84791.8108,77948.1372,76134.5632
2025-08-13 16:00:00-04:00,82234.6753,84908.1733,77970.067,76155.9828
2025-08-14 16:00:00-04:00,82234.3133,84907.7996,77992.019,76177.424
2025-08-15 16:00:00-04:00,82347.3509,85024.5121,77771.5977,75962.1311
2025-08-18 16:00:00-04:00,82168.5875,84839.937,77771.5977,75962.1311
2025-08-19 16:00:00-04:00,81933.3905,84597.0936,77793.963,75983.9761
2025-08-20 16:00:00-04:00,82047.8288,84715.2524,77810.5158,76000.1438
2025-08-21 16:00:00-04:00,81676.0309,84331.3671,77237.8837,75440.8348
2025-08-22 16:00:00-04:00,81772.5914,84431.0668,77251.6589,75454.2895
2025-08-25 16:00:00-04:00,81636.4646,84290.5144,77273.9762,75476.0876
2025-08-26 16:00:00-04:00,81748.9259,84290.5144,77296.3115,75476.0876
2025-08-27 16:00:00-04:00,81861.0232,84406.0968,77318.622,75497.8727
2025-08-28 16:00:00-04:00,81972.857,84521.4075,77340.6882,75519.4193
2025-08-29 16:00:00-04:00,82085.6347,84521.4075,77363.1577,75519.4193
2025-09-02 16:00:00-04:00,80604.1696,83454.6251,76050.2012,74216.2479
2025-09-03 16:00:00-04:00,80391.054,83233.9729,76072.23,74237.7455
2025-09-04 16:00:00-04:00,80200.9697,83233.9729,76094.359,74237.7455
2025-09-05 16:00:00-04:00,80310.5402,83347.687,76116.0732,74258.9299
2025-09-08 16:00:00-04:00,80149.7983,83180.8663,75757.9329,73909.5278
2025-09-09 16:00:00-04:00,79911.8597,82933.9294,75386.7111,73547.3634
2025-09-10 16:00:00-04:00,79698.2426,82712.2339,75408.0596,73568.191
2025-09-11 16:00:00-04:00,79805.9729,82824.0383,75429.2502,73588.8646
2025-09-12 16:00:00-04:00,79642.173,82824.0383,75450.3749,73588.8646
2025-09-15 16:00:00-04:00,79488.244,82663.9595,75471.2459,73609.2207
2025-09-16 16:00:00-04:00,79478.7054,82654.0398,75492.1276,73629.5873
2025-09-17 16:00:00-04:00,79585.5405,82765.1432,75513.1086,73650.0506
2025-09-18 16:00:00-04:00,79691.8023,82875.6504,75533.7228,73670.1562
2025-09-19 16:00:00-04:00,79476.8787,82652.1402,75554.3595,73690.2837
2025-09-22 16:00:00-04:00,79582.6558,82762.1432,75574.8011,73710.221
2025-09-23 16:00:00-04:00,79688.197,82871.901,75595.2168,73730.133
2025-09-24 16:00:00-04:00,79794.6175,82982.5732,75615.8187,73750.2266
2025-09-25 16:00:00-04:00,79901.9255,83094.1683,75636.617,73770.5117
2025-09-26 16:00:00-04:00,79508.784,83094.1683,75657.4827,73770.5117
2025-09-29 16:00:00-04:00,79375.1259,82954.483,75677.8891,73790.4092
2025-09-30 16:00:00-04:00,79194.1069,82954.483,75698.4364,73790.4092
