,QQQ_intraday_net,SPY_overnight_net,QQQ_overnight_net,SPY_buyhold,QQQ_overnight_gross,QQQ_buyhold
2008-01-03 21:00:00,100074.3493,100244.0315,99995.0,99930.8246,100000.0,100079.3493
2008-01-04 21:00:00,97035.5719,99461.8262,98721.4809,97488.9319,98731.4172,95814.3226
2008-01-07 21:00:00,96569.6007,100077.9161,98920.9371,97855.5617,98935.8301,95556.4372
2008-01-08 21:00:00,93943.9689,100511.5402,99121.3491,96022.4128,99141.219,93156.1198
2008-01-09 21:00:00,95554.5257,100658.5744,99433.0072,97385.1688,99457.8967,95060.5039
2008-01-10 21:00:00,96677.9481,99881.3348,98411.2957,98090.7582,98440.9023,95199.3652
2008-01-11 21:00:00,95316.0175,99143.7837,97873.2029,96866.3531,97907.5697,93354.4932
2008-01-14 21:00:00,95691.0765,99938.887,99157.7564,97855.5617,99197.4696,94961.3172
2008-01-15 21:00:00,94029.8283,98718.7417,98117.1002,95427.5042,98161.3565,92342.7891
2008-01-16 21:00:00,93740.0027,98305.9067,97311.2385,94867.1832,97360.0393,91311.2478
2008-01-17 21:00:00,91991.8814,98616.3961,97750.3303,92162.4239,97804.2194,90021.8211
2008-01-18 21:00:00,91342.7142,99314.652,98370.1144,91650.5257,98429.2353,89962.3091
2008-01-22 21:00:00,94239.2702,94782.0956,92877.2931,90633.6469,92938.0343,87641.341
2008-01-23 21:00:00,97513.9874,91956.0301,89403.9409,92432.2081,89467.0575,87304.1063
2008-01-24 21:00:00,99210.1939,92405.6381,89663.5587,93379.9115,89731.3319,89089.4664
2008-01-25 21:00:00,95139.0646,93434.6686,91575.7314,91989.4853,91649.4365,87264.4317
2008-01-28 21:00:00,95912.3645,93647.8097,91633.6048,93608.1904,91711.939,88038.0877
2008-01-29 21:00:00,95563.3343,94182.924,92041.9732,94127.0061,92125.242,88117.437
2008-01-30 21:00:00,95817.7109,93839.0539,91685.1168,93642.7781,91772.669,88018.2503
2008-01-31 21:00:00,98544.3257,92468.7496,90606.0168,95074.7095,90697.1273,89466.3757
2008-02-01 21:00:00,98755.9794,92787.0671,91405.0876,96465.1356,91501.5364,90458.2424
2008-02-04 21:00:00,97386.0511,92609.4293,91360.4274,95475.927,91461.4041,89168.8157
2008-02-05 21:00:00,96256.7334,91162.1798,89770.5171,92501.3835,89874.3097,86609.7996
2008-02-06 21:00:00,93928.2554,91737.1001,90280.0604,91809.6292,90388.9358,85002.9756
2008-02-07 21:00:00,95654.3419,91290.1403,89179.9657,92542.8888,89292.0339,85518.7463
2008-02-08 21:00:00,96535.2475,90917.0852,89361.6862,92086.3309,89478.4474,86490.7756
2008-02-11 21:00:00,97192.0742,90898.8799,89705.6467,92632.8168,89827.3312,87423.1303
2008-02-12 21:00:00,96047.3888,91573.1407,90250.7536,93331.4887,90377.6689,86927.197
2008-02-13 21:00:00,96908.2681,92315.156,91399.6053,94569.7288,91532.655,88831.581
2008-02-14 21:00:00,95001.9896,92465.8506,91537.911,93393.7465,91675.7387,87224.757
2008-02-15 21:00:00,95192.7615,92146.1819,91033.6957,93435.2518,91175.348,86927.197
2008-02-19 21:00:00,93151.2198,93233.1115,92234.0629,93407.5816,92382.1418,86193.2156
2008-02-20 21:00:00,94610.7978,92517.2737,91826.1262,94154.6763,91978.1692,87165.245
2008-02-21 21:00:00,92814.5193,92886.4962,92699.2539,93027.1168,92857.3415,86332.077
2008-02-22 21:00:00,92831.1322,93227.2062,93014.1246,93829.5517,93177.3921,86649.4743
2008-02-25 21:00:00,93400.967,93160.6866,92903.0017,94984.7814,93070.733,87085.8957
2008-02-26 21:00:00,94295.0004,92776.0855,92369.2961,95704.2059,92540.7175,87423.1303
2008-02-27 21:00:00,95367.4504,92255.0927,91735.8874,95545.1024,91910.7602,87819.877
2008-02-28 21:00:00,95362.682,91669.377,91420.472,94770.3376,91599.3391,87522.317
2008-02-29 21:00:00,93850.4626,90728.0262,90442.0201,92176.259,90623.5528,85221.1863
2008-03-03 21:00:00,93299.1108,90662.2101,90353.2876,92273.1046,90539.1734,84645.9036
2008-03-04 21:00:00,94416.6757,89889.6411,89777.0477,91947.9801,89966.2749,85121.9996
2008-03-05 21:00:00,94719.4295,90230.0437,89939.9362,92487.5484,90134.0051,85558.4209
2008-03-06 21:00:00,92692.371,89739.6262,89852.0263,90495.2961,90050.4122,83654.0369
2008-03-07 21:00:00,93019.4124,88980.5636,89314.8563,89727.4488,89516.5587,83455.6636
2008-03-10 20:00:00,91265.527,89030.9942,89183.0102,88447.7034,89388.8907,81769.4902
2008-03-11 20:00:00,93376.3177,91011.044,90541.6102,91581.3503,90755.0964,84943.4636
2008-03-12 20:00:00,92741.9016,91253.9742,90917.6877,90834.2557,91136.5985,84725.2529
2008-03-13 20:00:00,94516.117,90067.9953,89891.3556,91256.2258,90112.352,85379.8849
2008-03-14 20:00:00,92155.5775,90643.8269,90492.5416,89416.1594,90719.5217,83812.7356
2008-03-17 20:00:00,92575.0327,88598.6516,88431.8551,88475.3735,88658.2023,82285.2609
2008-03-18 20:00:00,94959.8613,90464.5606,90026.3701,92224.6818,90261.2316,85935.3303
2008-03-19 20:00:00,92290.6462,91023.2356,90354.3762,90177.0891,90594.6064,83832.5729
2008-03-20 20:00:00,93987.4428,91237.6113,90527.4487,92270.9611,90772.6688,85545.8657
2008-03-24 20:00:00,96805.8413,91631.7371,90922.0919,93689.124,91172.9196,88503.9381
2008-03-25 20:00:00,97060.8243,91667.9502,91182.6842,93883.7738,91438.7895,89000.259
2008-03-26 20:00:00,97055.9713,91262.8922,90852.6906,93035.6568,91112.4409,88682.6137
2008-03-27 20:00:00,95456.8147,91510.6438,90380.3593,92076.3113,90643.3148,86776.7415
2008-03-28 20:00:00,94302.7436,91879.158,91016.8357,91346.3745,91286.1752,86339.9791
2008-03-31 20:00:00,94449.2585,91790.6562,91347.1364,91721.7706,91622.0177,86796.5943
2008-04-01 20:00:00,96932.281,92940.9286,92805.1261,95100.3351,93088.9759,90509.0745
2008-04-02 20:00:00,96482.0125,93112.9237,93024.407,95003.0102,93313.5818,90310.5461
2008-04-03 20:00:00,97116.2832,92617.698,92610.7674,95100.3351,92903.3221,90509.0745
2008-04-04 20:00:00,97302.3924,92714.6216,92971.7859,95218.5153,93270.1262,91045.101
2008-04-07 20:00:00,96496.1638,93319.1934,93534.7801,95274.1296,93839.5905,90846.5727
2008-04-08 20:00:00,96470.0937,92722.1327,92835.1334,94870.9264,93142.3558,90151.7234
2008-04-09 20:00:00,95277.4238,92819.4115,92973.598,94120.1343,93285.9357,89178.9345
2008-04-10 20:00:00,96544.7217,92821.6262,93010.3445,94502.4821,93327.47,90409.8103
2008-04-11 20:00:00,94910.8095,91806.4216,91984.5001,92660.2607,92302.7942,87908.3531
2008-04-14 20:00:00,94498.2608,91732.9541,91855.2606,92326.5753,92177.7227,87412.0322
2008-04-15 20:00:00,94279.9322,92253.3056,92288.7692,92820.1516,92617.3621,87630.4134
2008-04-16 20:00:00,95667.5824,92946.5348,93434.1055,94704.0837,93771.4071,90032.6064
2008-04-17 20:00:00,95325.8672,92791.7866,93594.2569,94877.8782,93936.8253,89873.7838
2008-04-18 20:00:00,95813.423,94466.4826,96070.5382,96601.9193,96426.867,92732.592
2008-04-21 20:00:00,96671.8163,93958.6994,95880.6277,96476.7873,96241.0734,93387.7355
2008-04-22 20:00:00,95819.1657,93554.5517,95284.7329,95719.0434,95647.7505,91998.0371
2008-04-23 20:00:00,96163.3306,93814.8626,95979.0798,95920.645,96349.5251,93010.5317
2008-04-24 20:00:00,96999.9003,93884.9626,95994.7673,96483.7391,96370.0906,93844.3507
2008-04-25 20:00:00,96646.5722,94292.9049,96091.5063,97158.0616,96472.0264,93606.1167
2008-04-28 20:00:00,96600.8399,94375.8983,96310.8813,97060.7367,96697.0937,93784.7922
2008-04-29 20:00:00,97517.9691,94222.4709,96122.5776,96678.3889,96512.8698,94499.4943
2008-04-30 20:00:00,96511.3363,94373.589,96319.7097,96233.4751,96715.6279,93725.2337
2008-05-01 20:00:00,99510.3571,94341.6006,96355.6985,97971.4198,96756.6004,96683.3061
2008-05-02 20:00:00,98715.9382,95274.0739,97261.0166,98256.4427,97670.5231,96822.276
2008-05-05 20:00:00,98427.6267,95073.8278,97256.1536,97818.4806,97670.5231,96544.3363
2008-05-06 20:00:00,99315.8411,94602.8604,96971.3019,98604.0317,97389.3413,97139.9213
2008-05-07 20:00:00,97545.3506,94631.4787,96986.2717,96824.3763,97409.2451,95432.5775
2008-05-08 20:00:00,97864.0068,94946.0808,97324.4152,97213.6759,97753.7338,96087.7211
2008-05-09 20:00:00,98205.4267,94099.4203,96595.6484,96581.064,97026.6399,95710.5172
2008-05-12 20:00:00,99848.122,94304.6831,96731.0736,97651.6379,97167.5207,97457.5667
2008-05-13 20:00:00,100066.7764,94534.9407,96765.6468,97602.9755,97207.1082,97715.6536
2008-05-14 20:00:00,99454.203,95001.542,97134.3451,97992.2751,97582.349,97497.2724
2008-05-15 20:00:00,101170.2416,95050.7088,97149.2673,99097.608,97602.2192,99204.6162
2008-05-16 20:00:00,101043.9485,95252.6607,97338.825,99167.1257,97797.5408,99284.0275
2008-05-19 20:00:00,100231.3523,95348.0586,97411.8136,99292.2578,97875.7632,98569.3255
2008-05-20 20:00:00,99821.1199,94969.4558,97053.7884,98458.0443,97520.9266,97814.9177
2008-05-21 20:00:00,97489.0604,95085.4056,97167.1258,96845.2316,97639.6856,95650.9587
2008-05-22 20:00:00,97605.3155,95162.5568,97384.1102,97025.9778,97862.6072,95988.4569
2008-05-23 20:00:00,97661.2232,94796.4305,97016.6942,95837.2237,97498.279,95690.6644
2008-05-27 20:00:00,99233.4779,94750.433,97213.1228,96448.9802,97700.5576,97437.7139
2008-05-28 20:00:00,99147.9859,95046.187,97624.2107,96886.9423,98118.5918,97775.2121
2008-05-29 20:00:00,99967.9205,94877.7618,97678.796,97345.7597,98178.3594,98648.7368
2008-05-30 20:00:00,100223.464,95171.1413,98047.4072,97394.4221,98553.7647,99284.0275
2008-06-02 20:00:00,99174.4584,94976.1763,97866.0548,96511.5462,98376.4034,98073.0046
2008-06-03 20:00:00,98249.5511,95313.4868,98237.5694,95941.5003,98754.7742,97536.978
2008-06-04 20:00:00,99809.2496,95156.7831,97932.726,95962.3557,98453.2636,98787.7066
2008-06-05 20:00:00,101124.6461,95517.3766,98183.6825,97769.8182,98710.4767,100356.0806
2008-06-06 20:00:00,98900.1743,94792.6887,97343.5808,94808.3604,97870.803,97318.5969
2008-06-09 20:00:00,98170.5384,95121.5793,97557.1508,94975.2031,98090.4233,96822.276
2008-06-10 20:00:00,98714.7503,94448.4239,96552.0971,94641.5177,97084.7803,96365.6608
2008-06-11 20:00:00,96508.9077,94325.7624,96348.3571,93119.0781,96884.7704,94023.0263
2008-06-12 20:00:00,95957.6909,94778.7672,97014.8859,93466.6671,97559.8544,94142.1433
2008-06-13 20:00:00,97280.3312,95288.6322,97603.3358,94822.2639,98156.4878,96028.1626
2008-06-16 20:00:00,98650.1684,94669.1024,97093.9935,94815.3122,97649.1667,96881.8345
2008-06-17 20:00:00,97818.9526,95129.4199,97387.5835,94196.6038,97949.3178,96365.6608
2008-06-18 20:00:00,97246.7604,94563.0137,96861.0666,93376.2939,97424.6614,95293.6077
2008-06-19 20:00:00,99027.3591,94438.6034,96714.9678,93647.4133,97282.5838,96901.6873
2008-06-20 20:00:00,97157.833,93587.7188,95825.7832,91935.0302,96393.0448,94207.7639
2008-06-23 20:00:00,96010.1818,93903.0825,96204.9417,91962.9762,96779.2674,93472.697
2008-06-24 20:00:00,95902.9377,93484.6231,95811.6312,91690.5036,96388.4479,92995.8969
2008-06-25 20:00:00,97081.8775,93828.9848,96175.2682,92221.4757,96759.0935,94505.764
2008-06-26 20:00:00,94914.5656,92822.0292,94391.3079,89573.6016,94969.1418,90691.3628
2008-06-27 20:00:00,95013.8929,92875.3068,94283.2025,89287.1561,94865.123,90691.3628
2008-06-30 20:00:00,94299.3043,92936.0682,93989.3394,89315.102,94574.1894,89737.7625
2008-07-01 20:00:00,96399.0147,91971.8187,93235.5551,89685.3852,93820.4434,91009.2296
2008-07-02 20:00:00,93792.785,92268.1328,93515.8306,88078.4958,94107.1682,88823.8955
2008-07-03 17:00:00,93120.3826,93010.0372,94013.1409,88127.4011,94612.3285,88664.9621
2008-07-07 20:00:00,92826.276,93477.2942,94872.1057,87393.8212,95481.4985,89201.3623
2008-07-08 20:00:00,94948.6884,93405.3652,94973.0103,88923.8593,95587.8253,91346.963
2008-07-09 20:00:00,92444.2039,93554.8049,94926.9511,86932.7138,95546.2473,88903.3622
2008-07-10 20:00:00,93388.3621,93557.6459,95070.6938,87596.429,95695.7051,89956.2959
2008-07-11 20:00:00,92862.6685,92463.5266,94079.1199,86646.2683,94702.3972,88525.8954
2008-07-14 20:00:00,90985.9601,93398.3006,95298.9647,85807.8913,95935.0586,87870.2952
2008-07-15 20:00:00,91456.9111,92625.5776,94820.1827,84836.7712,95457.8777,87890.1619
2008-07-16 20:00:00,93472.8021,92720.109,95072.6393,86960.6597,95716.805,90075.4959
2008-07-17 20:00:00,93529.6102,93222.0181,95634.0439,87959.7257,96286.7992,90671.4961
2008-07-18 20:00:00,92385.3394,93417.2772,94581.5623,87973.6987,95231.9482,88585.4954
2008-07-21 20:00:00,91929.0585,93850.3143,95446.5,88022.604,96107.5952,88962.9622
2008-07-22 20:00:00,93490.367,93234.8014,93843.1373,89210.3048,94497.9325,88962.9622
2008-07-23 20:00:00,94569.6388,93383.4744,93985.1405,89580.588,94645.6514,90135.096
2008-07-24 20:00:00,92718.3333,93488.0512,94415.4618,87631.3614,95083.7292,88784.1622
2008-07-25 20:00:00,93311.4812,93833.6868,95023.4169,87833.9692,95700.7415,89936.4292
2008-07-28 20:00:00,91595.2459,93657.33,94976.6849,86324.8905,95658.4615,88247.762
2008-07-29 20:00:00,93089.5348,93978.5831,95378.1849,88218.2253,96067.6265,90075.4959
2008-07-30 20:00:00,93289.6077,94532.0843,95646.8867,89741.277,96343.074,90532.4294
2008-07-31 20:00:00,93987.9234,93784.0537,94697.5992,88623.4409,95391.6941,90313.896
2008-08-01 20:00:00,92682.1387,93986.377,94797.0192,88106.4417,95496.6124,89161.629
2008-08-04 20:00:00,91768.6537,93929.5086,94771.157,87275.0511,95475.3342,88267.6287
2008-08-05 20:00:00,93890.1379,94751.9211,95747.6188,89720.3175,96463.8251,91247.6296
2008-08-06 20:00:00,95274.8948,94474.187,95784.5243,90188.4114,96505.8299,92638.2968
2008-08-07 20:00:00,95105.6868,93635.1572,95204.576,88630.4274,95926.3396,91923.0965
2008-08-08 20:00:00,97322.2581,93438.5699,95138.0882,90558.6946,95864.144,94009.0972
2008-08-11 20:00:00,98243.2909,93311.3508,95093.1208,91278.3016,95823.6266,94863.3642
2008-08-12 20:00:00,98300.1152,93049.5702,95068.4513,90293.2085,95803.5588,94903.0975
2008-08-13 20:00:00,98418.7963,92713.7292,94964.1914,89999.7766,95703.2829,94922.9642
2008-08-14 20:00:00,99925.1442,91996.5753,94482.436,90488.8298,95222.5632,95896.4312
2008-08-15 20:00:00,99547.9872,92276.0909,94595.1543,90859.113,95340.9256,95658.0311
2008-08-18 20:00:00,98100.2854,92548.199,94885.1135,89594.561,95637.9379,94565.3641
2008-08-19 20:00:00,97308.7564,91951.7942,94461.7584,88728.238,95216.0058,93393.2303
2008-08-20 20:00:00,96790.0087,92222.328,95120.1364,89224.2778,95884.4015,93552.1637
2008-08-21 20:00:00,97054.3755,91524.4788,94408.3928,89412.9126,95171.7334,93115.0969
2008-08-22 20:00:00,97894.7286,92027.6568,94826.6671,90481.8434,95598.1483,94346.8307
2008-08-25 20:00:00,96685.8699,91511.4353,94162.9912,88784.1298,94933.8528,92538.9634
2008-08-26 20:00:00,96473.2431,91478.0554,94057.2064,89035.6429,94831.9488,92240.9633
2008-08-27 20:00:00,97049.9589,91552.4409,94093.0193,89748.2634,94872.7982,92836.9635
2008-08-28 20:00:00,97438.1049,92068.1286,94470.8884,91040.7614,95258.5425,93591.8971
2008-08-29 20:00:00,96388.2083,91618.4103,93483.5553,89908.9524,94267.7404,91625.0964
2008-09-02 20:00:00,93668.8074,92589.1749,94999.1038,89496.7503,95800.7154,90492.6961
2008-09-03 20:00:00,93024.9575,92432.76,94744.0818,89398.9397,95548.3315,89638.4291
2008-09-04 20:00:00,90531.899,91713.0052,94193.3902,86681.2007,94997.7427,86737.8948
2008-09-05 20:00:00,90966.6446,91139.2327,93368.8571,87079.4298,94170.9186,86400.1614
2008-09-08 20:00:00,89618.8814,93628.1352,94502.0478,88902.8999,95318.5522,86161.7613
2008-09-09 20:00:00,87526.8757,93513.0866,94475.533,85891.729,95296.5742,84135.3607
2008-09-10 20:00:00,87236.5973,94231.019,95608.5311,86352.8364,96444.1835,84870.4276
2008-09-11 20:00:00,90312.3902,93097.9748,94439.9764,87687.2532,95270.2374,86797.4949
2008-09-12 20:00:00,90851.0442,92188.3759,93440.9219,87847.9421,94267.1633,86400.1614
2008-09-15 20:00:00,90096.552,89287.7582,91094.3183,84089.2183,91904.5234,83539.3605
2008-09-16 20:00:00,92068.6109,86976.1741,89854.9535,85130.2032,90658.7308,84214.8274
2008-09-17 20:00:00,88413.807,85437.1615,88748.2061,81287.6417,89546.6162,79883.8926
2008-09-18 20:00:00,89420.4444,86607.7883,90708.1035,84221.9614,91528.6229,82585.7602
2008-09-19 20:00:00,87638.5965,92196.9533,95568.4689,87869.5479,96437.5302,85285.474
2008-09-22 20:00:00,83820.2747,91742.6022,95207.258,84812.9103,96077.8564,81269.7011
2008-09-23 20:00:00,82534.3659,91859.6291,95947.7599,83407.5597,96829.9336,80653.4191
2008-09-24 20:00:00,82611.1354,92211.0212,96510.5608,83484.8539,97402.7505,81210.0609
2008-09-25 20:00:00,83147.9946,92796.2632,97403.508,85023.7129,98308.8226,82502.2651
2008-09-26 20:00:00,84917.7711,91365.1684,94605.6215,85255.5957,95489.8467,81846.223
2008-09-29 20:00:00,79766.9936,89711.4637,92509.7784,79416.3639,93379.1895,75186.4016
2008-09-30 20:00:00,82279.5143,90095.9236,92260.5475,81889.781,93132.2852,77353.3285
2008-10-01 20:00:00,81491.5842,89063.209,92089.9556,81510.3363,92964.738,76478.6057
2008-10-02 20:00:00,78163.9313,88252.5802,91558.7124,78249.9229,92433.0967,72939.9543
2008-10-03 20:00:00,75894.4019,89421.0647,92976.5511,77273.2042,93869.0974,71926.0711
2008-10-06 20:00:00,75051.1626,87099.1431,90607.6561,74680.3323,91482.1552,69321.7827
2008-10-07 20:00:00,70073.883,87553.7223,91356.6737,70084.8357,92242.9761,65266.2497
2008-10-08 20:00:00,71539.8473,85583.0288,88903.3129,69136.2241,89770.426,64848.7684
2008-10-09 20:00:00,68080.239,86666.0429,90261.5795,64449.3797,91146.4289,62661.9613
2008-10-10 20:00:00,69907.189,82267.934,87336.1651,63556.9821,88196.8934,62264.36
2008-10-13 20:00:00,74988.2396,85447.2122,91626.1052,70745.3505,92533.5223,70077.2251
2008-10-14 20:00:00,69611.8888,88820.7696,93960.9138,70204.2905,94896.0803,66717.4944
2008-10-15 20:00:00,63899.7733,86638.2595,93200.2728,63767.7847,94132.6136,60753.4752
2008-10-16 20:00:00,66903.8705,87073.0857,93958.0496,66339.5763,94902.6775,64133.0861
2008-10-17 20:00:00,68231.4201,84882.9126,92234.962,66114.7202,93167.0117,64212.6063
2008-10-20 20:00:00,69144.4256,86087.544,93543.9132,69206.4916,94493.8484,66001.8121
2008-10-21 20:00:00,66642.7926,84807.0917,92017.7386,67105.4924,92956.9002,62582.4411
2008-10-22 20:00:00,64939.9311,82760.3768,91691.6018,63514.8215,92632.0826,60773.3553
2008-10-23 20:00:00,64936.6841,82756.2388,91447.0654,63971.5605,92389.6696,60614.3147
2008-10-24 20:00:00,67877.7857,76361.7631,84664.193,61512.1969,85541.5012,58666.0685
2008-10-27 20:00:00,66757.4451,74997.146,83684.4998,59600.9201,84555.9333,57035.9032
2008-10-28 20:00:00,71654.1486,77265.769,86626.3366,65889.8641,87532.6322,63377.6436
2008-10-29 20:00:00,71875.1167,77130.0669,86703.5232,64899.0919,87615.0029,63636.0845
2008-10-30 20:00:00,72179.2451,80015.6651,88568.1487,67063.3319,89503.6112,65286.1298
2008-10-31 20:00:00,73335.1421,79667.9256,87296.1493,68250.8532,88222.6521,65385.5301
2008-11-03 21:00:00,73286.8133,79426.0785,87159.0753,67976.8098,88088.5344,65246.3696
2008-11-04 21:00:00,74224.9699,81302.2573,88854.3458,70464.2804,89806.2876,67373.5365
2008-11-05 21:00:00,70812.1786,80430.687,87906.0387,67246.0275,88852.3111,63596.3243
2008-11-06 21:00:00,68717.3288,79418.1302,86527.6822,63809.9452,87463.5598,60753.4752
2008-11-07 21:00:00,69313.9473,80148.7836,87542.661,65440.1519,88493.8897,62005.9192
2008-11-10 21:00:00,66708.7694,81934.8488,89727.552,64765.5836,90706.9462,61170.9565
2008-11-11 21:00:00,65873.763,80632.8799,88877.4046,63353.2062,89852.0547,59838.9923
2008-11-12 21:00:00,63739.0634,78902.7895,87603.2835,60240.3546,88568.4539,57075.6634
2008-11-13 21:00:00,67857.4167,79230.1753,87293.7718,63978.5873,88259.9605,60554.6746
2008-11-14 21:00:00,66031.1248,77773.008,85340.6295,61610.5714,86289.6134,57612.4251
2008-11-17 21:00:00,65749.6999,76642.617,83893.405,59938.2042,84830.6102,56399.7412
2008-11-18 21:00:00,65101.8075,76486.0388,84451.0625,60549.5317,85398.7391,56220.8206
2008-11-19 21:00:00,61568.384,76233.6815,84805.1896,57155.61,85761.11,53397.8516
2008-11-20 21:00:00,59314.2188,75039.5971,83759.039,53368.19,84707.4553,50813.4433
2008-11-21 21:00:00,60816.3428,76507.9847,85229.482,56403.7474,86198.7837,53020.1303
2008-11-24 21:00:00,63249.5318,78076.8288,86950.9018,59650.1073,87944.0909,56260.5808
2008-11-25 21:00:00,62273.6397,80225.1193,87899.02,60472.2374,88907.4361,56002.1399
2008-11-26 21:00:00,65506.9697,78617.7243,87052.1424,62552.1564,88055.2881,58347.9875
2008-11-28 18:00:00,65751.9978,78295.8606,86069.0093,63114.2966,87065.2287,57910.6261
2008-12-01 21:00:00,62126.5826,76234.7399,84203.2752,57710.7235,85182.2525,53537.012
2008-12-02 21:00:00,63329.5968,77446.8969,85355.9611,59917.1239,86352.5991,55326.2178
2008-12-03 21:00:00,66804.5394,75780.918,83204.7593,61420.8491,84180.597,56896.7428
2008-12-04 21:00:00,65900.0374,74589.3946,81892.3481,59727.4016,82857.0027,55246.6975
2008-12-05 21:00:00,69473.8301,73339.5835,80886.332,61814.3473,81843.279,57532.9048
2008-12-08 21:00:00,70620.8186,75361.7798,82699.016,63985.614,83681.5006,59799.2321
2008-12-09 21:00:00,71402.4921,74778.6876,81595.1601,62924.5743,82568.7147,59660.0717
2008-12-10 21:00:00,70948.2085,75434.6379,81835.7842,63416.447,82816.3383,59461.271
2008-12-11 21:00:00,69207.2511,74812.3439,81558.0857,61856.5078,82539.4531,57811.2257
2008-12-12 21:00:00,71616.8748,72709.4724,80432.1634,62165.6849,81404.1099,59004.0296
2008-12-15 21:00:00,70216.5964,73149.6384,80590.7405,61470.0364,81568.6735,57970.2663
2008-12-16 21:00:00,72933.919,73873.4636,81305.2841,64554.781,82295.9662,60753.4752
2008-12-17 21:00:00,72785.61,73049.5791,80476.4597,63957.507,81461.1576,60017.9128
2008-12-18 21:00:00,71504.1842,73318.7991,80472.4359,62678.6379,81461.1576,58964.2694
2008-12-19 21:00:00,71333.3757,73828.0623,81318.8692,62536.2539,82322.0636,59448.0591
2008-12-22 21:00:00,69777.0062,74133.7998,81314.8032,61324.915,82322.0636,58153.9787
2008-12-23 21:00:00,69131.1787,74917.9307,81644.7935,61055.7286,82660.2576,57855.3448
2008-12-24 18:00:00,68796.2713,75157.5659,82034.0448,61388.6697,83058.4832,57855.3448
2008-12-26 21:00:00,68627.9089,75691.5151,82425.1518,61700.3592,83458.6273,57994.7073
2008-12-29 21:00:00,67872.6483,75887.6048,82647.3955,61551.5983,83687.8306,57516.8931
2008-12-30 21:00:00,69087.5418,76565.0433,82872.1241,62954.2012,83919.5726,58711.4287
2008-12-31 21:00:00,69740.7239,76733.5231,82783.6752,63988.4438,83834.2017,59209.1519
2009-01-02 21:00:00,72737.8462,76874.098,82807.3718,65901.084,83862.3907,61777.4036
2009-01-05 21:00:00,73182.4801,76514.9295,82269.5068,65766.4908,83321.8661,61757.4947
2009-01-06 21:00:00,73366.1682,77211.639,82875.3864,66191.522,83939.6621,62374.6715
2009-01-07 21:00:00,72670.141,76017.873,81284.0983,64193.8755,82332.1358,60602.7769
2009-01-08 21:00:00,73575.4822,75628.1946,81119.8158,64470.1458,82169.8517,61239.8626
2009-01-09 21:00:00,71898.0031,75840.47,81142.1317,63053.3752,82196.5649,59866.1466
2009-01-12 21:00:00,70485.5798,75708.8713,81246.0122,61587.0176,82305.9052,58771.1555
2009-01-13 21:00:00,70529.8262,75478.6733,81214.4276,61664.94,82278.0238,58791.0644
2009-01-14 21:00:00,69173.2095,74226.3148,80275.2871,59653.1257,81330.6981,56999.2609
2009-01-15 21:00:00,70259.2834,74169.7169,80103.0401,59816.0544,81160.2531,57775.7091
2009-01-16 21:00:00,70065.2367,75448.4313,81423.9646,60226.9178,82502.6694,58572.0662
2009-01-20 21:00:00,66857.3848,74796.8424,81087.7766,57053.3517,82166.1527,55665.3627
2009-01-21 21:00:00,68547.2293,76139.7058,82446.7857,59518.5325,83547.3434,58034.5252
2009-01-22 21:00:00,69120.6369,74695.026,80660.7946,58682.6379,81741.689,57258.077
2009-01-23 21:00:00,70607.587,72924.0019,79338.5914,58873.9019,80405.8547,57536.802
2009-01-26 21:00:00,71018.8213,73323.9779,79444.4357,59313.1008,80517.1431,57954.8895
2009-01-27 21:00:00,71503.037,73626.8134,79467.7546,59922.3122,80544.8027,58372.977
2009-01-28 21:00:00,72818.7061,75215.9571,80791.8576,61898.7071,81890.8789,60443.5055
2009-01-29 21:00:00,71843.5013,74136.207,79776.5892,59908.1444,80865.8942,58890.6091
2009-01-30 21:00:00,70055.8759,74509.4491,80365.9354,58576.3801,81467.3309,57855.3448
2009-02-02 21:00:00,71585.9104,73442.4614,79587.5722,58455.9546,80682.3738,58552.1573
2009-02-03 21:00:00,72553.9756,73946.087,79745.9612,59306.0169,80846.9757,59467.968
2009-02-04 21:00:00,72477.6485,74472.3425,79928.8577,59029.7467,81036.4397,59547.6037
2009-02-05 21:00:00,75153.8291,73941.3336,78775.767,59908.1444,79871.4223,60861.593
2009-02-06 21:00:00,76840.2977,74191.1897,79055.287,61629.5207,80158.8236,62454.3072
2009-02-09 21:00:00,77105.7272,74170.4246,79101.736,61721.6108,80209.929,62713.1233
2009-02-10 21:00:00,74736.9678,73426.1185,78595.5477,58739.3087,79700.6596,60403.6876
2009-02-11 21:00:00,74290.4181,73891.7651,78695.2376,59242.2623,79805.7363,60124.9626
2009-02-12 21:00:00,76078.6333,72580.4081,77779.272,59228.0946,78880.8354,60861.593
2009-02-13 21:00:00,75950.0285,72489.9708,77546.3959,58611.7994,78648.6052,60582.868
2009-02-17 21:00:00,75250.8594,70234.724,75147.0664,56097.0316,76219.1051,58173.8877
2009-02-18 21:00:00,74812.1208,70781.099,75631.945,55941.1868,76714.7119,58213.7055
2009-02-19 21:00:00,73155.4951,71494.6029,76093.7499,55452.4009,77186.9639,57277.9859
2009-02-20 21:00:00,74179.6631,70047.9843,75296.4755,54814.8542,76382.0946,57477.0752
2009-02-23 21:00:00,71237.3866,70841.0989,75710.0101,52880.9623,76805.4107,55506.0913
2009-02-24 21:00:00,73192.1535,71425.9223,76059.2483,54878.6088,77163.5421,57297.8948
2009-02-25 21:00:00,73137.3285,71164.1962,75606.1725,54425.2423,76707.7463,56919.6252
2009-02-26 21:00:00,70617.8288,72086.8933,76104.8467,53511.4252,77217.5215,55326.911
2009-02-27 21:00:00,70691.3356,70632.7716,75306.8563,52370.9249,76411.7251,54809.2788
2009-03-02 21:00:00,69436.6269,69263.017,74181.5577,49997.8342,75273.7372,53037.3842
2009-03-03 21:00:00,68812.7236,70221.2676,74790.459,49636.5577,75895.3671,52997.5664
2009-03-04 21:00:00,69624.5392,71470.4551,75882.4475,50769.9741,77007.2827,54411.1003
2009-03-05 21:00:00,68281.6292,69861.3641,75045.6957,48729.8245,76161.9778,52778.5682
2009-03-06 21:00:00,67381.4582,70528.1502,75438.2617,48765.2437,76564.1911,52360.4807
2009-03-09 20:00:00,66474.16,69633.2889,74832.131,48248.1225,75952.8421,51245.5807
2009-03-10 20:00:00,69205.7732,71061.1184,76311.0773,51117.0829,77457.7352,54411.1003
2009-03-11 20:00:00,69553.2296,71914.3167,77089.0803,51435.8563,78251.3015,55247.2753
2009-03-12 20:00:00,71907.4885,71881.0084,77029.6662,53504.3414,78194.9042,57078.8966
2009-03-13 20:00:00,72104.6119,72277.1234,76998.947,53943.5403,78167.63,57218.2591
2009-03-16 20:00:00,70431.1107,73061.2969,77504.1367,53808.9471,78684.3959,56262.6306
2009-03-17 20:00:00,72733.96,73096.1174,77884.2169,55424.0655,79074.1982,58392.8859
2009-03-18 20:00:00,73950.4411,72653.3628,77561.6692,56592.9013,78750.6761,59129.5162
2009-03-19 20:00:00,72890.6595,73631.901,78628.5078,55849.0967,79837.8067,59089.6984
2009-03-20 20:00:00,71634.9356,74080.6638,78781.14,54686.8666,79996.7783,58190.3223
2009-03-23 20:00:00,74027.1711,76454.4997,80721.0811,58660.8502,81970.6535,61620.3207
2009-03-24 20:00:00,73274.5004,75511.501,80037.8385,57505.0417,81280.9328,60483.6352
2009-03-25 20:00:00,72983.3917,76144.7952,80719.9506,58018.7344,81977.7031,60762.8211
2009-03-26 20:00:00,74280.4835,77058.6207,81749.0876,59295.8314,83026.9747,62637.3552
2009-03-27 20:00:00,73655.3755,76099.7638,80886.1272,58225.6384,82154.676,61460.7859
2009-03-30 20:00:00,73020.0833,74342.8948,79569.8485,56192.2715,80821.8616,59945.2052
2009-03-31 20:00:00,73016.4323,75084.872,80254.0989,56677.4257,81520.9197,60463.6934
2009-04-01 20:00:00,75036.9511,74202.103,79244.2631,57790.4265,80499.2195,61361.0767
2009-04-02 20:00:00,76087.3582,76177.1157,80656.7567,59495.6008,81938.1071,63335.3199
2009-04-03 20:00:00,76700.0298,76282.9273,81490.7821,60123.4474,82789.4791,64511.8892
2009-04-06 20:00:00,77367.5298,75473.467,80579.8549,59559.8124,81868.1742,64352.3544
2009-04-07 20:00:00,76127.5261,74330.5394,79701.8579,58225.6384,80980.2331,62637.3552
2009-04-08 20:00:00,76651.55,74718.4677,80509.8624,58853.485,81805.2466,63714.2151
2009-04-09 20:00:00,77566.1231,76743.6973,82017.7592,61229.3136,83341.4953,65688.4584
2009-04-13 20:00:00,77680.3418,75961.8711,81764.667,61236.4482,83088.4853,65588.7492
2009-04-14 20:00:00,77201.2034,75267.7519,81263.378,60201.9283,82583.2346,64791.0751
2009-04-15 20:00:00,77532.3764,74826.9039,80684.0431,60865.448,81998.6195,64611.5984
2009-04-16 20:00:00,78401.7716,75402.0602,81800.6206,61800.0833,83137.4892,66246.8302
2009-04-17 20:00:00,78728.7604,75598.5034,81673.4111,62171.0835,83012.3575,66426.3069
2009-04-20 20:00:00,77593.5945,74197.9643,80198.1762,59509.8701,81517.0884,64292.5288
2009-04-21 20:00:00,78966.687,73642.729,79895.6619,60701.3517,81213.6749,65189.9121
2009-04-22 20:00:00,79667.3645,72981.2133,79427.2996,60337.486,80741.6468,65389.3306
2009-04-23 20:00:00,79928.939,73124.2688,79932.0117,60908.2557,81258.748,66027.4699
2009-04-24 20:00:00,80764.0286,73694.5058,80483.2662,61842.891,81823.2153,67184.0973
2009-04-27 20:00:00,81509.1481,72900.144,79834.2292,61243.5829,81167.4638,67263.8647
2009-04-28 20:00:00,81407.8064,72157.6462,79333.1966,61043.8135,80662.1223,66765.3184
2009-04-29 20:00:00,81813.7901,72972.0948,79969.0138,62328.0452,81312.6233,67642.7598
2009-04-30 20:00:00,81548.0095,73987.5162,81073.0766,62463.603,82439.3017,68360.6665
2009-05-01 20:00:00,81781.8895,73924.6606,81045.3727,62670.507,82415.2529,68540.1432
2009-05-04 20:00:00,82721.0748,74510.0726,81772.3086,64867.9701,83158.5968,69956.0146
2009-05-05 20:00:00,82764.2079,74252.2982,81581.7381,64611.1238,82968.9535,69836.3635
2009-05-06 20:00:00,82150.3022,75191.498,82206.6445,65716.9899,83608.6341,69856.3053
2009-05-07 20:00:00,79677.2602,75987.7348,82765.7541,64853.7009,84181.4595,68221.0735
2009-05-08 20:00:00,79118.5174,76953.6359,83390.6452,66344.8365,84821.2484,68260.9572
2009-05-11 20:00:00,80425.7887,75865.701,82314.5538,65024.9317,83730.9373,68500.2595
2009-05-12 20:00:00,79276.8332,76269.7879,82478.1825,64932.1817,83901.5681,67662.7017
2009-05-13 20:00:00,77834.9012,75168.1453,81744.8085,63355.4305,83159.7328,65847.9932
2009-05-14 20:00:00,78512.9467,75096.6679,81938.7705,63819.1809,83361.21,66585.8417
2009-05-15 20:00:00,78579.6685,75008.9592,81811.974,63305.4882,83236.3804,66545.958
2009-05-18 20:00:00,80072.4951,75732.22,82371.7657,65096.278,83810.0804,68280.8991
2009-05-19 20:00:00,80631.0617,75695.2321,82175.1897,65010.6625,83614.2624,68599.9687
2009-05-20 20:00:00,80043.2548,76389.2523,82481.6267,64575.4507,83930.2466,68360.6665
2009-05-21 20:00:00,79168.7057,75499.2467,81851.9127,63669.3538,83293.6694,67104.3299
2009-05-22 20:00:00,78602.2698,75639.2959,82164.0385,63526.6614,83615.4578,66884.9695
2009-05-26 20:00:00,82238.8659,75032.3704,81449.5078,65139.0857,82892.4857,69377.7009
2009-05-27 20:00:00,81902.8588,75151.8921,81211.3177,64004.681,82654.2204,68899.0965
2009-05-28 20:00:00,82370.0114,75742.916,81700.8715,64875.1047,83156.605,69716.7124
2009-05-29 20:00:00,83520.0624,76163.9489,81720.1563,65931.0286,83180.3912,70713.805
2009-06-01 20:00:00,84987.2969,77206.8695,82407.4422,67621.9336,83884.117,72568.3971
2009-06-02 20:00:00,85570.1385,76917.9026,81950.4092,67693.2798,83423.0886,72668.1064
2009-06-03 20:00:00,85565.86,76241.1872,81698.9312,66808.5869,83171.2626,72448.746
2009-06-04 20:00:00,86337.1031,76530.4852,81874.7503,67493.5105,83354.4088,73266.3619
2009-06-05 20:00:00,85912.3134,77254.75,82360.9246,67443.5681,83853.537,73346.1293
2009-06-08 20:00:00,86190.0828,76678.8114,81841.7708,67279.4718,83329.1674,73126.769
2009-06-09 20:00:00,86443.127,76975.8382,82217.0925,67507.7797,83715.4766,73685.1408
2009-06-10 20:00:00,85647.8828,77671.6218,82680.2506,67308.0103,84191.2615,73425.8967
2009-06-11 20:00:00,85760.0647,77881.8004,82563.8403,67671.876,84076.9333,73425.8967
2009-06-12 20:00:00,85709.0028,77491.987,82223.3575,67843.1069,83734.4146,73086.8853
2009-06-15 20:00:00,84713.0429,76599.8353,81434.0301,66266.3557,82934.768,71551.3627
2009-06-16 20:00:00,83557.0483,76843.4208,81793.0979,65381.6628,83304.5998,70893.2816
2009-06-17 20:00:00,83927.3559,76806.0372,82134.1268,65296.0473,83656.096,71511.479
2009-06-18 20:00:00,83899.7357,76911.2964,82061.3078,65695.5861,83586.1104,71431.7116
2009-06-19 20:00:00,84151.5455,77737.3626,82685.6926,66038.5505,84226.2764,72198.4201
2009-06-22 20:00:00,82385.8626,76964.886,81926.9599,64051.08,83457.6185,70042.0514
2009-06-23 20:00:00,81960.2125,77150.7126,82156.4068,64115.6548,83695.525,69882.3204
2009-06-24 20:00:00,82629.442,77863.4519,82856.4967,64682.4786,84412.9152,71060.3366
2009-06-25 20:00:00,84821.9077,77436.3408,82316.8947,66009.8506,83867.3976,72477.9494
2009-06-26 20:00:00,85451.7174,77230.4612,81904.5959,65930.9257,83451.5263,72657.6468
2009-06-29 20:00:00,85400.5834,77428.3116,82080.5602,66497.7495,83634.9866,72777.4451
2009-06-30 20:00:00,84999.1014,77457.8577,82301.6429,65952.4507,83864.4379,72637.6804
2009-07-01 20:00:00,84599.6149,77841.6111,82704.7377,66253.8,84279.3801,72657.6468
2009-07-02 20:00:00,83423.6451,76842.9919,82041.5101,64467.2291,83607.739,71080.303
2009-07-06 20:00:00,83490.2119,76103.6465,81530.4099,64431.3541,83091.062,70700.9418
2009-07-07 20:00:00,81342.2424,76040.5177,81595.4074,63218.7819,83161.4582,68943.9006
2009-07-08 20:00:00,81267.9316,76416.4436,82087.5638,63139.8571,83667.2186,69303.2954
2009-07-09 20:00:00,81100.5859,76916.2766,82390.9035,63283.3567,83980.579,69423.0937
2009-07-10 20:00:00,81681.3346,76537.4422,82149.8242,63103.9821,83739.0473,69722.5893
2009-07-13 20:00:00,83196.3598,76812.0915,82216.2922,64668.1286,83810.988,71080.303
2009-07-14 20:00:00,83590.0447,77029.8324,82096.709,65026.8778,83693.276,71319.8995
2009-07-15 20:00:00,84966.758,78045.9059,83471.6083,66906.7235,85099.0981,73715.8648
2009-07-16 20:00:00,86372.8423,77841.1348,83083.0855,67530.9471,84707.255,74594.3854
2009-07-17 20:00:00,86854.1541,77787.6202,83056.6928,67566.822,84684.5817,74993.7129
2009-07-20 20:00:00,87217.8375,78246.3099,83494.8014,68212.5706,85135.5113,75712.5025
2009-07-21 20:00:00,87465.485,78917.2895,83820.9067,68571.3198,85472.2816,76231.6283
2009-07-22 20:00:00,88124.943,78409.6338,83882.5781,68556.9698,85539.4416,76870.5524
2009-07-23 20:00:00,90159.8295,78446.744,83791.2332,70099.5913,85450.5694,78567.6945
2009-07-24 20:00:00,91081.4625,77977.1194,82913.9965,70386.5907,84560.2331,78547.7281
2009-07-27 20:00:00,91146.3832,77861.9382,82888.7746,70565.9652,84538.7384,78587.6608
2009-07-28 20:00:00,91793.0376,77327.6181,82526.6247,70393.7656,84173.6066,78807.291
2009-07-29 20:00:00,91835.1382,76748.3857,82208.868,70085.2413,83853.7171,78547.7281
2009-07-30 20:00:00,91437.7924,77648.1175,83061.5352,70817.0897,84727.6374,79026.9211
2009-07-31 20:00:00,91109.7105,77620.6338,83036.3964,70896.0145,84706.2307,78727.4255
2009-08-03 20:00:00,91516.4856,78457.2961,83958.8491,72072.7118,85651.4689,79965.3409
2009-08-04 20:00:00,91948.2493,78125.3288,83535.381,72237.7365,85223.7462,79945.3745
2009-08-05 20:00:00,91004.2355,78199.0201,83718.9711,72015.312,85415.308,79306.4504
2009-08-06 20:00:00,89994.1136,78545.7086,83925.5579,71670.9127,85630.3516,78627.5936
2009-08-07 20:00:00,89899.4394,79383.1459,85072.1946,72610.8356,86804.5616,79625.9125
2009-08-10 20:00:00,89578.2378,79018.3442,84769.2924,72452.986,86499.8315,79066.8539
2009-08-11 20:00:00,89097.1582,78654.4365,84486.7709,71505.8881,86215.8674,78387.9971
2009-08-12 20:00:00,90568.9499,78555.7965,84417.9871,72302.3113,86149.9867,79625.9125
2009-08-13 20:00:00,90519.2612,78972.8286,84900.6302,72876.31,86646.8397,80045.2064
2009-08-14 20:00:00,89969.8488,78992.2056,84430.48,72273.6114,86171.3519,79126.753
2009-08-17 20:00:00,88856.8922,77513.9648,82998.8444,70508.5654,84714.5059,76830.6196
2009-08-18 20:00:00,89563.8552,77715.1734,83512.3587,71147.1389,85242.8708,77928.7704
2009-08-19 20:00:00,91254.5187,77084.2995,82523.9227,71757.0125,84238.2149,78467.8626
2009-08-20 20:00:00,92365.0825,77088.153,82477.7996,72474.5109,84195.3456,79386.3159
2009-08-21 20:00:00,93053.3756,77702.4691,82950.7857,73880.8077,84682.3911,80444.5339
2009-08-24 20:00:00,92795.1087,78030.6136,83090.7572,73873.6328,84829.5186,80364.6684
2009-08-25 20:00:00,92859.4787,78314.7038,83272.3956,74002.7825,85019.1995,80604.2649
2009-08-26 20:00:00,92900.9427,78067.8105,83082.5863,74024.3074,84829.6596,80464.5003
2009-08-27 20:00:00,93149.9363,77988.238,83057.8162,74210.857,84808.61,80664.1641
2009-08-28 20:00:00,92120.4018,78580.014,84081.6066,74139.1072,85858.2215,80763.996
2009-08-31 20:00:00,91794.4989,77823.2135,83433.0193,73579.4584,85200.2228,79865.509
2009-09-01 20:00:00,90386.1828,77318.4611,83199.4069,71893.3372,84965.9222,78427.9298
2009-09-02 20:00:00,90821.2175,76975.073,82750.4436,71606.3379,84511.6746,78387.9971
2009-09-03 20:00:00,90977.8703,77403.1485,83125.7019,72216.2115,84899.1454,78887.1565
2009-09-04 20:00:00,92766.2153,77576.1559,83268.8197,73242.2342,85049.5615,80584.2986
2009-09-08 20:00:00,92898.4003,78294.2338,83924.8649,73823.4079,85723.889,81343.0209
2009-09-09 20:00:00,93622.9064,78472.9473,83982.469,74447.6315,85787.0141,82041.8441
2009-09-10 20:00:00,94460.8542,78491.7125,84019.1472,75208.1797,85828.7698,82820.5328
2009-09-11 20:00:00,94478.8873,78607.5997,84075.7123,75186.6548,85890.8446,82900.3983
2009-09-14 20:00:00,95459.0342,77913.5368,83524.7734,75581.2789,85332.3059,83219.8604
2009-09-15 20:00:00,95820.9706,77998.3977,83460.4785,75868.2782,85270.8863,83479.4233
2009-09-16 20:00:00,96774.3893,78274.8022,83835.5806,77009.1007,85658.3885,84697.3723
2009-09-17 20:00:00,96998.2775,78176.0807,83613.9934,76887.1259,85436.2663,84677.4059
2009-09-18 20:00:00,96765.411,78529.8787,83947.2728,76936.1503,85781.081,84819.3009
2009-09-21 20:00:00,97608.9898,77929.914,83468.35,76734.2938,85295.9853,85079.1149
2009-09-22 20:00:00,97239.3012,78365.3067,83934.7522,77195.68,85776.8647,85239.0005
2009-09-23 20:00:00,96371.7044,78515.0746,84284.7936,76518.019,86138.8773,84839.2866
2009-09-24 20:00:00,95123.234,78703.479,84618.1156,75660.129,86483.8386,84079.8301
2009-09-25 20:00:00,94981.8066,78557.0601,83990.3616,75299.6711,85846.5677,83340.3592
2009-09-28 20:00:00,96064.376,78853.9731,84449.4183,76647.7839,86320.0619,84759.3438
2009-09-29 20:00:00,95629.1972,78983.5304,84445.1958,76438.7183,86320.0619,84379.6155
2009-09-30 20:00:00,95308.5844,79232.8529,84780.9945,76099.8878,86667.632,84439.5726
2009-10-01 20:00:00,92836.2096,79026.2305,84475.7578,74290.3887,86359.9363,81961.3461
2009-10-02 20:00:00,93196.3466,78217.0629,83874.1683,73922.7216,85749.2467,81701.532
2009-10-05 20:00:00,93509.3758,78457.2466,84259.8007,74982.468,86147.7877,82361.0601
2009-10-06 20:00:00,94632.9505,79034.1533,84725.856,76092.6786,86628.5931,83820.016
2009-10-07 20:00:00,94989.672,78828.0299,84620.6113,76251.2801,86525.3163,84039.8587
2009-10-08 20:00:00,94827.7664,79435.2163,85139.5992,76878.477,87060.3123,84419.5869
2009-10-09 20:00:00,95520.4534,79408.8978,84953.9368,77318.2357,86874.8145,84859.2723
2009-10-12 20:00:00,95336.5065,79804.7483,85329.841,77685.9028,87263.5619,85079.1149
2009-10-13 20:00:00,95443.8212,79548.9614,85245.3961,77498.4647,87181.5665,85099.1006
2009-10-14 20:00:00,95549.747,80462.572,86302.1968,78803.3226,88266.7293,86258.2711
2009-10-15 20:00:00,95834.3119,80105.2231,85837.9766,79048.434,87796.3551,86058.4141
2009-10-16 20:00:00,95561.4521,79436.4139,85514.7326,78478.9104,87470.1262,85498.8146
2009-10-19 20:00:00,96427.0376,79549.196,85590.4145,79199.8263,87551.9122,86358.1996
2009-10-20 20:00:00,95889.7153,79632.11,86081.3353,78724.0218,88058.4611,86378.1853
2009-10-21 20:00:00,95751.7715,79518.7437,86057.1142,77967.0601,88038.0867,86238.2854
2009-10-22 20:00:00,96302.9046,79522.1203,85873.3179,78824.95,87854.4615,86558.0566
2009-10-23 20:00:00,95020.8042,79794.5152,86701.7833,77916.596,88706.4327,86238.2854
2009-10-26 20:00:00,94554.1464,79879.1205,86797.9138,77015.451,88809.2211,85918.5142
2009-10-27 20:00:00,93249.9324,80009.7164,86672.4324,76705.4572,88685.2725,84619.4439
2009-10-28 20:00:00,91477.0797,79802.6838,86361.04,75249.2069,88371.0828,82720.8026
2009-10-29 20:00:00,92483.3023,80425.6164,86857.4867,76885.6861,88883.5027,84119.8015
2009-10-30 20:00:00,90059.9517,80157.6574,86791.2354,74658.0559,88820.1502,81861.4176
2009-11-02 21:00:00,90341.0047,80540.6602,86871.6529,75234.7886,88906.8887,82201.1745
2009-11-03 21:00:00,91109.3879,80019.5553,86402.6421,75443.8542,88431.3352,82460.9885
2009-11-04 21:00:00,90666.0683,80711.3766,86963.7294,75631.2924,89010.0182,82600.8884
2009-11-05 21:00:00,91832.539,81261.2652,87969.3641,77037.0785,90043.7663,84639.4296
2009-11-06 21:00:00,92874.472,80755.3078,87487.2099,77253.3533,89554.7446,85139.072
2009-11-09 21:00:00,94124.5963,81384.2903,88160.5534,79034.0157,90248.4786,86957.7705
2009-11-10 21:00:00,94466.4142,81157.5149,88054.8347,78990.7607,90144.7685,87177.6132
2009-11-11 21:00:00,94354.2205,81694.1614,88716.5964,79408.892,90826.7441,87737.2127
2009-11-12 21:00:00,93748.1101,81593.6605,88772.787,78572.6295,90888.8125,87237.5703
2009-11-13 21:00:00,94235.9322,81799.1985,89032.7346,79019.5974,91159.5008,87957.0554
2009-11-16 21:00:00,94785.5494,82377.203,89412.6552,80180.272,91553.0546,88856.4118
2009-11-17 21:00:00,95336.6117,82143.4768,89166.8548,80252.3636,91305.9479,89136.2116
2009-11-18 21:00:00,95095.9693,82117.2325,88882.5005,80216.3178,91019.3373,88636.5691
2009-11-19 21:00:00,94249.2752,81530.1068,88276.8219,79134.9439,90403.6484,87257.556
2009-11-20 21:00:00,94266.2642,81169.5171,87807.3675,78889.8325,89927.4038,86817.8706
2009-11-23 21:00:00,94798.497,82100.0615,88712.5839,79963.9973,90858.9722,88216.8695
2009-11-24 21:00:00,94514.4324,82192.1791,88667.9523,80014.4614,90817.8037,87917.084
2009-11-25 21:00:00,94595.3564,82291.7446,88965.8647,80288.4094,91127.4802,88296.8123
2009-11-27 18:00:00,95779.3976,80100.474,86524.823,78940.2966,88631.6846,86957.7705
2009-11-30 21:00:00,96105.5672,80118.4143,86321.6348,79214.2447,88427.9804,87057.699
2009-12-01 21:00:00,96385.4218,80960.2162,86971.2705,80201.8995,89097.8894,87977.0411
2009-12-02 21:00:00,96184.1649,80970.7228,87243.523,80252.3636,89381.2538,88076.9696
2009-12-03 21:00:00,95439.9793,81148.5166,87555.9061,79574.7026,89705.7603,87717.227
2009-12-04 21:00:00,94662.7615,82247.2203,88728.5159,80028.8797,90911.6477,88176.8981
2009-12-07 21:00:00,94271.5621,82169.018,88663.7473,79877.4873,90849.8311,87757.1984
2009-12-08 21:00:00,94202.0719,81601.2954,88154.5102,79019.5974,90332.5809,87197.5989
2009-12-09 21:00:00,95234.4488,81559.9918,88089.4874,79279.1271,90270.4682,88096.9553
2009-12-10 21:00:00,95294.2236,82126.9895,88464.779,79769.3499,90659.565,88536.6406
2009-12-11 21:00:00,94412.2557,82501.417,88939.6232,80151.4354,91150.7229,88196.8838
2009-12-14 21:00:00,94662.531,83016.7288,89539.7964,80670.4949,91770.3743,89036.2831
2009-12-15 21:00:00,94423.3264,82686.1493,89253.9373,80237.9453,91481.9826,88536.6406
2009-12-16 21:00:00,94185.0418,83038.613,89591.9841,80374.9193,91833.0421,88656.5548
2009-12-17 21:00:00,93476.5042,82438.6149,89183.5731,79394.4737,91419.0068,87597.3128
2009-12-18 21:00:00,94149.1963,82901.09,90010.7809,79865.585,92271.52,89054.87
2009-12-21 21:00:00,94713.3025,83378.4468,90431.2414,80691.8557,92707.1544,90015.8937
2009-12-22 21:00:00,94960.5198,83554.0213,90728.4255,80989.0232,93016.4532,90556.4696
2009-12-23 21:00:00,95458.6518,83766.6922,90904.4232,81155.727,93201.5401,91217.1735
2009-12-24 18:00:00,96228.2639,83934.5708,90999.6414,81612.3502,93303.8245,92058.0693
2009-12-28 21:00:00,96494.8709,84191.272,91212.7939,81663.0862,93527.0394,92538.5812
2009-12-29 21:00:00,96072.5905,84456.068,91227.9677,81626.8462,93547.2745,92158.1759
2009-12-30 21:00:00,96443.8866,84121.8801,91124.3101,81503.6304,93445.659,92418.4532
2009-12-31 21:00:00,95730.2248,84334.6179,91317.1636,80771.5836,93648.0976,91937.9413
2010-01-04 21:00:00,95911.4025,85003.9278,92127.9295,82141.4534,94484.2413,92939.0077
2010-01-05 21:00:00,95968.6319,84969.6754,92063.7833,82373.389,94423.1787,92939.0077
2010-01-06 21:00:00,95529.4927,84890.6626,92019.5146,82431.3729,94382.4966,92478.5172
2010-01-07 21:00:00,95442.0246,84752.0619,92054.7575,82779.2764,94423.3637,92438.4745
2010-01-08 21:00:00,96431.6561,84495.5198,91850.7726,83076.4439,94218.8513,93199.285
2010-01-11 21:00:00,95909.6083,84852.513,91964.5699,83163.4198,94340.2934,92818.8798
2010-01-12 21:00:00,95280.4013,84286.2352,91404.5342,82387.885,93770.5073,91657.6427
2010-01-13 21:00:00,96167.8536,84489.6408,91679.4885,83090.9399,94057.2673,92798.8584
2010-01-14 21:00:00,96370.8409,84389.6063,91536.4458,83308.3795,93915.2175,92858.9224
2010-01-15 21:00:00,95080.2483,84216.5195,91709.4947,82387.885,94097.4592,91797.792
2010-01-19 21:00:00,96378.8136,84175.2644,91924.932,83438.8433,94323.211,93279.3703
2010-01-20 21:00:00,95665.6333,83556.8511,91269.2255,82525.5968,93655.1136,91937.9413
2010-01-21 21:00:00,94476.7151,83574.689,91523.0461,80923.7913,93920.2522,91057.0028
2010-01-22 21:00:00,92013.1796,83271.0935,91236.7368,79155.2822,93631.1397,88414.1875
2010-01-25 21:00:00,91760.0626,84021.7911,91790.0082,79568.4175,94203.6127,88714.5074
2010-01-26 21:00:00,91942.063,83696.1366,91681.8417,79213.2661,94097.3121,88794.5927
2010-01-27 21:00:00,92830.5106,83592.3956,91511.8788,79590.1615,93927.5762,89495.3392
2010-01-28 21:00:00,91048.7084,83892.7143,90893.1295,78669.6669,93297.1898,87192.8864
2010-01-29 21:00:00,88721.8022,84305.8963,91639.9403,77821.6523,94068.418,85671.2654
2010-02-01 21:00:00,89441.2036,84914.1296,91870.9365,79046.5623,94310.2391,86592.2465
2010-02-02 21:00:00,90097.2713,85081.1759,92036.2777,80025.0408,94484.6858,87393.0997
2010-02-03 21:00:00,91026.0945,84691.6253,91588.8896,79597.4094,94030.1203,87873.6116
2010-02-04 21:00:00,89078.5947,84016.4591,90916.5397,77183.8293,93344.551,85370.9455
2010-02-05 21:00:00,89595.312,84043.8167,91103.8909,77307.0451,93541.5728,86051.6707
2010-02-08 21:00:00,89089.7165,84086.8921,90950.9581,76734.454,93389.2249,85431.0095
2010-02-09 21:00:00,88961.469,85099.3235,92033.4737,77698.4365,94505.4308,86331.9693
2010-02-10 21:00:00,88771.2976,84999.8081,92007.5285,77560.7247,94483.514,86131.756
2010-02-11 21:00:00,90087.1851,84908.1833,92024.3153,78372.4994,94505.4767,87433.1423
2010-02-12 21:00:00,91081.7993,84016.6148,91197.8802,78307.2675,93661.4845,87613.3343
2010-02-16 21:00:00,91573.1533,84642.3052,91860.2153,79546.6735,94346.3948,88734.5287
2010-02-17 21:00:00,91671.4196,85039.1118,92270.1539,79916.3209,94772.1457,89235.0619
2010-02-18 21:00:00,92304.8725,84911.4583,92203.4335,80387.4402,94708.3547,89795.6591
2010-02-19 21:00:00,92506.6173,84715.8155,91952.1252,80583.1359,94454.9545,89755.6165
2010-02-22 21:00:00,91947.0756,85001.1283,92316.7308,80561.3919,94834.207,89575.4245
2010-02-23 21:00:00,90790.8262,84790.3978,92250.2129,79590.1615,94770.6168,88394.1661
2010-02-24 21:00:00,91236.2525,85033.248,92747.0738,80336.7043,95285.7912,89315.1472
2010-02-25 21:00:00,92182.4989,83786.1791,91765.276,80213.4885,94281.8835,89295.1259
2010-02-26 21:00:00,92529.3368,83880.4104,91740.1126,80278.7204,94260.744,89615.4672
2010-03-01 21:00:00,93450.827,84209.4358,92145.4457,81075.9991,94681.927,90916.8535
2010-03-02 21:00:00,93405.1402,84626.7994,92465.5085,81315.1827,95015.5343,91197.1521
2010-03-03 21:00:00,93236.8166,84848.8631,92684.1829,81394.9106,95244.99,91257.2161
2010-03-04 21:00:00,93477.3535,84973.0651,92781.2206,81655.8382,95349.4712,91597.5787
2010-03-05 21:00:00,94202.813,85519.4141,93466.1032,82793.7724,96058.0793,92999.0717
2010-03-08 21:00:00,94340.0357,85552.5712,93481.5518,82837.2603,96078.7591,93159.2424
2010-03-09 21:00:00,95107.4318,85278.813,93275.9717,82960.4761,95872.2714,93719.8396
2010-03-10 21:00:00,95813.6461,85311.8018,93291.2344,83344.6195,95892.7525,94440.6074
2010-03-11 21:00:00,96378.9324,85092.3834,93069.0156,83678.027,95669.1315,94780.97
2010-03-12 21:00:00,96090.0492,85441.9126,93378.9173,83685.2749,95992.4746,94821.0126
2010-03-15 20:00:00,96044.5803,85282.2377,93177.0801,83714.2669,95789.7878,94580.7567
2010-03-16 20:00:00,96364.0476,85499.4859,93468.2841,84373.8339,96093.9467,95201.4179
2010-03-17 20:00:00,96440.1906,85752.2749,93581.5517,84895.689,96215.2009,95401.6312
2010-03-18 20:00:00,96677.9345,85733.3451,93694.7088,84823.2091,96336.3533,95762.0151
2010-03-19 20:00:00,95785.4068,85979.4565,93966.524,84372.2741,96620.6489,95162.737
2010-03-22 20:00:00,97036.1556,85500.5016,93605.592,84852.6131,96254.3533,96044.6158
2010-03-23 20:00:00,97597.466,85606.2281,93737.6478,85442.12,96394.9586,96746.1103
2010-03-24 20:00:00,97288.6704,85288.3986,93538.7665,85041.8375,96195.259,96245.0428
2010-03-25 20:00:00,96339.4508,85882.6492,94313.2546,84874.4467,96996.5523,96104.7439
2010-03-26 20:00:00,96034.511,86084.556,94701.9206,84903.5581,97401.1261,96204.9574
2010-03-29 20:00:00,96009.8016,86471.3439,95170.6951,85383.8971,97888.1317,96665.9395
2010-03-30 20:00:00,96024.846,86548.0964,95461.9267,85442.12,98192.5733,96986.6226
2010-03-31 20:00:00,95900.6109,86197.2818,95161.2394,85143.7276,97888.1946,96565.726
2010-04-01 20:00:00,95499.2046,86811.8771,95512.0028,85747.7903,98253.9039,96525.6406
2010-04-05 20:00:00,96167.0985,87131.7363,95725.3817,86431.9095,98478.3211,97427.562
2010-04-06 20:00:00,96657.9969,86892.6024,95503.9776,86635.6897,98255.4736,97708.1598
2010-04-07 20:00:00,96553.885,86720.3705,95362.0685,86140.7949,98114.3888,97467.6474
2010-04-08 20:00:00,97046.8604,86393.654,95082.7643,86446.4652,97831.9291,97688.1171
2010-04-09 20:00:00,97599.4054,86556.6229,95097.5183,87006.8607,97852.0013,98269.3554
2010-04-12 20:00:00,97634.3213,86675.3785,95131.555,87145.1401,97891.9165,98349.5262
2010-04-13 20:00:00,98187.1224,86598.6584,95029.8639,87239.7524,97792.1693,98810.5083
2010-04-14 20:00:00,98855.5414,86897.7525,95564.8357,88200.4304,98347.5812,100053.1557
2010-04-15 20:00:00,99365.9875,86771.5113,95464.3395,88295.0426,98249.076,100474.0524
2010-04-16 20:00:00,98525.5094,86438.1676,95116.7859,86897.6928,97896.2965,99271.4904
2010-04-19 20:00:00,98820.0527,86158.7494,94766.3603,87196.0852,97540.5256,99211.3623
2010-04-20 20:00:00,98775.401,86679.405,95278.5294,87974.8166,98072.5649,99712.4298
2010-04-21 20:00:00,98652.1448,86739.6073,95924.9153,87814.7036,98742.8095,100273.6254
2010-04-22 20:00:00,100160.3429,86145.7918,94999.792,88076.7067,97795.447,100834.8209
2010-04-23 20:00:00,100593.412,86091.6564,94976.1592,88637.1022,97776.0084,101255.7176
2010-04-26 20:00:00,100270.1117,86129.7649,95065.4089,88316.8762,97872.778,101035.2479
2010-04-27 20:00:00,98567.6356,85657.0147,94683.4868,86191.74,97484.471,98930.7645
2010-04-28 20:00:00,98105.6396,86108.3928,95139.1261,86861.3035,97958.4636,98950.8072
2010-04-29 20:00:00,99246.782,86659.6254,95673.947,87952.983,98514.0311,100674.4793
2010-04-30 20:00:00,97324.4849,86683.9758,95631.0689,86504.6881,98474.8059,98690.2521
2010-05-03 20:00:00,98264.3255,87066.1678,96034.1372,87596.3677,98894.7838,100073.1984
2010-05-04 20:00:00,96486.1915,86092.4836,94856.0764,85573.1216,97686.5759,97066.7934
2010-05-05 20:00:00,97004.8733,85304.7213,93852.4363,85020.0039,96657.8715,96565.726
2010-05-06 20:00:00,94405.1173,84884.2286,93204.9187,82050.6355,95995.8313,93338.8513
2010-05-07 20:00:00,92868.5096,84902.572,92499.7706,80784.2872,95274.3681,91134.1544
2010-05-10 20:00:00,93529.5903,88623.3316,96482.3801,84546.9428,99381.2026,95743.9753
2010-05-11 20:00:00,94375.3626,87779.7366,95508.0868,84299.4954,98382.6056,95643.7618
2010-05-12 20:00:00,95629.5065,88154.2638,96023.6823,85493.0651,98918.6382,97447.6047
2010-05-13 20:00:00,94478.9883,87947.2371,95604.1347,84437.7748,98491.3878,95864.2315
2010-05-14 20:00:00,93360.1723,87245.4474,94919.7516,82909.4235,97791.2609,94060.3885
2010-05-17 20:00:00,93474.6368,87440.2057,95097.0379,82902.1456,97978.8001,94361.029
2010-05-18 20:00:00,91402.8112,88195.7828,95900.2443,81825.0218,98811.2453,93058.2536
2010-05-19 20:00:00,91003.0711,87657.9466,95544.3177,81322.8492,98449.4552,92316.6737
2010-05-20 20:00:00,89325.9667,85849.2566,93672.6302,78273.4243,96525.7794,88849.2867
2010-05-21 20:00:00,91694.7969,84575.7841,92252.1861,79350.5481,95066.8966,89831.3789
2010-05-24 20:00:00,91362.8768,84160.4284,92247.5735,78382.5922,95066.8966,89510.6958
2010-05-25 20:00:00,93491.7825,82187.007,90218.7197,78455.3709,92980.7892,89590.8665
2010-05-26 20:00:00,91804.6297,82739.4516,90839.8867,77996.8654,93625.6224,88588.7316
2010-05-27 20:00:00,93181.171,84317.9952,92890.5457,80631.4521,95743.8491,91955.9051
2010-05-28 20:00:00,92507.311,84222.4519,93027.6261,79648.9405,95889.9274,91434.7949
2010-06-01 20:00:00,91993.6205,83371.7066,92635.5296,78251.5907,95490.5612,90552.9161
2010-06-02 20:00:00,93649.117,83786.2576,93163.9929,80260.2811,96040.0863,92717.5277
2010-06-03 20:00:00,94209.8022,84085.972,93401.0052,80565.9513,96289.2175,93519.2356
2010-06-04 20:00:00,92968.2015,82517.0242,91474.6686,77829.4746,94308.1278,90392.5745
2010-06-07 20:00:00,90830.1257,82690.3709,91916.3127,76774.1843,94768.1674,88749.0732
2010-06-08 20:00:00,90497.8994,82780.3007,92057.0227,77560.1936,94917.9816,88568.6889
2010-06-09 20:00:00,89110.4853,83312.1325,92698.2148,77138.0775,95583.8466,87827.109
2010-06-10 20:00:00,90552.3676,84777.8573,93835.913,79466.9939,96761.7397,90352.4891
2010-06-11 20:00:00,92334.123,84012.7218,92852.8964,79823.6092,95752.9106,91174.2398
2010-06-14 20:00:00,91464.8793,84705.5633,93725.9576,79743.5527,96658.0271,91174.2398
2010-06-15 20:00:00,93400.4095,85312.0554,94215.7586,81475.6843,97167.9837,93599.4064
2010-06-16 20:00:00,94037.3911,84934.3828,93968.9517,81482.9622,96918.3016,94000.2604
2010-06-17 20:00:00,93813.3484,85180.4786,94485.1899,81613.9637,97455.5885,94300.9009
2010-06-18 20:00:00,93748.8405,85329.6221,94660.1361,81651.256,97640.9075,94419.9786
2010-06-21 20:00:00,91774.6396,86456.3591,95823.0526,81468.4437,98845.3253,93576.5845
2010-06-22 20:00:00,90671.8928,86467.5566,96229.5192,80122.9457,99269.5542,92853.6752
2010-06-23 20:00:00,90197.2522,86502.6909,96328.7621,79896.2585,99376.8958,92472.1398
2010-06-24 20:00:00,89209.13,86039.1716,95905.5797,78587.3229,98945.2915,91066.483
2010-06-25 20:00:00,88734.2193,86251.0283,96239.1504,78938.3224,99294.3818,90905.8365
2010-06-28 20:00:00,88396.5637,86310.635,96234.3384,78601.9479,99294.3818,90564.4627
2010-06-29 20:00:00,86302.6258,85142.0212,94778.5433,76196.1389,97797.2603,87090.4822
2010-06-30 20:00:00,85260.2037,84892.6335,94467.8557,75479.515,97481.5671,85765.1486
2010-07-01 20:00:00,84718.5865,84855.4912,94750.672,75179.7029,97778.2799,85484.0172
2010-07-02 20:00:00,84317.1701,85107.1107,94946.253,74733.641,97984.9993,85263.1283
2010-07-06 20:00:00,83334.7968,86310.3437,96372.6315,75216.2653,99461.9282,85544.2596
2010-07-07 20:00:00,85767.8902,86515.8044,96684.5304,77622.0743,99788.7984,88335.4925
2010-07-08 20:00:00,85550.6822,87147.2048,97383.0163,78367.9482,100514.7,88757.1896
2010-07-09 20:00:00,86398.4259,87110.3207,97334.0824,78923.6974,100469.2183,89600.5837
2010-07-12 20:00:00,86723.5751,86855.7641,97241.9597,78996.8223,100379.1517,89861.6342
2010-07-13 20:00:00,87103.4816,87767.9776,98084.5694,80188.7581,101253.9645,91046.4022
2010-07-14 20:00:00,87367.6092,87491.4652,98252.7301,80196.0706,101432.6217,91488.18
2010-07-15 20:00:00,87613.0272,87415.2913,98053.7274,80203.3831,101232.2499,91568.5033
2010-07-16 20:00:00,85487.7326,86916.7787,97704.7765,77973.0738,100877.0491,89038.3209
2010-07-19 20:00:00,85964.0504,87279.2391,97986.351,78455.6981,101172.8095,89801.3918
2010-07-20 20:00:00,88421.45,86103.4509,96403.8539,79325.8844,99543.9091,90885.7557
2010-07-21 20:00:00,86290.5839,86551.5699,97421.4342,78294.8234,100599.6112,89640.7453
2010-07-22 20:00:00,87239.3353,87565.7813,98791.4624,80057.1333,102019.3638,91909.8771
2010-07-23 20:00:00,88443.9654,87385.4397,98117.4087,80737.1948,101328.3871,92552.4631
2010-07-26 20:00:00,89053.2047,87499.7899,98176.3675,81585.4436,101394.3418,93255.2915
2010-07-27 20:00:00,88628.6898,87950.2852,98594.2682,81570.8186,101831.0099,93215.1299
2010-07-28 20:00:00,88012.6305,87803.9688,98483.1405,81022.3819,101721.3255,92472.1398
2010-07-29 20:00:00,86830.1679,88362.2213,99055.6419,80649.4449,102317.7372,91769.3114
2010-07-30 20:00:00,87745.2723,87484.5162,98248.7069,80634.8199,101489.3441,91990.2003
2010-08-02 20:00:00,88327.2406,88860.5996,99487.7204,82455.6298,102774.2998,93777.3926
2010-08-03 20:00:00,88019.8148,88651.2634,99354.9246,82060.7554,102642.2558,93335.6147
2010-08-04 20:00:00,88524.5259,88868.0245,99777.4737,82609.1921,103083.9178,94279.4129
2010-08-05 20:00:00,88747.5229,88344.3911,99262.4403,82521.4422,102556.9712,94038.4432
2010-08-06 20:00:00,89566.9507,87486.6696,98176.464,82199.6927,101440.0792,93877.7967
2010-08-09 20:00:00,89714.9268,87894.7847,98696.563,82638.442,101982.5395,94540.4635
2010-08-10 20:00:00,89691.2301,87167.0721,97895.0119,82185.0677,101159.4009,93757.3118
2010-08-11 20:00:00,88690.1763,85844.2332,96233.7227,79925.5085,99447.7726,91146.8062
2010-08-12 20:00:00,89681.5893,84520.4688,94405.5798,79413.6342,97563.5451,90423.897
2010-08-13 20:00:00,89377.3005,84259.4126,94065.4189,79179.6346,97216.8836,89801.3918
2010-08-16 20:00:00,89955.2904,83694.9228,93597.9609,79165.0096,96738.6252,89941.9575
2010-08-17 20:00:00,90489.089,84386.5207,94282.8842,80137.5707,97451.368,91146.8062
2010-08-18 20:00:00,91004.1573,84336.1002,94049.681,80276.508,97215.2003,91448.0184
2010-08-19 20:00:00,90155.4873,83909.3578,93508.0238,78887.135,96660.1728,90082.5232
2010-08-20 20:00:00,90412.6498,83625.1534,93357.4375,78631.1979,96509.3433,90203.008
2010-08-23 20:00:00,88947.9249,83986.4871,93934.6949,78338.6983,97110.9153,89299.3715
2010-08-24 20:00:00,88296.1421,83002.3278,92873.8401,77190.6375,96019.0453,87652.7449
2010-08-25 20:00:00,89778.9489,82502.8057,92209.6113,77424.6371,95337.1231,88496.139
2010-08-26 20:00:00,88393.8701,82903.87,92518.8525,76949.3253,95661.6198,87431.856
2010-08-27 20:00:00,88873.1378,83372.4258,93194.1997,78112.0111,96364.691,88556.3815
2010-08-30 20:00:00,88362.1213,83149.7187,92682.3607,77029.7627,95840.2573,87572.4217
2010-08-31 20:00:00,88663.243,82782.462,92188.918,77124.8251,95334.7939,87411.7752
2010-09-01 20:00:00,89985.7427,83775.1345,93391.4687,79296.6344,96583.1475,89881.7151
2010-09-02 20:00:00,90824.1072,83964.0829,93553.7187,80049.8208,96755.7715,90885.7557
2010-09-03 20:00:00,91315.7642,84811.2607,94582.5553,81110.1318,97824.6599,92391.8166
2010-09-07 20:00:00,91072.0475,84401.7734,94187.2441,80203.3831,97420.6893,91769.3114
2010-09-08 20:00:00,91921.9775,84528.3729,94450.4634,80737.1948,97697.816,92893.8369
2010-09-09 20:00:00,91464.2726,85458.1617,95262.4332,81124.7567,98542.5874,93235.2107
2010-09-10 20:00:00,91695.8378,85600.2476,95360.2572,81563.5061,98648.7069,93576.5845
2010-09-13 20:00:00,92296.5705,86417.1283,96092.1779,82426.3798,99410.8,94921.9989
2010-09-14 20:00:00,92820.0352,86274.8099,95924.7463,82375.1924,99242.5566,95303.5343
2010-09-15 20:00:00,93658.6779,85987.1257,95657.198,82733.5044,98970.7165,95905.9587
2010-09-16 20:00:00,94223.8862,85656.0236,95452.1278,82704.2544,98763.4913,96287.4941
2010-09-17 20:00:00,93886.4359,86033.9698,96049.9373,82713.0821,99386.9778,96553.1768
2010-09-20 20:00:00,95148.6335,86304.9524,96445.5931,83977.5609,99801.3492,98264.0419
2010-09-21 20:00:00,95065.9811,86353.5247,96519.7922,83808.4736,99883.1201,98264.0419
2010-09-22 20:00:00,95178.545,86205.2845,96119.5554,83389.4312,99473.9307,97982.2523
2010-09-23 20:00:00,95764.1016,85456.1873,95502.6487,82705.7305,98840.4689,97962.1245
2010-09-24 20:00:00,96615.3923,86386.2355,96577.1104,84389.2516,99957.4251,99954.7792
2010-09-27 20:00:00,96123.8832,86404.4929,96513.9386,84043.7255,99897.0401,99391.2001
2010-09-28 20:00:00,95924.9265,86475.754,96763.1998,84301.0322,100160.0335,99451.5836
2010-09-29 20:00:00,95920.1303,86297.981,96523.3569,84109.89,99916.779,99210.0497
2010-09-30 20:00:00,94986.3257,86799.0384,97047.2649,83896.693,100464.1016,98787.3653
2010-10-01 20:00:00,94079.3215,87456.4156,97833.3438,84256.9224,101282.8799,98646.4706
2010-10-04 20:00:00,93323.8311,87261.2732,97548.9853,83624.6831,100993.5593,97579.6958
2010-10-05 20:00:00,94537.3426,88093.0841,98650.7898,85315.5558,102139.3196,99974.907
2010-10-06 20:00:00,93827.3976,88088.6794,98506.8286,85322.9074,101995.3745,99089.2827
2010-10-07 20:00:00,93633.1942,88418.2317,99062.1696,85197.9299,102575.4822,99451.5836
2010-10-08 20:00:00,94234.6753,88528.2532,99097.3145,85690.4884,102617.0024,100135.9296
2010-10-11 20:00:00,94211.0333,88683.3235,99152.1168,85764.0046,102678.882,100176.1853
2010-10-12 20:00:00,95040.5521,88390.0186,98987.7827,86006.6081,102513.8366,100900.787
2010-10-13 20:00:00,95205.4144,88861.586,99575.2198,86660.9023,103127.3245,101685.7721
2010-10-14 20:00:00,94955.8133,88804.3748,99629.3712,86418.2989,103188.564,101484.4939
2010-10-15 20:00:00,95806.8584,89343.8661,100849.503,86543.2764,104457.4436,103658.299
2010-10-18 20:00:00,96136.927,89377.3465,100844.4605,87153.4609,104457.4436,104020.5999
2010-10-19 20:00:00,96151.0373,88370.1626,99161.279,85800.7628,102719.1812,102309.7347
2010-10-20 20:00:00,96580.1925,88562.6102,99409.9304,86653.5507,102981.8901,103034.3364
2010-10-21 20:00:00,96162.868,88971.4291,100026.3933,86837.3412,103625.6527,103235.6147
2010-10-22 20:00:00,96814.1418,89095.0295,100040.8941,87028.4834,103645.8565,103960.2164
2010-10-25 20:00:00,96883.9889,89700.1961,100423.2721,87256.3836,104047.1958,104443.2842
2010-10-26 20:00:00,97629.747,89234.7024,99915.0702,87285.7901,103525.8569,104725.0737
2010-10-27 20:00:00,98435.9318,88561.3374,99391.5838,87028.4834,102988.6288,105047.1189
2010-10-28 20:00:00,98224.4091,89050.6624,99805.5862,87043.1866,103422.7636,105268.525
2010-10-29 20:00:00,98012.9074,88948.4346,99800.5959,87138.7577,103422.7636,105047.1189
2010-11-01 20:00:00,97727.2747,89409.2536,100139.8118,87138.7577,103779.4622,105107.5024
2010-11-02 20:00:00,97945.1286,90068.5826,100959.3954,87844.5132,104634.0231,106214.5328
2010-11-03 20:00:00,98292.4852,90169.6076,101069.1392,88226.7975,104752.993,106717.7284
2010-11-04 20:00:00,98415.9376,91134.3417,102169.7082,89880.9121,105898.914,108026.037
2010-11-05 20:00:00,98356.0359,91204.3264,102221.7096,90233.7899,105958.1085,108026.037
2010-11-08 21:00:00,98644.8278,90895.1077,102045.1815,90086.7575,105780.4258,108166.9318
2010-11-09 21:00:00,97725.671,91098.2554,102438.8416,89395.7052,106193.7844,107583.2249
2010-11-10 21:00:00,98067.7182,91063.734,102567.8771,89755.9346,106332.8595,108106.5483
2010-11-11 21:00:00,98989.5556,90268.5545,101035.0202,89439.8149,104749.0523,107502.7136
2010-11-12 21:00:00,97884.7222,89633.3632,100443.5453,88351.7751,104141.0724,105691.2093
2010-11-15 21:00:00,97063.5035,89919.7537,100916.7347,88248.8524,104636.8878,105308.7807
2010-11-16 21:00:00,96124.2693,89383.4098,100178.7309,86837.3412,103876.9104,103537.532
2010-11-17 21:00:00,96362.2011,89447.0451,100251.6214,86903.5058,103957.6856,103879.7051
2010-11-18 21:00:00,96856.1904,90305.187,101314.9753,88234.1491,105065.547,105530.1867
2010-11-19 21:00:00,97036.3289,90225.43,101174.6426,88410.588,104925.2726,105590.5702
2010-11-22 21:00:00,98238.3966,89815.7821,100783.8627,88359.1267,104525.2525,106496.3223
2010-11-23 21:00:00,97670.7289,88765.097,99750.2224,87057.8899,103458.4667,104805.585
2010-11-24 21:00:00,98668.9301,89382.809,100722.2392,88359.1267,104471.7914,106919.0067
2010-11-26 18:00:00,99000.4954,88597.4766,100072.5201,87682.7776,103803.109,106596.9615
2010-11-29 21:00:00,99051.9024,88028.495,99576.2239,87601.9098,103293.5016,106134.0215
2010-11-30 21:00:00,98819.157,87137.6032,98532.6158,87101.9996,102216.0992,104785.4572
2010-12-01 21:00:00,99412.4403,88435.015,100041.8284,88954.6079,103786.8422,107039.7736
2010-12-02 21:00:00,100265.9213,88554.8408,100206.1337,90108.8124,103962.4875,108146.804
2010-12-03 21:00:00,100954.3359,88246.9699,99772.1747,90322.0094,103517.4592,108428.5935
2010-12-06 21:00:00,100874.3407,88084.5376,99785.707,90233.7899,103536.6753,108368.2101
2010-12-07 21:00:00,99721.7356,88962.8446,101003.9452,90299.9545,104805.8842,108448.7214
2010-12-08 21:00:00,99827.5105,89059.7951,101261.3403,90638.129,105078.2083,108851.2779
2010-12-09 21:00:00,99345.49,89524.8763,101874.1811,91027.7649,105719.403,108992.1726
2010-12-10 21:00:00,99743.1016,89737.3074,102132.474,91527.6751,105992.7311,109716.7743
2010-12-13 21:00:00,99026.9662,90122.0426,102483.3603,91571.7848,106362.1793,109314.2178
2010-12-14 21:00:00,98785.5434,90283.9468,102723.547,91637.9494,106616.7748,109314.2178
2010-12-15 21:00:00,98417.2216,90163.5447,102831.8966,91248.3135,106734.5617,109032.4283
2010-12-16 21:00:00,99084.0287,90231.6787,102902.6878,91762.927,106813.3762,109857.6691
2010-12-17 21:00:00,99042.74,90142.1356,103026.0019,91920.3317,106946.7174,109954.4752
2010-12-20 21:00:00,98947.1226,90311.5641,103209.8198,92060.7471,107142.878,110055.3139
2010-12-21 21:00:00,99158.9665,90618.7927,103582.9251,92666.7502,107535.5585,110700.6813
2010-12-22 21:00:00,99154.0085,90722.6661,103540.004,92962.3615,107496.3763,110660.3459
2010-12-23 21:00:00,99076.6492,90602.7342,103364.9964,92829.3364,107320.0563,110398.1653
2010-12-27 21:00:00,99416.5939,90223.1271,103057.7018,92858.8976,107006.3697,110458.6685
2010-12-28 21:00:00,99013.2324,90419.6703,103297.1628,92969.7518,107260.3559,110277.159
2010-12-29 21:00:00,98972.1587,90530.1504,103556.4749,93058.4352,107534.9801,110519.1717
2010-12-30 21:00:00,98696.2514,90446.5395,103532.3999,92910.6295,107515.3569,110196.488
2010-12-31 21:00:00,98474.3621,90305.3257,103432.4828,92954.9712,107416.9717,109853.6366
2011-01-03 21:00:00,99078.5212,90982.8749,104376.7557,93863.976,108402.9913,111547.7261
2011-01-04 21:00:00,98627.348,91186.0655,104748.9614,93804.8537,108794.9746,111446.8874
2011-01-05 21:00:00,99767.9974,90922.8835,104440.4334,94329.5638,108479.9693,112414.9385
2011-01-06 21:00:00,99977.5639,90961.0777,104547.6338,94144.8067,108596.74,112777.9577
2011-01-07 21:00:00,99704.8636,91070.7754,104729.3657,93952.6594,108790.9401,112677.1191
2011-01-10 21:00:00,100307.9439,90679.3878,104499.187,93863.976,108557.2743,113120.8092
2011-01-11 21:00:00,100017.9121,90988.9939,104903.8358,94174.3678,108983.065,113241.8156
2011-01-12 21:00:00,100243.3264,91569.95,105421.7086,95068.592,109526.5246,114068.6926
2011-01-13 21:00:00,100220.6034,91544.0166,105490.9932,94928.1766,109603.9832,114129.1958
2011-01-14 21:00:00,100941.572,91339.8884,105504.3599,95541.5701,109623.3513,114976.2405
2011-01-18 21:00:00,102007.1444,91285.8644,104684.8079,95726.3271,108777.2844,115298.9242
2011-01-19 21:00:00,100665.9393,91210.8255,104844.374,94795.1515,108948.5273,113967.8539
2011-01-20 21:00:00,100410.4487,90964.4962,104393.854,94699.0779,108485.819,113201.4801
2011-01-21 21:00:00,99141.1718,91463.9653,104872.1975,94861.6641,108988.3366,112293.9322
2011-01-24 21:00:00,100309.0624,91423.7642,105074.1367,95452.8867,109203.6512,113846.8475
2011-01-25 21:00:00,100911.223,91143.138,104547.7004,95452.8867,108661.9856,113967.8539
2011-01-26 21:00:00,101298.3426,91336.1659,104727.4804,95844.5716,108854.2737,114613.2213
2011-01-27 21:00:00,101595.3426,91303.4284,105053.9517,96095.8412,109199.0523,115319.092
2011-01-28 21:00:00,99031.2757,91397.1674,105030.3265,94388.686,109179.9549,112394.7708
2011-01-31 21:00:00,99398.9557,91628.7474,105175.8453,95090.7628,109336.6819,112979.635
2011-02-01 21:00:00,100503.8997,92172.5,105921.5743,96598.3804,110117.3794,115056.9115
2011-02-02 21:00:00,100551.8363,91991.5993,105693.4809,96428.4039,109885.7565,114875.4019
2011-02-03 21:00:00,100865.1786,91838.9446,105484.0831,96635.3318,109673.5473,115016.576
2011-02-04 21:00:00,101461.26,91897.5639,105515.8014,96938.3334,109712.009,115742.6143
2011-02-07 21:00:00,101756.2115,92082.1308,105694.3831,97551.7269,109903.1782,116287.1431
2011-02-08 21:00:00,102456.9064,92168.2136,105707.429,97987.7535,109922.2388,117114.0201
2011-02-09 21:00:00,102434.1002,91892.5018,105465.4987,97788.2159,109676.1584,116831.6719
2011-02-10 21:00:00,103301.1368,91394.8322,104768.4097,97795.6062,108956.7221,117053.5169
2011-02-11 21:00:00,104367.3751,91024.2135,104420.2009,98401.6093,108600.0409,117880.3939
2011-02-14 21:00:00,104612.1812,90964.9726,104397.115,98608.5372,108581.4609,118142.5745
2011-02-15 21:00:00,104732.2347,90701.362,104160.2184,98320.3162,108340.4983,118021.5681
2011-02-16 21:00:00,105155.5699,90989.9837,104386.3984,98896.7582,108581.1727,118767.7742
2011-02-17 21:00:00,105652.8477,90720.2564,103849.4094,99192.3695,108028.0338,118727.4387
2011-02-18 21:00:00,105432.1668,90783.3111,103826.5765,99451.0294,108009.6835,118465.2582
2011-02-22 21:00:00,103752.502,89793.83,102389.6601,97403.9212,106520.2752,114976.2405
2011-02-23 21:00:00,102892.2613,89734.8373,102420.4605,96820.0889,106557.6442,114068.6926
2011-02-24 21:00:00,103177.5677,89627.6086,102632.6389,96753.5764,106783.7212,114633.3891
2011-02-25 21:00:00,104020.4931,89999.6562,103241.4253,97788.2159,107422.4697,116266.9754
2011-02-28 21:00:00,103817.6028,90348.8429,103648.1544,98401.6093,107851.0416,116508.9882
2011-03-01 21:00:00,101718.8822,90703.9566,104091.51,96731.4055,108317.7676,114653.5568
2011-03-02 21:00:00,102304.6646,90630.1236,104013.066,96930.9431,108241.5546,115238.421
2011-03-03 21:00:00,103363.9294,91475.5086,104972.6348,98638.0984,109245.5452,117517.3748
2011-03-04 21:00:00,102844.1597,91402.3984,104931.3564,97899.0701,109208.0488,116892.1751
2011-03-07 21:00:00,101036.9037,91625.5236,105378.7123,97086.1391,109679.0981,115339.2597
2011-03-08 21:00:00,101562.5079,91830.1808,105244.4608,97965.5827,109544.8519,115803.1175
2011-03-09 21:00:00,101220.1307,91673.1855,104854.292,97839.9479,109144.2177,114996.4083
2011-03-10 21:00:00,100784.2694,90733.7971,103690.5399,96021.9384,107938.31,113241.8156
2011-03-11 21:00:00,101988.9303,90421.996,103075.9542,96694.4541,107303.9441,113927.5185
2011-03-14 20:00:00,102183.5244,89857.6933,102505.1508,96110.6218,106715.0926,113524.1638
2011-03-15 20:00:00,103844.0441,87538.5271,99422.5037,95009.4697,103511.1753,111910.7452
2011-03-16 20:00:00,102215.9938,87275.4022,98593.3417,93272.7534,102653.0902,109248.6046
2011-03-17 20:00:00,101560.5359,88515.7553,100117.2732,94484.7597,104244.9048,110236.8235
2011-03-18 20:00:00,100139.2751,89584.2582,101280.6698,94828.4228,105461.4782,109968.2185
2011-03-21 20:00:00,100514.6814,90736.7454,102819.4617,96298.0555,107069.0636,112068.6216
2011-03-22 20:00:00,100238.3854,90746.196,102981.0851,95971.4705,107242.7204,111947.4445
2011-03-23 20:00:00,101177.6481,90503.0377,102548.6286,96223.8316,106797.7299,112533.1338
2011-03-24 20:00:00,102254.1248,91070.9631,103298.0765,97159.0525,107583.571,114572.9483
2011-03-25 20:00:00,102177.1034,91289.0429,103566.0424,97448.5256,107868.0331,114795.1063
2011-03-28 20:00:00,101133.9367,91479.1691,104016.3798,97188.742,108342.4703,114128.6323
2011-03-29 20:00:00,102348.2254,91439.6634,103808.705,97871.6017,108131.5754,115279.8147
2011-03-30 20:00:00,102343.108,91934.3828,104312.7374,98495.0822,108662.0036,115845.3079
2011-03-31 20:00:00,102623.9153,91881.2901,104143.8512,98354.0569,108491.5088,115986.6811
2011-04-01 20:00:00,102156.5142,92528.4839,104664.5314,98829.0897,109039.3503,116047.2697
2011-04-04 20:00:00,101513.2606,92753.1808,104968.9566,98895.8911,109361.9519,115663.5422
2011-04-05 20:00:00,101383.8685,92546.6637,104762.0915,98895.8911,109151.8975,115300.0109
2011-04-06 20:00:00,100779.9369,92965.7339,105619.3194,99207.6314,110050.5031,115562.5613
2011-04-07 20:00:00,100757.2914,92773.2901,105650.9553,98955.2702,110088.9688,115582.7575
2011-04-08 20:00:00,99805.5172,93158.3383,106088.7311,98613.8404,110550.6385,114976.872
2011-04-11 20:00:00,99102.22,93258.8569,106530.6653,98324.3673,111016.6872,114653.733
2011-04-12 20:00:00,98869.2421,92719.154,106018.6754,97567.2838,110488.6881,113845.8857
2011-04-13 20:00:00,98968.7563,93165.9465,106803.2954,97567.2838,111311.9141,114815.3025
2011-04-14 20:00:00,99454.62,92622.6338,106065.2678,97648.93,110548.2968,114593.1445
2011-04-15 20:00:00,99660.7662,92772.89,105667.4071,98064.5837,110139.1473,114411.3788
2011-04-18 20:00:00,99922.3509,91651.7747,104598.9212,96884.4241,109030.9511,113563.1391
2011-04-19 20:00:00,100271.6893,91801.6653,104909.9249,97441.1032,109360.5841,114310.3979
2011-04-20 20:00:00,100754.1076,92915.9255,106758.2116,98836.512,111292.7499,116895.5094
2011-04-21 20:00:00,100576.6638,93322.9679,107785.7797,99267.0105,112369.5284,117824.5338
2011-04-25 20:00:00,100743.8848,93262.4782,107872.7677,99177.9419,112465.8341,118127.4766
2011-04-26 20:00:00,101065.2687,93557.9413,108144.0182,100046.3612,112754.2573,118814.1468
2011-04-27 20:00:00,101574.7171,93733.7298,108322.4356,100669.8418,112945.9185,119621.9941
2011-04-28 20:00:00,101793.2954,93583.9124,107969.5391,100974.1597,112583.6067,119500.817
2011-04-29 20:00:00,101977.9256,93648.0247,107690.4304,101345.279,112298.1996,119420.0323
2011-05-02 20:00:00,101628.132,94027.4267,107757.8959,101130.0298,112374.1666,119096.8934
2011-05-03 20:00:00,101209.2272,93808.7914,107697.6879,100729.2209,112316.9981,118551.5964
2011-05-04 20:00:00,100997.3711,93797.1885,107747.3445,100098.3179,112374.4003,118369.8308
2011-05-05 20:00:00,100975.0004,93256.9519,107190.4436,99185.3643,111799.2029,117743.7491
2011-05-06 20:00:00,100300.9022,94124.632,108214.7007,99608.4404,112873.0889,118087.0842
2011-05-09 20:00:00,100501.3867,94119.9258,108394.3673,99994.4045,113066.1334,118531.4002
2011-05-10 20:00:00,101059.8251,94415.6322,108702.92,100847.9791,113393.6379,119541.2094
2011-05-11 20:00:00,100473.3789,94251.0852,108532.1991,99794.0,113221.2198,118672.7735
2011-05-12 20:00:00,101377.3837,93979.988,108194.3049,100276.4552,112874.3883,119379.6399
2011-05-13 20:00:00,100409.5993,94023.9833,107932.6407,99489.6822,112607.0492,117965.9071
2011-05-16 20:00:00,99126.5757,93668.5511,107428.3259,98858.7792,112086.5236,115926.0926
2011-05-17 20:00:00,99920.1872,93319.2653,106861.4824,98843.9344,111500.7055,116249.2315
2011-05-18 20:00:00,100871.2821,93377.6671,106707.6174,99742.0433,111345.7358,117198.4521
2011-05-19 20:00:00,100883.5644,93657.898,107051.6608,99949.8702,111710.3005,117602.3758
2011-05-20 20:00:00,100201.9151,93409.7853,106899.234,99215.0538,111556.8259,116653.1552
2011-05-23 20:00:00,100108.9777,92231.1158,105450.3052,98005.2046,110050.3452,114976.872
2011-05-24 20:00:00,99261.8357,92491.9377,105685.8291,97938.4032,110301.6459,114270.0056
2011-05-25 20:00:00,99766.3582,92087.7647,105531.1127,98250.1434,110145.6874,114694.1254
2011-05-26 20:00:00,100695.2478,91825.7571,105209.9304,98725.1762,109815.9679,115421.188
2011-05-27 20:00:00,101024.4565,92083.5053,105370.3548,99118.5628,109988.9065,115986.6811
2011-05-31 20:00:00,101699.0592,92933.9524,106355.8575,100120.5851,111023.1048,117864.9262
2011-06-01 20:00:00,99685.1471,92674.3902,106095.4023,97864.1793,110756.7711,115259.6185
2011-06-02 20:00:00,99697.5903,92761.1305,106331.7727,97745.4211,111009.0644,115542.3651
2011-06-03 20:00:00,99304.7457,91678.7756,105099.7655,96787.9331,109728.4145,113765.101
2011-06-06 20:00:00,98734.5453,91456.2437,104889.274,95785.9108,109514.1392,112896.6651
2011-06-07 20:00:00,98289.144,91891.0577,105146.7218,95637.463,109788.4143,112674.5071
2011-06-08 20:00:00,97772.2149,91829.4101,104915.3019,95303.4556,109552.2679,111846.4635
2011-06-09 20:00:00,97873.1977,92089.4361,104966.89,96045.6943,109611.6137,112028.2292
2011-06-10 20:00:00,96787.3218,91679.1826,104507.4853,94679.975,109137.3611,110311.5536
2011-06-13 20:00:00,96711.6667,91911.7744,104597.9277,94761.6213,109237.2672,110331.7498
2011-06-14 20:00:00,97181.0802,92778.2781,105416.002,95986.3152,110097.0883,111745.4826
2011-06-15 20:00:00,96271.9637,92013.1615,104420.0152,94279.1661,109062.3786,109665.2757
2011-06-16 20:00:00,95841.7953,92059.2687,104453.2546,94472.1482,109102.5489,109220.9597
2011-06-17 20:00:00,94762.3066,92969.0703,105301.7096,94746.6512,109994.2245,108878.8733
2011-06-20 20:00:00,95517.2216,92657.0135,105002.7978,95253.8763,109687.4921,109445.6345
2011-06-21 20:00:00,97237.6001,93116.754,105366.5237,96536.8572,110072.9299,111813.8866
2011-06-22 20:00:00,96949.8652,92845.8859,104903.4718,95999.7954,109594.6985,111004.2278
2011-06-23 20:00:00,98911.1839,91679.7683,103750.4862,95693.9686,108395.6318,112016.3013
2011-06-24 20:00:00,97649.1971,91668.038,103257.8551,94590.0082,107886.3643,110073.1201
2011-06-27 20:00:00,99115.1512,91735.7423,103366.6215,95432.8969,108005.4004,111854.3695
2011-06-28 20:00:00,100345.331,92082.4961,103567.2137,96678.5819,108220.3948,113473.6872
2011-06-29 20:00:00,100554.5742,92468.644,103820.6762,97528.9297,108490.6562,113999.9655
2011-06-30 20:00:00,101528.3963,92746.9074,104147.2984,98438.9511,108837.3949,115477.5929
2011-07-01 20:00:00,102999.6438,92728.2143,104196.8574,99923.3302,108894.6275,117218.3594
2011-07-05 20:00:00,103385.3843,92612.8246,104299.6049,99736.8504,109007.4522,117785.1206
2011-07-06 20:00:00,103842.6303,92448.8869,104186.8461,99908.4118,108895.054,118189.95
2011-07-07 20:00:00,104472.8852,93265.6335,104966.7406,101042.2089,109715.6367,119809.2677
2011-07-08 20:00:00,105108.5995,92145.5832,104057.0652,100251.5346,108770.2917,119505.6456
2011-07-11 20:00:00,104293.5705,90996.0122,102941.4973,98431.4919,107609.6331,117319.5668
2011-07-12 20:00:00,103496.4806,90805.2778,102918.5895,98036.1547,107591.0669,116408.7006
2011-07-13 20:00:00,103169.7772,91270.551,103682.9618,98349.4408,108395.521,116914.7373
2011-07-14 20:00:00,101703.7446,91487.5012,103947.0374,97670.6543,108677.0191,115558.5588
2011-07-15 20:00:00,101910.0651,91972.0153,105107.1247,98267.3897,109895.3287,117096.9106
2011-07-18 20:00:00,101922.6839,91492.6864,104520.4644,97402.1234,109287.4375,116469.425
2011-07-19 20:00:00,103268.6028,92027.6229,105514.3043,99043.1456,110332.0689,119141.2992
2011-07-20 20:00:00,102251.3443,92230.9466,106082.6707,98946.1761,110931.9034,118615.0209
2011-07-21 20:00:00,102838.8921,92740.8537,106185.9837,100341.0449,111045.4856,119424.6798
2011-07-22 20:00:00,103950.0475,92722.4283,106108.6839,100408.1776,110970.2005,120639.168
2011-07-25 20:00:00,104595.3069,91836.099,105266.6153,99826.3607,110095.0999,120436.7533
2011-07-26 20:00:00,104871.6257,91776.6101,105155.2008,99475.7787,109984.0797,120639.168
2011-07-27 20:00:00,102830.5555,91235.2354,104514.7774,97417.0418,109319.7463,117582.7059
2011-07-28 20:00:00,102949.2636,91244.6454,104563.5273,97088.8374,109376.2034,117785.1206
2011-07-29 20:00:00,103390.0156,90356.7991,103713.7406,96260.8671,108492.773,117339.8082
2011-08-01 20:00:00,101711.5835,91682.6022,105014.5931,96007.2546,109858.9921,116894.4959
2011-08-02 20:00:00,99600.045,91008.438,104481.9963,93605.3949,109307.3193,113898.7581
2011-08-03 20:00:00,100425.9493,91127.1758,104606.7481,94142.4567,109443.2978,114991.7976
2011-08-04 20:00:00,97139.1514,89830.189,103110.0291,89644.5642,107882.8494,109648.0492
2011-08-05 20:00:00,95554.3631,91111.3351,104151.7726,89495.3804,108978.2079,108959.8392
2011-08-08 20:00:00,92637.9058,88828.6164,100954.0994,83736.8845,105637.8021,102401.6025
2011-08-09 20:00:00,95664.0759,90398.8138,102465.658,87548.5314,107224.7705,107340.5215
2011-08-10 20:00:00,93868.9367,88707.5476,100141.87,83804.0172,104798.4132,102948.1222
2011-08-11 20:00:00,96611.7155,89571.6329,101574.2118,87481.3987,106302.5981,107482.2118
2011-08-12 20:00:00,96860.0318,90537.1064,102200.3853,88130.3483,106963.2357,108433.5609
2011-08-15 20:00:00,97881.5918,91367.8351,102614.9894,89920.5543,107402.5098,110032.6371
2011-08-16 20:00:00,98003.982,90446.1777,101609.3814,89182.0943,106355.3551,109101.5295
2011-08-17 20:00:00,97290.8818,91009.0244,101736.2611,89264.1454,106493.4789,108453.8024
2011-08-18 20:00:00,95083.7683,88593.6892,98977.9534,85489.7945,103611.5165,103130.2955
2011-08-19 20:00:00,94343.5387,87275.1571,97943.4006,84050.1705,102533.7127,101268.0801
2011-08-22 20:00:00,92460.422,89160.6708,100287.7355,84087.4665,104993.0462,101632.4266
2011-08-23 20:00:00,95620.122,89504.2185,100961.8255,86869.745,105704.0129,105822.4111
2011-08-24 20:00:00,96642.5282,89284.552,100667.1012,88115.4299,105400.7305,106652.3115
2011-08-25 20:00:00,95114.4659,89786.4846,100604.7512,86757.8571,105340.7187,104911.5449
2011-08-26 20:00:00,97816.2194,89280.2222,100269.742,88048.2972,104995.206,107542.9362
2011-08-29 20:00:00,99543.0731,90395.1646,101264.9725,90539.6672,106042.589,110538.6739
2011-08-30 20:00:00,100562.6157,90003.386,100889.0433,90718.6878,105654.2258,111267.3669
2011-08-31 20:00:00,100121.1494,90635.3182,101489.6634,91046.8922,106288.4971,111449.5401
2011-09-01 20:00:00,98955.3185,90771.8704,101742.6447,90226.3812,106558.7548,110437.4666
2011-09-02 20:00:00,98396.3096,88898.7641,99910.0688,87899.1134,104644.7596,107846.5583
2011-09-06 20:00:00,100773.7754,86321.8074,97579.8389,87265.0821,102209.3335,107887.0412
2011-09-07 20:00:00,101868.765,87689.904,98948.0346,89711.6969,103647.5511,110599.3983
2011-09-08 20:00:00,101938.6302,87189.7256,98436.0328,88779.298,103116.4143,110113.603
2011-09-09 20:00:00,100366.9888,86203.7308,97725.4115,86422.1935,102377.1606,107644.1436
2011-09-12 20:00:00,102862.0799,85180.0946,96636.3208,87018.9288,101241.3478,109101.5295
2011-09-13 20:00:00,103846.3612,85482.5015,96918.3501,87705.1744,101541.8787,110477.9495
2011-09-14 20:00:00,104787.6359,86016.2189,97410.7034,89032.9105,102062.7971,112056.7843
2011-09-15 20:00:00,105213.0819,86869.486,98461.5848,90606.7999,103168.9691,113736.8264
2011-09-16 20:00:00,105937.9476,87199.4078,98656.7945,91157.8858,103378.6701,114758.8888
2011-09-19 20:00:00,107297.3908,85746.2667,97431.509,90205.669,102099.9094,114799.4468
2011-09-20 20:00:00,106273.7379,86112.5892,97925.7566,90100.7003,102622.9437,114292.4717
2011-09-21 20:00:00,103885.9415,86172.7766,98424.7367,87356.5165,103150.9894,112305.1292
2011-09-22 20:00:00,103130.0427,83779.5051,95913.8769,84574.8439,100524.7183,108654.9083
2011-09-23 20:00:00,105104.7967,83299.9714,95103.5335,85129.6789,99680.4457,109810.8116
2011-09-26 20:00:00,105794.8323,84102.8345,95572.9788,87161.5745,100177.4673,111088.3889
2011-09-27 20:00:00,105105.8926,85748.1301,97190.7425,88173.7734,101878.1801,112244.2922
2011-09-28 20:00:00,103096.4595,85911.5473,97607.3062,86344.3176,102319.9283,110581.4138
2011-09-29 20:00:00,100335.1132,87369.449,99088.1046,86989.1258,103877.3378,109263.2785
2011-09-30 20:00:00,99122.1492,86182.7841,97759.033,84852.2614,102489.2219,106505.3338
2011-10-03 20:00:00,97440.3863,85668.2473,96823.4612,82422.9839,101513.5058,103706.8311
2011-10-04 20:00:00,100457.6677,84495.0166,95834.103,84072.4933,100481.2996,105836.1267
2011-10-05 20:00:00,103289.2328,84837.4226,95590.5983,85849.4648,100231.0109,108553.5133
2011-10-06 20:00:00,105158.1902,84722.04,95460.817,87356.5165,100099.941,110378.6238
2011-10-07 20:00:00,104515.0242,85190.4614,95403.4292,86786.686,100044.7693,109648.5796
2011-10-10 20:00:00,106315.3862,86636.0957,97021.9465,89665.8296,101747.0291,113440.7535
2011-10-11 20:00:00,107320.0571,86095.6764,96756.9364,89733.3095,101474.2001,114211.3557
2011-10-12 20:00:00,106899.4535,86753.2033,97679.8107,90475.5888,102447.1416,114860.2838
2011-10-13 20:00:00,108086.2957,86288.7509,97416.2408,90325.6334,102175.8304,115833.6761
2011-10-14 20:00:00,108772.5539,87280.0483,98605.1964,91892.6673,103427.9851,118003.5296
2011-10-17 20:00:00,107583.7841,86869.7637,98125.7954,90153.1847,102930.3079,116158.1402
2011-10-18 20:00:00,109083.3363,86749.8251,97966.711,91930.1561,102768.5809,117597.9495
2011-10-19 20:00:00,107564.6748,86547.3802,97421.2135,90827.9839,102201.484,115326.701
2011-10-20 20:00:00,107048.5252,86700.2298,97399.2119,91240.3613,102183.5129,114758.8888
2011-10-21 20:00:00,107267.7893,87679.1006,98427.0249,92904.8662,103266.9218,116218.9772
2011-10-24 20:00:00,109090.3243,87837.4654,98765.5934,94089.5138,103627.3019,118611.8998
2011-10-25 20:00:00,107288.5282,87441.0982,98439.8231,92282.5513,103290.6771,116279.8142
2011-10-26 20:00:00,106576.0941,88338.9864,98984.2688,93219.7725,103867.1162,116158.1402
2011-10-27 20:00:00,106952.4327,90729.0228,101329.5048,96368.8359,106333.2348,119341.9439
2011-10-28 20:00:00,107714.6863,90336.2427,100756.2355,96481.3024,105736.9737,119524.455
2011-10-31 20:00:00,106805.9941,89313.7934,99879.3673,94059.5227,104822.0457,117496.5545
2011-11-01 20:00:00,106649.4776,86853.1094,97426.5186,91532.7743,102253.0553,114454.7037
2011-11-02 20:00:00,106438.4386,88129.3663,98440.1031,92964.8484,103321.9657,115428.096
2011-11-03 20:00:00,107787.4841,89063.1868,99213.4321,94651.8466,104138.8119,117821.0186
2011-11-04 20:00:00,107744.811,88346.1717,98730.3344,94059.5227,103636.9381,117212.6484
2011-11-07 21:00:00,108578.8483,88327.6697,98657.0724,94681.8376,103565.217,118044.0876
2011-11-08 21:00:00,109036.4027,88777.9016,99363.9755,95866.4853,104312.4665,119402.7809
2011-11-09 21:00:00,107274.7359,86725.1692,97435.1803,92365.0268,102292.8297,115205.0269
2011-11-10 21:00:00,106166.1458,87854.2652,98390.768,93212.2748,103301.173,115144.1899
2011-11-11 21:00:00,107236.0316,88938.1573,99234.941,94936.7618,104192.6414,117314.0434
2011-11-14 21:00:00,106821.8684,88645.7256,98989.8256,94067.0205,103940.4898,116583.9993
2011-11-15 21:00:00,108326.0478,88401.061,98692.1596,94561.8733,103633.1341,117881.8556
2011-11-16 21:00:00,107307.0105,87478.425,97974.1559,93009.835,102884.3655,115935.0711
2011-11-17 21:00:00,105080.5914,87325.9618,97695.0598,91607.752,102596.426,113217.6844
2011-11-18 21:00:00,104247.3385,87521.7205,97707.6737,91465.2944,102614.8026,112345.6872
2011-11-21 21:00:00,103650.7871,86240.2835,96380.031,89688.3229,101225.6131,110196.1127
2011-11-22 21:00:00,104315.3069,86070.1525,96073.6919,89365.9188,100908.9337,110561.1348
2011-11-23 21:00:00,102729.2641,85257.0683,95346.3971,87394.0054,100150.0808,108066.8172
2011-11-25 18:00:00,102414.3523,85121.1456,94930.1141,87124.0856,99717.8324,107275.936
2011-11-28 21:00:00,103449.0671,87556.2477,97204.4081,89748.3051,102111.8143,110966.7149
2011-11-29 21:00:00,102857.5131,87837.1409,97146.256,90033.2203,102055.832,110277.2287
2011-11-30 21:00:00,103883.5232,90334.4397,99785.3204,93804.5986,104833.3721,114414.1457
2011-12-01 21:00:00,104615.353,90142.1926,99709.5864,93707.1276,104759.0486,115144.1899
2011-12-02 21:00:00,103296.5007,90974.3389,100687.9995,93617.1543,105792.248,114819.7258
2011-12-05 21:00:00,102877.9342,92383.295,102194.5299,94629.3533,107380.4397,116077.0241
2011-12-06 21:00:00,102495.685,92349.3966,102278.6886,94666.8421,107474.2381,115752.5601
2011-12-07 21:00:00,102778.6717,92037.5817,101986.879,95034.2328,107172.9789,115752.5601
2011-12-08 21:00:00,101686.1196,91401.2426,101320.6874,92957.3506,106478.2696,113785.4966
2011-12-09 21:00:00,103054.6835,91794.7744,101586.484,94494.3934,106762.9202,115630.886
2011-12-12 21:00:00,102976.4683,90974.4254,100512.4484,93152.2926,105639.4941,114333.0297
2011-12-13 21:00:00,101174.9018,91453.16,101167.0468,92305.0446,106332.765,113075.7314
2011-12-14 21:00:00,99967.765,91062.3015,100780.9792,91255.3568,105932.3009,111311.458
2011-12-15 21:00:00,98843.1854,92112.6974,101638.8853,91585.2587,106839.3547,111007.2729
2011-12-16 21:00:00,98820.2292,92738.0373,102175.714,91728.6954,107408.9928,111578.7944
2011-12-19 21:00:00,97523.2859,93107.1903,102561.7262,90785.528,107820.1464,110541.5143
2011-12-20 21:00:00,98843.4544,94580.5497,104160.5994,93471.6689,109506.3861,113795.7264
2011-12-21 21:00:00,98002.965,94621.6298,103503.8058,93690.4838,108821.3595,112127.9427
2011-12-22 21:00:00,98618.8982,94975.0542,103723.9246,94565.7432,109058.2281,113083.8675
2011-12-23 21:00:00,99268.9482,95205.2234,103923.9476,95365.5492,109273.9907,114060.1311
2011-12-27 21:00:00,99707.2289,95019.6794,103751.9691,95441.0026,109098.6224,114385.5523
2011-12-28 21:00:00,98672.6869,95044.9766,103617.6449,94256.3842,108962.831,113063.5286
2011-12-29 21:00:00,99217.1163,95260.8699,103780.2206,95146.7343,109139.2415,113877.0817
2011-12-30 21:00:00,99141.1212,95173.0085,103552.6057,94694.014,108905.3299,113551.6605
2012-01-03 21:00:00,99118.7435,96874.5389,105550.5951,96195.5366,111012.0423,115727.9147
2012-01-04 21:00:00,99689.5521,96634.1386,105378.3658,96301.1713,110836.4521,116216.0465
2012-01-05 21:00:00,100716.08,96159.8783,105151.7913,96655.8023,110603.6839,117171.9713
2012-01-06 21:00:00,101008.1933,96245.1498,105164.786,96444.5328,110622.8826,117538.0702
2012-01-09 21:00:00,100410.6173,96405.9919,105468.8895,96572.8036,110948.3003,117192.3101
2012-01-10 21:00:00,100077.9647,97440.6299,106580.1732,97432.9723,112122.8658,118046.5408
2012-01-11 21:00:00,100297.1575,97149.0124,106556.481,97523.5164,112103.5476,118290.6067
2012-01-12 21:00:00,100464.2084,97362.1295,106789.3296,97719.6952,112354.1229,118758.3997
2012-01-13 21:00:00,100632.1608,96718.2543,106217.0319,97342.4282,111757.6205,118331.2843
2012-01-17 21:00:00,100661.4219,97530.5868,107142.8088,97568.7884,112737.2765,119409.2421
2012-01-18 21:00:00,101802.9913,97555.8798,107338.1962,98693.044,112948.5029,120995.6704
2012-01-19 21:00:00,102019.4713,97879.1717,107765.8628,99206.1271,113404.1701,121748.207
2012-01-20 21:00:00,102305.3655,97688.1673,107292.3969,99560.7581,112911.6027,121565.1575
2012-01-23 21:00:00,102317.3639,97350.1289,107304.9832,99281.5805,112930.4937,121605.8352
2012-01-24 21:00:00,102570.1043,96745.9788,106815.0495,99191.0364,112420.5216,121361.7693
2012-01-25 21:00:00,102888.3797,96579.2358,107865.8656,100028.5692,113532.1037,122948.1976
2012-01-26 21:00:00,102086.4394,96996.9456,108288.7239,99523.0314,113982.8515,122480.4047
2012-01-27 21:00:00,102607.9917,96440.5589,108049.5411,99394.7606,113736.7909,122846.5035
2012-01-30 21:00:00,103545.1621,95535.2443,107131.7997,99130.6737,112776.4306,122927.8588
2012-01-31 21:00:00,103130.9176,95995.8546,107675.9279,99002.403,113354.8669,123070.2306
2012-02-01 21:00:00,103362.9215,96795.8368,108328.9492,99953.1158,114047.997,124107.5107
2012-02-02 21:00:00,103374.6372,96995.593,108678.5932,100111.5679,114421.8023,124534.626
2012-02-03 21:00:00,103821.2514,97977.6595,109649.3675,101537.6371,115449.599,126202.4097
2012-02-06 21:00:00,104118.3545,97550.4745,109237.449,101454.6384,115021.6633,126100.7155
2012-02-07 21:00:00,104415.6717,97356.9675,109143.8924,101703.6346,114928.9039,126365.1203
2012-02-08 21:00:00,104914.3875,97417.1054,109191.1363,102005.4482,114984.3983,127036.3015
2012-02-09 21:00:00,105293.9952,97556.3533,109605.2392,102118.6283,115426.2212,127992.2263
2012-02-10 21:00:00,105288.7305,96686.4864,108781.1595,101432.0024,114564.1471,127036.3015
2012-02-13 21:00:00,105467.4788,97300.1925,109611.6948,102133.719,115444.5632,128236.2922
2012-02-14 21:00:00,105931.6204,97029.3621,109362.8258,102005.4482,115188.2232,128521.0357
2012-02-15 21:00:00,104692.0394,97347.4873,109911.1811,101515.0011,115771.547,127666.8051
2012-02-16 21:00:00,106087.3672,97357.091,109940.7059,102646.8021,115808.4345,129415.944
2012-02-17 21:00:00,105731.9946,97695.7354,109952.4869,102925.9796,115826.6348,129009.1675
2012-02-21 21:00:00,105909.8657,97934.3559,110068.3305,102963.7063,115954.4586,129375.2664
2012-02-22 21:00:00,105604.3533,97742.8628,109872.4873,102631.7114,115753.94,128785.4404
2012-02-23 21:00:00,106148.6621,97687.6743,110023.1611,103076.8864,115918.4671,129639.6711
2012-02-24 21:00:00,106209.7806,97925.9186,110328.3624,103318.3373,116245.8176,130087.1252
2012-02-27 21:00:00,106939.1392,97284.536,109719.1104,103491.8801,115609.7007,130270.1747
2012-02-28 21:00:00,107917.9459,97300.9501,109816.4058,103793.6937,115718.0002,131592.1983
2012-02-29 21:00:00,107345.8767,97416.3319,109895.7808,103273.0653,115807.4268,131002.3724
2012-03-01 21:00:00,107788.8216,97731.7457,110299.7719,103952.1458,116238.9403,132039.6525
2012-03-02 21:00:00,107833.3113,97627.5454,110141.346,103612.6055,116077.7957,131917.6195
2012-03-05 21:00:00,106763.3921,97430.7078,110084.8947,103182.5212,116024.1057,130554.9182
2012-03-06 21:00:00,106758.0539,96385.6254,109016.0997,101613.0905,114903.4491,129293.9111
2012-03-07 21:00:00,107087.014,96659.9358,109525.1185,102382.7152,115445.7023,130310.8523
2012-03-08 21:00:00,107596.8206,97232.1132,110152.1425,103386.2454,116112.3936,131693.8924
2012-03-09 21:00:00,107856.8662,97468.5224,110333.7659,103801.239,116309.6502,132243.0407
2012-03-12 20:00:00,107917.8468,97456.5639,110294.3108,103808.7844,116273.8736,132283.7184
2012-03-13 20:00:00,109331.5541,98018.3814,110899.2812,105680.0286,116917.4559,134765.055
2012-03-14 20:00:00,109589.8151,98020.4788,111010.8952,105566.8485,117040.9727,135232.848
2012-03-15 20:00:00,109567.9029,98162.7031,111339.2622,106178.0211,117393.0285,135619.2857
2012-03-16 20:00:00,109315.909,98307.7231,111505.9739,106302.2994,117574.6743,135523.5332
2012-03-19 20:00:00,109917.4804,98253.7485,111684.7891,106764.5821,117769.1003,136501.4541
2012-03-20 20:00:00,110687.2128,97669.97,111079.1075,106408.3971,117136.3111,136725.561
2012-03-21 20:00:00,110681.6785,97699.8668,111090.1053,106218.9369,117153.7655,136745.9343
2012-03-22 20:00:00,111107.4579,97004.8929,110422.512,105461.0963,116455.5905,136460.7074
2012-03-23 20:00:00,110919.6505,97146.4283,110548.8781,105862.7518,116594.6834,136399.5873
2012-03-26 20:00:00,112099.1787,97788.3329,111269.8854,107317.8058,117360.9517,138762.8961
2012-03-27 20:00:00,112192.2526,97873.2146,111346.0059,106954.0423,117447.1072,138987.003
2012-03-28 20:00:00,111644.1749,97840.581,111389.4034,106423.5539,117498.755,138375.8024
2012-03-29 20:00:00,111770.716,97271.3447,110859.0311,106264.4073,116945.1684,137886.842
2012-03-30 20:00:00,111058.1341,97745.1377,111344.8846,106643.3276,117463.5423,137621.9884
2012-04-02 20:00:00,112319.8421,97684.6819,111223.934,107454.2171,117341.8185,139048.123
2012-04-03 20:00:00,112199.1106,97548.8992,111299.8556,107052.5616,117427.7832,139007.3763
2012-04-04 20:00:00,111497.6408,96791.3083,110462.3556,105976.4279,116550.0436,137112.6546
2012-04-05 20:00:00,112371.5681,96481.9195,110276.2848,105930.9575,116359.5458,137968.3354
2012-04-09 20:00:00,112920.4145,95207.0515,108902.9021,104756.3046,114916.22,136929.2945
2012-04-10 20:00:00,111149.8617,95002.5513,108848.8468,102945.0656,114864.9258,134728.9725
2012-04-11 20:00:00,110661.2612,96039.8639,109830.9941,103748.3766,115907.0996,135360.5464
2012-04-12 20:00:00,111703.153,96196.4145,110023.8728,105226.1657,116116.4442,136888.5478
2012-04-13 20:00:00,110363.4006,95921.4094,109674.4958,103922.6799,115753.5263,134830.8393
2012-04-16 20:00:00,108615.8263,96406.2581,110232.4652,103771.1118,116348.2105,133384.3313
2012-04-17 20:00:00,110345.4726,97056.209,110664.7181,105408.0475,116810.2623,136053.2404
2012-04-18 20:00:00,110373.0971,96632.6796,110344.3257,105029.1272,116477.918,135706.8934
2012-04-19 20:00:00,109536.08,96634.8206,109941.2309,104392.5411,116058.2408,134199.2654
2012-04-20 20:00:00,108637.3764,96973.7352,110519.9062,104544.1092,116674.9158,133812.1717
2012-04-23 20:00:00,108665.3406,95984.7384,109471.1046,103665.0141,115573.5387,132589.7706
2012-04-24 20:00:00,108275.1624,96036.0747,109263.779,104059.0912,115360.4345,131876.7033
2012-04-25 20:00:00,108908.8785,96905.5362,111520.2262,105521.7236,117748.5541,135401.2931
2012-04-26 20:00:00,109559.1157,96671.024,111481.0901,106226.5153,117713.1197,136175.4805
2012-04-27 20:00:00,109765.8351,96935.1617,111942.5224,106415.9755,118206.2327,137010.7879
2012-04-30 20:00:00,109301.8976,96730.1212,111587.365,105923.3791,117837.1129,136012.4937
2012-05-01 20:00:00,109591.4444,96752.9674,111464.7827,106658.4844,117713.5569,136236.6005
2012-05-02 20:00:00,110409.4653,96191.288,110909.1365,106309.8778,117132.6465,136582.9475
2012-05-03 20:00:00,109153.4054,96268.7635,111002.8534,105529.302,117237.4789,135156.8129
2012-05-04 20:00:00,107404.5483,95759.2736,109993.3583,103793.847,116177.1459,131795.2099
2012-05-07 20:00:00,108150.726,95418.8807,109341.739,103899.9447,115494.7017,131937.8234
2012-05-08 20:00:00,108431.0314,94864.2855,108644.0219,103445.2404,114763.4969,131448.863
2012-05-09 20:00:00,109513.8309,93886.5752,107375.6787,102869.2815,113429.4512,131224.7561
2012-05-10 20:00:00,108762.5561,94580.4623,107703.723,103028.428,113781.6619,130735.7957
2012-05-11 20:00:00,109114.1624,94026.13,107362.6553,102732.8702,113427.0362,130756.169
2012-05-14 20:00:00,109022.9656,93161.349,106437.227,101649.1582,112455.0065,129533.7679
2012-05-15 20:00:00,108367.6521,93101.1261,106716.4967,101058.0425,112755.6883,129105.9276
2012-05-16 20:00:00,107254.5285,93494.4287,107081.6458,100701.8574,113147.1393,128229.8734
2012-05-17 20:00:00,104949.3943,93489.7539,107110.3183,99178.5978,113183.0933,125520.2177
2012-05-18 20:00:00,103313.8649,93863.6962,107435.2819,98322.238,113532.1403,123951.4697
2012-05-21 20:00:00,105987.772,94148.3931,107588.838,100050.1145,113700.0873,127353.8193
2012-05-22 20:00:00,105559.8065,94371.8897,107893.2649,100186.5258,114027.4911,127211.2059
2012-05-23 20:00:00,106662.8127,93696.1455,106972.0562,100239.5747,113059.6088,127455.6861
2012-05-24 20:00:00,105806.2201,93974.8089,107120.5996,100436.6132,113222.2585,126620.3787
2012-05-25 20:00:00,105562.819,93934.656,107218.6584,100110.7418,113331.564,126457.3919
2012-05-29 20:00:00,105911.3827,94683.712,108215.1796,101323.2867,114390.5669,128066.8866
2012-05-30 20:00:00,105957.096,93892.8976,107228.4985,99830.3407,113353.2996,126966.7257
2012-05-31 20:00:00,105628.3949,93873.9476,107102.6943,99648.459,113225.9772,126437.0185
2012-06-01 20:00:00,104704.455,92384.2907,105164.4514,97124.8498,111182.5822,123075.4156
2012-06-04 20:00:00,105200.4461,92581.5098,105455.1368,97079.3794,111495.4615,124012.5897
2012-06-05 20:00:00,105992.9475,92417.8805,105086.0464,97784.1712,111110.8049,124521.9235
2012-06-06 20:00:00,107657.2347,93093.6981,105871.6884,100050.1145,111947.0446,127435.3127
2012-06-07 20:00:00,106101.2332,94125.6117,106932.7284,100072.8497,113074.5688,126864.8589
2012-06-08 20:00:00,107290.5697,93885.6805,106755.6574,100883.7392,112892.9812,128087.26
2012-06-11 20:00:00,104812.5259,94635.6262,107565.378,99618.1454,113754.8968,126090.6716
2012-06-12 20:00:00,105583.6744,94882.8721,107924.9816,100800.3767,114140.8804,127455.6861
2012-06-13 20:00:00,105188.9749,94514.3188,107574.5566,100110.7418,113775.9799,126579.632
2012-06-14 20:00:00,105640.9116,94709.9262,107551.8635,101224.7674,113757.6673,127109.3391
2012-06-15 20:00:00,106685.4351,95038.7475,107793.5613,102152.5919,114018.9992,128667.3929
2012-06-18 20:00:00,108125.7029,94672.5507,107309.1652,102403.9741,113512.3285,129831.3417
2012-06-19 20:00:00,108729.4555,95160.7932,107843.8899,103363.7972,114083.6394,131219.9122
2012-06-20 20:00:00,108572.0207,95205.1269,108039.8869,103173.3561,114296.6807,131281.1727
2012-06-21 20:00:00,105946.9372,95362.041,107950.4594,100888.0632,114207.7892,128013.948
2012-06-22 20:00:00,106699.6068,95839.6994,108306.6761,101634.5922,114590.3644,129361.6782
2012-06-25 20:00:00,105488.5306,94886.7107,107412.24,99989.1813,113649.7647,126849.9992
2012-06-26 20:00:00,105787.8429,95192.8097,107787.2733,100552.8869,114052.259,127666.8054
2012-06-27 20:00:00,106018.5366,95476.5131,108195.6546,101444.1511,114490.0796,128442.7712
2012-06-28 20:00:00,105605.668,94862.33,107381.7877,101154.6807,113634.5893,126992.9403
2012-06-29 20:00:00,106866.3232,96607.8143,109465.6928,103805.6204,115845.5212,131015.7107
2012-07-02 20:00:00,107043.9417,96787.3094,109613.7717,103950.3557,116008.0227,131424.1138
2012-07-03 17:00:00,107869.805,96817.9337,109659.3851,104719.7376,116062.0973,132506.3819
2012-07-05 20:00:00,108030.8003,96432.7794,109552.5065,104239.8261,115954.7815,132588.0626
2012-07-06 20:00:00,107122.7741,95525.9265,109040.8568,103287.6207,115419.0286,130872.7696
2012-07-09 20:00:00,107033.7936,95394.3365,108967.3499,103081.9444,115346.993,130688.9882
2012-07-10 20:00:00,105398.4012,95925.3316,109557.8168,102183.0625,115977.7969,129402.5185
2012-07-11 20:00:00,104943.4936,95984.8955,109414.0301,102198.2978,115831.3834,128687.8131
2012-07-12 20:00:00,104770.3906,95429.1991,108540.4697,101703.151,114912.3784,127462.6038
2012-07-13 20:00:00,106070.5978,95688.8932,108848.0399,103409.503,115243.7502,129422.9386
2012-07-16 20:00:00,105998.2035,95451.4949,108602.1632,103135.2679,114989.1884,129055.3759
2012-07-17 20:00:00,105892.9052,95883.8294,109284.0885,103874.1792,115716.9681,129749.6611
2012-07-18 20:00:00,107540.8826,95639.9585,109055.0339,104674.0317,115480.2164,131505.7944
2012-07-19 20:00:00,107983.3161,95788.3007,109794.6777,104925.414,116269.2116,132955.6253
2012-07-20 20:00:00,106650.5252,95254.9857,109738.5991,103957.9733,116215.6396,131260.7525
2012-07-23 20:00:00,107440.9658,93840.2788,107530.8285,102906.7386,113883.3718,129586.2999
2012-07-24 20:00:00,106387.719,93911.9983,107711.8433,102099.2684,114080.7744,128544.872
2012-07-25 20:00:00,106501.6111,94068.4589,106885.1442,102038.3273,113210.8972,127707.6457
2012-07-26 20:00:00,106395.5594,95440.1958,108417.9616,103729.444,114840.0914,129422.9386
2012-07-27 20:00:00,108240.4522,95954.0824,109182.3116,105732.8841,115655.4597,132608.4827
2012-07-30 20:00:00,107885.5016,95790.283,109328.1677,105641.4724,115815.746,132363.4409
2012-07-31 20:00:00,107680.6886,95668.0695,109491.3656,104902.561,115994.4188,132322.6006
2012-08-01 20:00:00,106602.7878,96364.94,110263.1445,104811.1493,116817.836,131934.6176
2012-08-02 20:00:00,107013.0955,95624.7254,109421.3995,104087.4732,115931.8936,131444.5339
2012-08-03 20:00:00,107318.5441,96991.6103,111200.8044,106182.325,117822.9684,133976.6331
2012-08-06 20:00:00,107589.8562,97202.4677,111754.5534,106357.5308,118415.5851,134997.6408
2012-08-07 20:00:00,108070.7952,97601.3995,112188.4784,106890.7658,118881.2946,136141.1694
2012-08-08 20:00:00,108292.9776,97248.7379,111863.1478,107020.2658,118542.4998,136039.0687
2012-08-09 20:00:00,108628.976,97112.3554,111840.7634,107126.9128,118524.706,136447.4717
2012-08-10 20:00:00,109064.0646,96720.7906,111433.4685,107286.8833,118098.9962,136508.7322
2012-08-13 20:00:00,109368.6379,96551.1364,111411.2277,107233.5598,118081.3299,136876.295
2012-08-14 20:00:00,109005.49,96896.1069,111804.5635,107248.7951,118504.1185,136917.1353
2012-08-15 20:00:00,109374.2376,96788.0274,111715.5992,107370.6773,118415.7485,137284.6981
2012-08-16 20:00:00,110260.3627,96879.3237,112108.8197,108178.1475,118838.4732,138897.8903
2012-08-17 20:00:00,110497.4645,97038.2079,112350.4404,108338.118,119100.5398,139510.4949
2012-08-20 20:00:00,110734.7201,96890.0707,112262.5992,108338.118,119013.3761,139714.6965
2012-08-21 20:00:00,109986.6473,97089.6069,112552.3276,107987.7064,119326.4776,139142.9321
2012-08-22 20:00:00,110628.1282,96824.4953,112315.4507,108033.4123,119081.3102,139673.8561
2012-08-23 20:00:00,110216.5923,96567.0447,111850.0641,107165.001,118593.8429,138591.588
2012-08-24 20:00:00,111155.1905,96301.3727,111580.7909,107804.883,118314.264,139449.2344
2012-08-27 20:00:00,110857.8868,96555.1397,112049.0503,107820.1183,118816.6968,139673.8561
2012-08-28 20:00:00,110949.673,96297.9069,111945.1592,107713.4713,118712.4717,139673.8561
2012-08-29 20:00:00,110944.1256,96347.5746,111939.562,107797.2654,118712.4717,139673.8561
2012-08-30 20:00:00,110286.9242,95927.4366,111443.002,107020.2658,118191.8029,138244.4453
2012-08-31 20:00:00,110216.7254,96489.3693,112260.4949,107591.589,119064.7114,139183.7724
2012-09-04 20:00:00,110308.4217,96382.071,112040.77,107309.7362,118837.622,139040.8314
2012-09-05 20:00:00,110238.0762,96534.616,111985.8035,107363.0597,118785.2629,138897.8903
2012-09-06 20:00:00,111939.9337,97111.9832,112671.6779,109526.4703,119518.7209,141920.0731
2012-09-07 20:00:00,112031.1566,97269.2286,112455.2915,109991.1465,119295.1607,141777.132
2012-09-10 20:00:00,110893.1101,97143.107,112158.124,109320.7939,118985.8833,139980.1585
2012-09-11 20:00:00,110693.4419,97219.4789,112152.5161,109610.2644,118985.8833,139735.1166
2012-09-12 20:00:00,110655.6726,97545.6871,112556.6429,109991.1465,119420.5826,140204.7802
2012-09-13 20:00:00,112083.8791,97500.2755,112600.1951,111750.822,119472.7617,142083.4344
2012-09-14 20:00:00,112688.3863,97621.679,112966.7704,112162.1748,119867.6846,143329.0638
2012-09-17 20:00:00,112666.704,97424.5248,113009.4053,111781.2926,119918.9174,143369.9041
2012-09-18 20:00:00,113047.191,97280.2291,112714.0284,111689.8809,119611.4768,143492.425
2012-09-19 20:00:00,113266.7963,97368.2531,112692.3526,111781.2926,119594.4551,143757.887
2012-09-20 20:00:00,113681.4779,96872.3631,112142.4651,111788.9103,119016.8682,143594.5258
2012-09-21 20:00:00,113191.9056,97311.5059,112712.6118,111726.8901,119627.916,143717.4065
2012-09-24 20:00:00,113365.2184,96819.7159,111727.2854,111497.1412,118588.118,142693.4865
2012-09-25 20:00:00,111478.7771,97060.9309,112106.5233,110424.9797,118996.573,140809.4738
2012-09-26 20:00:00,110710.2058,97002.2262,111954.1816,109735.733,118840.8184,139662.6834
2012-09-27 20:00:00,111983.9019,97396.7851,112227.6486,110830.8694,119137.0491,141628.6098
2012-09-28 20:00:00,111442.028,96914.0841,111816.356,110225.864,118706.3918,140440.8626
2012-10-01 20:00:00,110740.9542,97293.0433,112332.5096,110463.2712,119260.2857,140215.6002
2012-10-02 20:00:00,110574.3862,97733.3631,112819.0758,110662.3869,119782.8224,140625.1682
2012-10-03 20:00:00,110938.1881,97985.4915,113125.5889,111098.9098,120114.2442,141485.261
2012-10-04 20:00:00,111140.9909,98358.8363,113332.7902,112017.9054,120340.2516,142017.6993
2012-10-05 20:00:00,109987.349,98791.009,113899.0987,111910.6893,120947.5925,141259.9986
2012-10-08 20:00:00,109628.9662,98414.2426,113216.4158,111550.7493,120228.71,139969.8594
2012-10-09 20:00:00,108207.6719,98314.7318,112862.9064,110470.9295,119859.3167,137737.7139
2012-10-10 20:00:00,107687.2934,98275.7382,112823.7031,109728.0747,119823.6761,137041.4483
2012-10-11 20:00:00,106547.8542,98956.7243,113661.0364,109789.3411,120718.9517,136611.4019
2012-10-12 20:00:00,106510.5784,99006.9978,113638.3152,109391.1096,120700.8556,136549.9667
2012-10-15 20:00:00,106871.2686,99272.369,114058.6918,110287.1304,121153.3933,137532.9299
2012-10-16 20:00:00,108263.9735,99784.4131,114239.8033,111489.4829,121351.828,139560.2914
2012-10-17 20:00:00,108785.7421,99813.6952,113597.0975,111933.6641,120675.178,139457.8994
2012-10-18 20:00:00,107914.6337,99597.0033,113191.0755,111703.9152,120249.891,137860.5843
2012-10-19 20:00:00,105420.5059,99346.2061,113000.4632,109743.3913,120053.4043,134461.17
2012-10-22 20:00:00,106009.3794,99271.9114,112977.6032,109827.6326,120035.1202,135198.3924
2012-10-23 20:00:00,105858.3727,98207.8444,112047.8722,108250.0234,119053.3122,133908.2532
2012-10-24 20:00:00,104854.7197,98612.857,112642.006,108020.2745,119690.5451,133355.3364
2012-10-25 20:00:00,104098.5747,99321.0431,113518.5518,108311.2898,120627.9249,133437.25
2012-10-26 20:00:00,104396.9107,99238.8282,113512.8759,108250.0234,120627.9249,133826.3396
2012-10-31 20:00:00,103879.8629,99577.8848,113368.2403,108119.8324,120480.255,133007.2036
2012-11-01 20:00:00,104732.9175,99911.4622,114078.2144,109444.7177,121240.7924,134952.6516
2012-11-02 20:00:00,103081.5839,100472.7551,114539.9023,108410.8477,121737.5301,133375.8148
2012-11-05 21:00:00,103724.8411,100332.8783,114622.107,108671.2298,121830.9874,134317.8212
2012-11-06 21:00:00,103782.7959,100589.4766,114826.0825,109460.0343,122053.8829,134645.4756
2012-11-07 21:00:00,102420.8646,99683.6248,113545.466,107047.6709,120698.76,131409.8885
2012-11-08 21:00:00,100521.7135,99635.8519,113858.2894,105646.2026,121037.3259,129341.5702
2012-11-09 21:00:00,100882.5101,99385.3015,113924.7043,105807.0268,121113.9803,129894.4869
2012-11-12 21:00:00,100276.5984,99660.8784,114583.5539,105868.2932,121820.4626,129874.0085
2012-11-13 21:00:00,100383.127,99136.8283,113692.5213,105531.3281,120879.2449,129013.9158
2012-11-14 21:00:00,98728.5826,99426.8359,114210.1832,104137.5181,121435.6732,127478.0358
2012-11-15 21:00:00,98327.3368,99399.9289,114259.5137,103923.0858,121494.1964,127027.511
2012-11-16 21:00:00,98591.6802,99556.1084,114345.901,104420.8751,121592.1282,127478.0358
2012-11-19 21:00:00,99839.106,100697.4679,115681.1075,106565.1982,123018.0279,130611.2309
2012-11-20 21:00:00,99896.7484,100504.2811,115639.0484,106664.756,122979.4522,130652.1877
2012-11-21 21:00:00,99985.5974,100520.9039,115760.1431,106794.9471,123114.3826,130918.4069
2012-11-23 18:00:00,100898.1825,101013.2563,116406.2189,108234.7069,123807.6593,132863.8548
2012-11-26 21:00:00,101610.054,100550.7763,116149.2138,108112.1741,123540.5034,133519.1636
2012-11-27 21:00:00,101277.5512,100360.5592,116089.9634,107507.1687,123483.6596,133027.682
2012-11-28 21:00:00,102635.387,99919.4396,115530.1582,108349.5813,122894.3749,134174.4724
2012-11-29 21:00:00,102692.5813,100295.8156,116141.53,108870.3455,123550.862,134973.13
2012-11-30 21:00:00,102469.4157,100297.8559,116188.5866,108793.7625,123607.0981,134747.8676
2012-12-03 21:00:00,101552.5601,100822.3595,117083.327,108341.923,124565.1471,134584.0404
2012-12-04 21:00:00,101361.9984,100795.9381,117041.8418,108150.4656,124527.2392,134297.3428
2012-12-05 21:00:00,100397.9125,100926.511,116946.7538,108364.8979,124432.2962,132925.29
2012-12-06 21:00:00,101292.9048,100828.7406,116562.5546,108678.8881,124029.7268,133682.9908
2012-12-07 21:00:00,100176.7662,101257.1115,117199.5347,109054.1446,124713.7142,132945.7684
2012-12-10 21:00:00,100744.196,101124.0551,116886.7752,109146.0442,124387.138,133355.3364
2012-12-11 21:00:00,101353.7338,101509.2475,117688.6558,109835.2909,125246.6928,135096.0004
2012-12-12 21:00:00,100599.8221,101921.7599,118307.1617,109927.1904,125911.1819,134809.3028
2012-12-13 21:00:00,100028.2482,101845.658,118067.6153,109253.2603,125662.5345,133785.3828
2012-12-14 21:00:00,99745.6904,101597.8381,117230.3771,108839.7123,124777.7226,132474.7653
2012-12-17 21:00:00,100973.0823,101864.4101,117333.2468,110118.6478,124893.454,134235.9076
2012-12-18 21:00:00,102025.5842,102008.0861,117918.0738,111359.2919,125522.2082,136324.7043
2012-12-19 21:00:00,101256.1318,102101.1986,118213.3056,110486.2461,125842.7546,135648.9172
2012-12-20 21:00:00,101068.0208,102159.7874,118457.2419,111152.5179,126108.7266,135689.874
2012-12-21 21:00:00,101514.7203,100795.0712,116630.2242,110112.8471,124170.0021,134201.0355
2012-12-24 18:00:00,101572.0863,100564.1126,116373.8444,109773.4925,123903.2567,133995.1109
2012-12-26 21:00:00,100599.9516,100763.9857,116457.4477,109249.0354,123998.4643,132821.3409
2012-12-27 21:00:00,100345.6033,100830.0834,116559.9573,109202.7598,124113.8117,132615.4164
2012-12-28 21:00:00,100136.472,100155.6423,115667.2601,107876.1919,123169.4675,131338.6841
2012-12-31 21:00:00,102331.9213,100043.2252,115534.5293,109920.032,123034.2862,134077.4807
2013-01-02 21:00:00,103047.56,101975.6304,118403.3638,112719.7072,126095.4987,138381.304
2013-01-03 21:00:00,102551.6319,101858.8922,118379.8241,112395.7778,126076.7345,137701.753
2013-01-04 21:00:00,102163.1624,102021.5488,118391.6081,112951.0853,126095.5885,137207.5341
2013-01-07 21:00:00,102511.6664,101612.402,118065.8552,112542.3173,125754.943,137310.4963
2013-01-08 21:00:00,102383.4776,101468.05,117989.1266,112241.5257,125679.5052,137063.3869
2013-01-09 21:00:00,102608.8826,101713.9798,118089.5875,112596.3055,125792.798,137495.8284
2013-01-10 21:00:00,102512.178,102217.4988,118897.2402,113429.2668,126659.425,138319.5267
2013-01-11 21:00:00,102690.2734,102205.4377,118838.1925,113429.2668,126602.8554,138504.8588
2013-01-14 21:00:00,102746.5198,102075.2375,118231.5223,113344.4281,125962.8766,137887.0851
2013-01-15 21:00:00,102741.3825,101604.7662,117642.9285,113429.2668,125342.0918,137207.5341
2013-01-16 21:00:00,103013.4254,101399.3366,117795.9517,113413.8416,125511.3968,137763.5304
2013-01-17 21:00:00,103084.9559,101814.8963,118265.4716,114123.4011,126017.945,138422.489
2013-01-18 21:00:00,103156.7078,101830.4479,117907.6825,114401.0549,125643.0032,138113.6021
2013-01-22 21:00:00,103213.0076,101832.2215,118024.8456,114994.9254,125774.135,138340.1191
2013-01-23 21:00:00,103253.6787,101840.7895,118686.5455,115203.1657,126485.5695,139184.4098
2013-01-24 21:00:00,103248.516,101665.2469,117047.5517,115241.7287,124745.2,137269.3114
2013-01-25 21:00:00,103444.076,101973.1472,117410.436,115881.8748,125138.1866,137969.4549
2013-01-28 21:00:00,103655.0233,102022.3438,117422.0894,115743.048,125156.864,138278.3418
2013-01-29 21:00:00,103788.9333,101820.0915,117276.326,116198.0916,125007.7568,138298.9342
2013-01-30 21:00:00,103382.657,101801.4839,117480.009,115750.7606,125231.1179,138010.6398
2013-01-31 21:00:00,103223.1624,101694.6466,117421.5477,115457.6816,125175.061,137742.9379
2013-02-01 21:00:00,103708.5182,102341.7119,118205.6257,116676.273,126017.1715,139328.557
2013-02-04 21:00:00,102485.409,101680.3848,117518.3646,115326.5673,125290.7941,136898.6472
2013-02-05 21:00:00,103570.0652,102239.7007,118025.129,116522.021,125837.3394,138957.8928
2013-02-06 21:00:00,103564.8867,101862.3896,117599.4585,116599.147,125389.7851,138463.6739
2013-02-07 21:00:00,103528.9405,101877.51,117733.4946,116429.4697,125538.9699,138587.2286
2013-02-08 21:00:00,104059.4697,102061.3781,118322.3982,117077.3284,126173.1935,140008.1081
2013-02-11 21:00:00,104023.6745,102029.3814,118386.0937,117054.1906,126247.424,140049.293
2013-02-12 21:00:00,103727.4766,102031.0025,118223.51,117231.5805,126080.3563,139472.7042
2013-02-13 21:00:00,103783.3692,102240.7031,118566.7012,117347.2696,126452.6592,139966.9232
2013-02-14 21:00:00,104223.0098,101939.9229,118020.0096,117470.6712,125875.9294,139925.7382
2013-02-15 21:00:00,103926.3301,102015.141,117996.7399,117362.6948,125857.4046,139513.8891
2013-02-19 21:00:00,104456.9943,102150.8247,118217.2545,118157.093,126098.9022,140502.327
2013-02-20 21:00:00,102874.6577,102079.0391,118194.0174,116660.8478,126080.4208,138360.7116
2013-02-21 21:00:00,102147.2091,101830.9862,117748.3323,115997.5639,125611.3018,136878.0548
2013-02-22 21:00:00,102600.5035,102326.9248,118415.5962,117146.7419,126329.4046,138278.3418
2013-02-25 21:00:00,100682.1482,102800.1291,119150.324,114925.5119,127119.5513,136548.5755
2013-02-26 21:00:00,100919.7217,103271.0114,119306.0846,115704.4849,127292.0857,137063.3869
2013-02-27 21:00:00,101930.5443,103176.3582,119300.1193,117162.1671,127292.0857,138443.0814
2013-02-28 21:00:00,101698.0934,103144.0317,119329.6444,116869.0881,127329.9534,138175.3795
2013-03-01 21:00:00,102468.6332,102839.3736,118914.6493,117316.4192,126893.502,138751.9682
2013-03-04 21:00:00,103256.8941,102597.6016,118520.4397,117941.1401,126479.1866,139369.7419
2013-03-05 21:00:00,104161.7509,103082.2458,119214.9891,118997.7668,127226.6995,141428.9875
2013-03-06 21:00:00,103566.8624,103437.8695,119573.5471,119159.7315,127615.7153,141058.3233
2013-03-07 21:00:00,103712.6782,103559.9028,119724.6723,119406.5348,127783.3856,141449.58
2013-03-08 21:00:00,103451.6719,103989.5132,120119.5694,119884.7163,128211.2525,141573.1347
2013-03-11 20:00:00,103883.3221,103924.1036,119991.2599,120339.7599,128080.7102,142026.1687
2013-03-12 20:00:00,103802.5984,103852.3022,119637.3083,120038.9684,127709.3002,141511.3573
2013-03-13 20:00:00,103525.8712,103920.5082,119788.0109,120193.2205,127876.5563,141326.0252
2013-03-14 20:00:00,103520.6949,104228.7274,120200.9217,120879.6422,128323.7423,141820.2442
2013-03-15 20:00:00,103154.1375,104116.6373,120263.6748,120763.4364,128397.1522,141406.0102
2013-03-18 20:00:00,103878.4139,103049.4257,119151.7484,120058.4408,127216.4457,141096.4072
2013-03-19 20:00:00,103373.2947,103257.0616,119511.8216,119779.5414,127607.251,140848.7248
2013-03-20 20:00:00,103322.9914,103852.9683,120328.9784,120569.7563,128486.1403,141756.8936
2013-03-21 20:00:00,103090.1747,103287.2379,119271.7479,119570.3668,127363.6639,140208.8786
2013-03-22 20:00:00,103659.3387,103623.3751,119757.4093,120546.5147,127888.6429,141571.1318
2013-03-25 20:00:00,102915.9916,103877.9183,120135.5391,120135.9128,128298.8412,141013.8464
2013-03-26 20:00:00,103075.8714,104227.7596,120621.8911,120972.611,128824.6561,141818.8142
2013-03-27 20:00:00,103961.907,103635.1615,119790.7648,120980.3582,127943.4512,142066.4966
2013-03-28 20:00:00,104213.5916,103610.0703,119732.5637,121282.4992,127887.6863,142355.4594
2013-04-01 20:00:00,103423.2307,103637.9815,119813.3776,120895.1389,127980.3988,141385.37
2013-04-02 20:00:00,103733.6033,103991.4315,120384.59,121491.6737,128596.9467,142499.9408
2013-04-03 20:00:00,102722.3148,104052.5446,120448.3185,120197.8904,128671.4525,141199.6082
2013-04-04 20:00:00,102792.29,104235.1261,120389.4756,120740.1948,128615.0259,141240.8886
2013-04-05 20:00:00,103550.2706,102979.2266,118483.403,120221.1321,126585.1526,140043.757
2013-04-08 20:00:00,104048.4307,103020.5304,118547.3291,121019.0942,126659.7791,140807.4444
2013-04-09 20:00:00,104469.1575,103193.4445,118854.1915,121437.4433,126993.9737,141756.8936
2013-04-10 20:00:00,106131.3176,103464.784,119263.5808,122971.3899,127437.75,144522.6804
2013-04-11 20:00:00,106308.3412,103433.5376,118968.0603,123351.003,127128.3467,144419.4794
2013-04-12 20:00:00,106485.7384,103097.0564,118707.071,123010.126,126855.812,144357.5588
2013-04-15 20:00:00,104798.6581,102598.4278,118208.9273,120213.3849,126329.8157,141488.571
2013-04-16 20:00:00,105583.7778,103353.678,118892.7845,121956.5061,127066.97,143387.4694
2013-04-17 20:00:00,104398.0208,102619.7428,117859.9841,120112.6712,125969.5152,140559.762
2013-04-18 20:00:00,102634.7437,102806.5605,118182.9222,119415.4227,126320.972,138578.3028
2013-04-19 20:00:00,103834.3883,103001.5108,118458.6524,120453.5482,126622.005,140539.1218
2013-04-22 20:00:00,104528.2134,103195.103,118870.2662,121011.347,127068.3155,141983.9358
2013-04-23 20:00:00,104915.8366,103692.0449,119538.2492,122243.1527,127788.7202,143325.5488
2013-04-24 20:00:00,105137.7469,103706.5749,119256.8385,122328.3719,127494.2762,143304.9086
2013-04-25 20:00:00,105419.504,103931.2648,119542.8772,122878.4235,127806.4471,144047.9558
2013-04-26 20:00:00,105338.5224,103749.1472,119245.708,122607.2713,127495.1261,143593.8714
2013-04-29 20:00:00,105967.1884,103999.6287,119616.8344,123412.9807,127898.3017,144914.8442
2013-04-30 20:00:00,106610.0535,103987.9002,119764.1866,123707.3745,128062.2505,145988.1346
2013-05-01 20:00:00,106077.2489,103748.2592,119775.131,122653.7545,128080.3563,145286.3678
2013-05-02 20:00:00,107230.3549,103972.4293,119973.3334,123738.3633,128298.7061,147123.3456
2013-05-03 20:00:00,107448.4831,104885.094,121128.6927,124977.9161,129540.6548,148857.1224
2013-05-06 20:00:00,107666.1871,104970.8733,121340.977,125334.2876,129774.1585,149435.048
2013-05-07 20:00:00,107393.5684,105166.7681,121536.0276,125992.8,129989.2538,149311.2068
2013-05-08 20:00:00,107967.3399,105025.7105,121496.3495,126542.8516,129953.3154,150074.8942
2013-05-09 20:00:00,108080.963,104988.3098,121256.3386,126225.2162,129703.0958,149951.053
2013-05-10 20:00:00,108506.3379,105047.4981,121433.8711,126597.082,129899.4804,150776.661
2013-05-13 20:00:00,108813.3537,104926.5334,121228.3187,126697.7957,129686.0932,150962.4228
2013-05-14 20:00:00,109343.3533,105036.7743,121255.4069,128045.8094,129721.5556,151746.7504
2013-05-15 20:00:00,109770.0144,104859.9353,121018.4443,128719.8163,129474.5342,152056.3534
2013-05-16 20:00:00,109570.9805,104627.4905,121110.956,128092.2927,129579.9838,151911.872
2013-05-17 20:00:00,110054.3275,105020.9244,121713.7463,129355.0871,130231.4049,153356.686
2013-05-20 20:00:00,110093.3451,104915.0364,121478.3211,129355.0871,129986.016,153129.6438
2013-05-21 20:00:00,110266.009,104985.1923,121406.7514,129463.548,129915.9332,153294.7654
2013-05-22 20:00:00,109207.66,105124.4382,121547.8011,128541.6306,130073.3646,152015.073
2013-05-23 20:00:00,109920.5726,104029.4156,120419.4901,128177.5119,128872.4157,151602.269
2013-05-24 20:00:00,110623.1723,103414.3107,119610.1261,128084.5455,128012.6814,151560.9886
2013-05-28 20:00:00,110066.5361,104510.0242,120972.4215,128836.0244,129477.0782,152531.078
2013-05-29 20:00:00,109971.3046,103945.4846,120475.2805,127999.3262,128951.4608,151788.0308
2013-05-30 20:00:00,110503.9285,104040.9488,120518.4036,128518.389,129004.0654,152592.9986
2013-05-31 20:00:00,109763.3107,103703.3475,120072.232,126465.3795,128532.9292,151024.3434
2013-06-03 20:00:00,109922.6323,104104.7425,120213.9187,127348.561,128691.0263,151437.1474
2013-06-04 20:00:00,109124.8202,104131.2031,120470.0619,126713.2901,128971.6664,150673.46
2013-06-05 20:00:00,108024.5162,103833.1355,120067.9724,124869.4553,128547.65,148671.3606
2013-06-06 20:00:00,108318.5593,103834.3859,120261.999,126000.5472,128761.8068,149331.847
2013-06-07 20:00:00,109356.1006,104588.9269,120837.7647,127681.6908,129384.7043,151499.068
2013-06-10 20:00:00,109187.0373,104894.6529,121045.7407,127673.9436,129613.8598,151540.3484
2013-06-11 20:00:00,109196.5989,103915.5683,119836.1554,126372.4131,128325.1358,150054.254
2013-06-12 20:00:00,107294.2757,104617.4978,120505.9934,125311.046,129048.8401,148279.1968
2013-06-13 20:00:00,108739.4399,104547.5884,120349.0001,127224.6057,128887.1698,150095.5344
2013-06-14 20:00:00,108016.6454,104421.4011,120409.1812,126411.1491,128958.0648,149187.3656
2013-06-17 20:00:00,108203.9991,105139.3288,121352.7074,127441.5274,129975.028,150632.1796
2013-06-18 20:00:00,108909.2884,105172.4205,121512.9219,128363.4448,130153.1248,151829.3112
2013-06-19 20:00:00,107660.8565,105116.3815,121572.9218,126697.7957,130223.8986,150178.0952
2013-06-20 20:00:00,106188.4595,104037.7225,120163.3075,123389.739,128720.4891,146421.5788
2013-06-21 20:00:00,105523.0354,104813.976,120265.3995,123872.6205,128836.2873,145642.2605
2013-06-24 20:00:00,105336.4741,103727.975,119421.5976,122268.2345,127938.7926,144379.227
2013-06-25 20:00:00,105076.8436,104733.7052,120563.0878,123561.0892,129168.0912,145414.5004
2013-06-26 20:00:00,105116.0887,105573.4679,121604.2401,124744.908,130290.0125,146739.6503
2013-06-27 20:00:00,105007.5465,106214.1404,122233.0346,125492.5831,130970.2341,147360.8144
2013-06-28 20:00:00,105387.1018,105892.4219,121849.0774,124620.2955,130565.3802,147443.6362
2013-07-01 20:00:00,105352.4562,106727.5958,122766.9914,125702.8667,131555.4842,148520.3206
2013-07-02 20:00:00,105420.6766,106517.2684,122675.2773,125515.9479,131463.7824,148520.3206
2013-07-03 17:00:00,106241.3091,106082.3308,122241.5843,125656.137,131005.5927,149162.1901
2013-07-05 20:00:00,106411.9903,106859.4611,122914.2151,126987.9332,131732.9974,150238.8744
2013-07-08 20:00:00,105954.5355,107424.2974,123585.656,127681.0903,132459.1992,150425.2236
2013-07-09 20:00:00,106094.4008,108113.5081,124157.8542,128568.9544,133079.1046,151336.2642
2013-07-10 20:00:00,106801.0415,108075.3567,124032.7374,128670.202,132951.6516,152205.8938
2013-07-11 20:00:00,107845.0253,109312.8751,125359.4954,130461.5068,134380.4614,155353.1249
2013-07-12 20:00:00,108213.3463,109255.2034,125353.2274,130461.5068,134380.4614,155891.4671
2013-07-15 20:00:00,108351.4928,109543.2446,125496.8043,131014.4748,134541.0968,156284.871
2013-07-16 20:00:00,108116.5473,109557.3031,125573.6619,130453.7185,134630.2205,156057.1108
2013-07-17 20:00:00,108068.2381,109983.5137,125950.5853,130819.7678,135041.0597,156471.2202
2013-07-18 20:00:00,107805.3591,110187.5444,125910.9543,131528.5014,135005.3203,156057.1108
2013-07-19 20:00:00,107612.406,109921.0508,124818.7875,131801.0913,133841.0181,154442.0844
2013-07-22 20:00:00,107463.3698,110019.4806,125348.034,132011.3749,134415.2121,154897.6047
2013-07-23 20:00:00,106468.674,110202.2135,125576.3439,131730.9967,134666.7577,153758.8039
2013-07-24 20:00:00,105767.6625,110626.7227,126804.5214,131271.4881,135990.5758,154255.7351
2013-07-25 20:00:00,105931.9415,110371.7807,127393.9071,131567.4428,136629.4577,155228.8921
2013-07-26 20:00:00,106919.7125,109915.4451,126877.7579,131707.6319,136082.7212,156057.1108
2013-07-29 20:00:00,106928.5808,109643.464,126618.9042,131255.9116,135811.8918,155767.2343
2013-07-30 20:00:00,107107.3498,110041.3459,127067.0077,131310.4295,136299.3199,156595.453
2013-07-31 20:00:00,107087.8605,110257.754,127312.6715,131357.1592,136569.6478,156885.3296
2013-08-01 20:00:00,107433.4297,111128.2366,128180.0367,132907.0273,137506.9081,158479.6506
2013-08-02 20:00:00,108017.5034,110894.7582,128190.3745,133140.6757,137524.8735,159369.9857
2013-08-05 20:00:00,108180.6604,110668.6565,128067.3829,133023.8515,137399.8021,159473.513
2013-08-06 20:00:00,107654.9492,110365.0693,127911.3292,132190.5054,137239.2467,158521.0615
2013-08-07 20:00:00,107762.3828,110034.4315,127537.3724,131762.1499,136844.881,158231.185
2013-08-08 20:00:00,107700.8976,110562.2566,128231.9337,132252.8116,137596.9727,159017.9927
2013-08-09 20:00:00,107456.7079,110393.955,128008.4628,131855.6092,137364.0612,158396.8287
2013-08-12 20:00:00,108114.1258,109847.2246,127500.0684,131699.8436,136825.3786,158748.8217
2013-08-13 20:00:00,108601.6202,110036.612,127659.9906,132159.3522,137003.8387,159680.5677
2013-08-14 20:00:00,108229.8165,109946.8108,127570.8405,131419.4655,136915.0136,159038.6982
2013-08-15 20:00:00,107597.3988,109087.7498,126136.1203,129495.7599,135382.0503,156346.9874
2013-08-16 20:00:00,107506.5337,108931.3952,126146.5181,129184.2286,135399.9793,156243.4601
2013-08-19 20:00:00,107301.7821,108774.9013,126190.3618,128319.7294,135453.8092,156015.6999
2013-08-20 20:00:00,107594.9118,108947.7171,126418.5134,128966.1567,135705.4818,156740.3913
2013-08-21 20:00:00,107561.0075,108652.7776,125977.9942,128163.9637,135239.3864,156160.6382
2013-08-22 20:00:00,108137.8078,108904.8473,126522.9116,129332.206,135831.1259,157692.8428
2013-08-23 20:00:00,108104.2033,109220.7521,127413.6755,129807.2912,136794.2143,158769.5271
2013-08-26 20:00:00,108070.6203,109280.8222,127490.3862,129262.1114,136883.4124,158831.6435
2013-08-27 20:00:00,107024.4311,108195.5211,125971.6111,127174.8519,135259.5836,155435.9468
2013-08-28 20:00:00,107560.9757,108203.3633,125931.7514,127657.7254,135223.548,156181.3437
2013-08-29 20:00:00,108340.0896,107947.1003,125892.0644,127899.1621,135187.694,157278.7334
2013-08-30 20:00:00,107508.3016,108099.4627,126018.3576,127455.2301,135330.0717,156243.4601
2013-09-03 20:00:00,107234.4733,109137.7311,127064.158,128023.7746,136459.9146,157154.5006
2013-09-04 20:00:00,108003.5202,109185.3891,127493.0707,129098.5575,136927.3662,158831.6435
2013-09-05 20:00:00,108110.6823,109239.2124,127569.7967,129176.4403,137016.6163,159100.8146
2013-09-06 20:00:00,107866.9004,109642.0967,127995.0703,129316.6294,137480.2331,159287.1638
2013-09-09 20:00:00,108657.3152,109907.3522,128537.72,130586.1193,138069.9703,161150.6559
2013-09-10 20:00:00,108540.8376,110537.6899,129274.4766,131497.3483,138868.2677,161916.7582
2013-09-11 20:00:00,109066.3092,110414.319,128424.9185,131910.1272,137962.605,161647.5872
2013-09-12 20:00:00,108963.0761,110395.76,128434.9472,131653.1139,137980.2767,161523.3543
2013-09-13 20:00:00,108915.7674,110449.017,128560.2367,131878.9741,138121.7768,161626.8817
2013-09-16 20:00:00,107706.6032,111637.1501,129640.79,132696.7437,139289.6012,161192.0669
2013-09-17 20:00:00,108198.1978,111690.5385,129917.4028,133234.1351,139593.766,162289.4567
2013-09-18 20:00:00,109364.51,111619.6645,130093.2355,134846.3094,139789.6746,164277.1816
2013-09-19 20:00:00,109276.5648,111865.5082,130447.4633,134589.2961,140177.2941,164608.4691
2013-09-20 20:00:00,108624.6568,112074.571,130749.8552,133532.7339,140509.2497,164022.2051
2013-09-23 20:00:00,107975.5848,111990.1433,131306.1811,133000.5439,141114.1262,163752.2268
2013-09-24 20:00:00,107737.8335,111971.3638,131549.4056,132710.9699,141382.5741,163710.6916
2013-09-25 20:00:00,107336.4018,111992.1783,131642.9545,132350.9591,141490.1849,163233.0377
2013-09-26 20:00:00,107725.6541,112125.65,132105.3295,132804.8858,141994.2211,164416.7887
2013-09-27 20:00:00,108226.6646,111564.999,131331.155,132225.7379,141169.1947,164229.8807
2013-09-30 20:00:00,109051.1063,110575.5092,129946.176,131560.5004,139687.5251,163752.2268
2013-10-01 20:00:00,110137.6854,110602.8702,130005.5994,132577.9224,139758.3875,165475.9344
2013-10-02 20:00:00,110841.9361,109905.256,129118.0371,132350.9591,138811.2298,165413.6317
2013-10-03 20:00:00,109665.9701,109678.7934,128949.4744,131184.8368,138636.9533,163461.4809
2013-10-04 20:00:00,110607.8046,109751.8291,128959.4098,132178.7799,138654.5669,164894.4427
2013-10-07 20:00:00,110658.4916,108797.5721,127816.0401,131028.3104,137432.1715,163523.7836
2013-10-08 20:00:00,108516.8029,108811.6276,127809.6493,129510.0036,137432.1715,160367.1141
2013-10-09 20:00:00,107894.4857,109029.7546,128101.1834,129580.4405,137752.5262,159827.1575
2013-10-10 20:00:00,108998.4033,110176.6983,129509.6173,132452.7013,139273.9613,163253.8053
2013-10-11 20:00:00,110132.8423,109949.8465,129173.6427,133282.2916,138919.6197,164541.3941
2013-10-14 20:00:00,111581.7884,109259.9871,128384.6099,133861.4395,138078.0015,165704.3776
2013-10-15 20:00:00,111226.3354,108922.3492,128281.6488,132828.3648,137974.1704,165060.5832
2013-10-16 20:00:00,111945.1034,109558.6798,128872.419,134651.8982,138616.4759,166908.8962
2013-10-17 20:00:00,113044.6877,109126.5566,128304.7542,135606.7097,138012.8207,167822.6689
2013-10-18 20:00:00,113828.8795,109486.388,129520.8939,136459.779,139327.8792,170605.5222
2013-10-21 20:00:00,113767.891,109549.9863,129813.9792,136530.2159,139650.1226,170917.0357
2013-10-22 20:00:00,113431.8421,109852.2159,130359.5528,137234.585,140244.0174,171145.4788
2013-10-23 20:00:00,113287.9233,109502.1625,129783.572,136663.2634,139631.3752,170190.171
2013-10-24 20:00:00,113710.5425,109666.0013,129856.2674,137148.4954,139716.5682,170937.8032
2013-10-25 20:00:00,113431.1196,109829.4852,131064.5641,137688.5118,141023.5996,172121.5543
2013-10-28 20:00:00,113493.8542,109805.2654,131105.4522,137931.1278,141074.6458,172287.6948
2013-10-29 20:00:00,113297.2042,110048.9927,131478.1798,138698.1075,141482.7692,172495.3704
2013-10-30 20:00:00,112761.4145,110136.6363,131930.6556,138001.5647,141976.7495,172287.6948
2013-10-31 20:00:00,112783.0234,110037.4387,131621.9036,137531.9853,141651.5858,171934.6462
2013-11-01 20:00:00,112397.232,110232.3123,132060.4745,137852.8646,142130.6587,171934.6462
2013-11-04 21:00:00,112215.6954,110583.5193,132484.5554,138416.3599,142594.1842,172225.3921
2013-11-05 21:00:00,112807.7714,110140.308,131966.7162,137962.4331,142043.9594,172474.6028
2013-11-06 21:00:00,112287.9538,110622.1475,132468.5989,138666.8022,142591.2691,172349.9974
2013-11-07 21:00:00,110145.0672,110828.895,132493.8995,136937.1847,142625.6326,169110.2578
2013-11-08 21:00:00,111231.0391,110747.3436,132991.6725,138768.5444,143168.6013,171436.2247
2013-11-11 21:00:00,111238.9732,110635.6247,132775.5872,138752.8918,142943.139,171187.014
2013-11-12 21:00:00,111747.905,110411.6797,132334.0412,138510.2758,142474.9278,171415.4572
2013-11-13 21:00:00,113854.6256,109863.3963,131461.6578,139559.0031,141542.8165,173512.9809
2013-11-14 21:00:00,114422.852,109987.2847,131093.1914,140341.6355,141153.1714,173907.5646
2013-11-15 21:00:00,114608.2451,110116.724,131211.8751,140967.7414,141288.0204,174364.451
2013-11-18 21:00:00,113537.5346,110276.2832,131174.0587,140482.5093,141254.3644,172703.046
2013-11-19 21:00:00,113272.234,110172.473,131057.0841,140114.6721,141135.4634,172163.0894
2013-11-20 21:00:00,112694.2131,110400.8109,131398.3305,139707.7033,141510.0087,171747.7381
2013-11-21 21:00:00,113367.0505,110685.9658,131947.8599,140850.3465,142108.9023,173512.9809
2013-11-22 21:00:00,113794.9082,110674.2812,132146.5674,141507.7577,142330.0173,174447.5212
2013-11-25 21:00:00,113654.2144,110870.7414,132596.1804,141429.4945,142821.3947,174842.1049
2013-11-26 21:00:00,114309.8613,110889.739,132621.0498,141374.7102,142855.3231,175901.2506
2013-11-27 21:00:00,114870.3031,111031.5236,132770.9962,141750.3737,143023.9834,176981.1638
2013-11-29 18:00:00,115092.7965,111160.8381,133294.0706,141601.6736,143594.6025,178040.3094
2013-12-02 21:00:00,114631.0695,111278.1572,133427.339,141296.447,143745.3492,177521.1204
2013-12-03 21:00:00,114625.3379,110908.9392,133295.7941,140756.4306,143610.8191,177354.9799
2013-12-04 21:00:00,115185.6577,110508.722,132742.8351,140615.5568,143022.2502,177500.3528
2013-12-05 21:00:00,114937.5724,110349.4303,132875.9763,140099.0195,143172.8528,177313.4448
2013-12-06 21:00:00,114798.3324,111404.1945,133989.8608,141617.3262,144380.2135,178601.0336
2013-12-09 21:00:00,114792.5924,111724.9256,134528.4689,141969.5108,144967.8073,179327.8983
2013-12-10 21:00:00,114893.3765,111448.3417,134303.6303,141460.7998,144732.7698,179203.2929
2013-12-11 21:00:00,113422.8345,111479.7646,134281.3509,139872.0561,144715.997,176898.0935
2013-12-12 21:00:00,113084.3889,111424.2892,134321.9301,139410.303,144766.9653,176441.2072
2013-12-13 21:00:00,112403.0899,111631.3956,134947.6148,139394.6503,145448.5423,176212.764
2013-12-16 21:00:00,112476.5619,112133.4858,135608.8462,140263.3723,146168.4997,177209.607
2013-12-17 21:00:00,112220.5216,112221.7304,135617.958,139731.1822,146185.6295,176835.7908
2013-12-18 21:00:00,113386.4796,112467.5403,135770.4466,142204.3005,146357.3097,178891.7795
2013-12-19 21:00:00,113248.9655,112152.43,135542.9956,142047.774,146119.4408,178393.358
2013-12-20 21:00:00,114140.952,112246.2364,135793.3152,142889.7894,146396.5988,180148.4199
2013-12-23 21:00:00,114397.0061,112753.7003,136948.6286,143645.2371,147649.4436,182106.7814
2013-12-24 18:00:00,114417.455,112766.5934,136973.1159,143952.1378,147683.2268,182190.1159
2013-12-26 21:00:00,114581.5124,113032.1916,137216.8756,144668.2392,147953.4305,182794.2912
2013-12-27 21:00:00,114145.369,113223.2888,137382.0441,144668.2392,148138.9203,182335.9513
2013-12-30 21:00:00,114139.6617,113266.898,137171.1112,144652.5007,147918.8785,182065.1141
2013-12-31 21:00:00,114668.4751,113446.0898,137415.3956,145321.3868,148189.6992,183252.6312
2014-01-02 21:00:00,114282.958,112973.5359,136783.6253,143944.2685,147515.8033,181815.1105
2014-01-03 21:00:00,113452.238,113165.523,136776.7861,143912.7915,147515.8033,180502.5917
2014-01-06 21:00:00,113001.4493,113555.8945,136801.5209,143503.5907,147549.8559,179835.9154
2014-01-07 21:00:00,113477.9318,114023.4701,137428.6081,144345.6001,148233.5902,181440.1051
2014-01-08 21:00:00,113693.6401,114036.4174,137500.6371,144416.4233,148318.6939,181898.4451
2014-01-09 21:00:00,112883.5499,114391.1184,137997.7158,144510.8543,148862.2969,181273.4361
2014-01-10 21:00:00,112968.4921,114584.7299,138339.7355,144904.3167,149238.687,181877.6114
2014-01-13 21:00:00,111420.6559,114298.9794,138126.8144,142952.7434,149016.453,179127.5719
2014-01-14 21:00:00,113158.05,114677.0714,138633.9878,144573.8083,149571.0618,182606.7886
2014-01-15 21:00:00,113589.4446,114908.5316,139228.0934,145337.1252,150219.516,184106.8101
2014-01-16 21:00:00,113686.6775,114660.14,139110.8461,145101.0478,150100.5235,184127.6437
2014-01-17 21:00:00,113345.52,114474.0748,138678.9083,144518.7235,149641.9679,183023.4612
2014-01-21 21:00:00,113480.8297,115135.3114,139603.3409,144935.7936,150646.9623,184481.8155
2014-01-22 21:00:00,113513.5025,115335.8455,139958.9669,145030.2246,151038.2531,185023.4899
2014-01-23 21:00:00,113456.527,114735.5641,139479.1878,143841.9683,150528.0462,184315.1464
2014-01-24 21:00:00,111724.2018,113964.0448,138810.0543,140725.7464,149813.4336,180648.4271
2014-01-27 21:00:00,110636.6657,114098.5473,138851.1394,140080.4682,149865.2662,178960.9029
2014-01-28 21:00:00,111071.0926,114246.6744,138197.6257,140938.2161,149167.407,178835.9011
2014-01-29 21:00:00,110830.6336,113296.8801,137015.4565,139506.0131,147898.8584,176940.0405
2014-01-30 21:00:00,111495.4647,114313.7503,138686.4118,141040.5163,149709.9359,180190.0872
2014-01-31 21:00:00,112441.3943,112898.4861,137156.1558,140214.2454,148065.5327,179731.7473
2014-02-03 21:00:00,110059.2383,112740.7722,136894.9224,137042.9388,147790.924,175606.688
2014-02-04 21:00:00,110300.5632,113246.5633,137586.4383,137995.1177,148544.8699,176898.3733
2014-02-05 21:00:00,110373.2478,112866.3401,137125.8526,137845.602,148055.027,176440.0333
2014-02-06 21:00:00,111446.2527,113144.1996,137523.784,139663.3981,148492.0769,178690.0657
2014-02-07 21:00:00,112810.3387,113648.5455,138286.5407,141441.8479,149323.0924,181898.4451
2014-02-10 21:00:00,113502.734,113623.8943,138216.2721,141654.3176,149254.6818,182940.1267
2014-02-11 21:00:00,114529.0192,113757.079,138492.6881,143204.5593,149560.6361,184981.8227
2014-02-12 21:00:00,114510.4214,113926.4213,138782.1213,143346.2057,149880.678,185356.828
2014-02-13 21:00:00,116203.1634,113113.9338,137761.2631,144007.2225,148785.6747,186731.8478
2014-02-14 21:00:00,116469.7044,113046.4672,137708.2651,144802.0164,148735.8748,187106.8532
2014-02-18 21:00:00,116839.3391,113157.5413,137931.379,144998.7476,148984.2923,188023.533
2014-02-19 21:00:00,116262.7898,112857.1063,137664.6671,144046.5687,148703.6571,186752.6814
2014-02-20 21:00:00,116723.6352,113005.5977,137734.5714,144872.8397,148786.602,187606.8603
2014-02-21 21:00:00,116188.0593,113196.3722,138171.2496,144762.6702,149265.7593,187356.8568
2014-02-24 21:00:00,116556.0522,113399.9251,138486.9916,145510.2487,149614.3172,188398.5384
2014-02-25 21:00:00,116254.1354,113467.8476,138648.5243,145455.164,149796.3096,188148.5348
2014-02-26 21:00:00,115837.4854,113621.7805,139010.0521,145463.0332,150194.3952,187981.8657
2014-02-27 21:00:00,116553.4224,113450.1385,139038.8855,146265.6964,150233.0582,189201.784
2014-02-28 21:00:00,116444.4729,113389.5324,139001.1864,146604.074,150199.8355,188992.5826
2014-03-03 21:00:00,116685.8788,112379.6078,137686.3881,145565.3334,148786.6203,187611.8531
2014-03-04 21:00:00,116911.7429,113485.7559,139168.7522,147611.3377,150395.9315,190017.6696
2014-03-05 21:00:00,117034.4283,113582.9315,139360.9783,147634.9454,150611.1849,190498.833
2014-03-06 21:00:00,116656.713,113946.5588,139675.4006,148107.1002,150958.5202,190331.4718
2014-03-07 21:00:00,115654.4694,114394.9283,140190.3957,148146.4465,151522.665,189410.9855
2014-03-10 20:00:00,115814.8569,114225.1449,140090.4833,148107.1002,151422.2524,189557.4265
2014-03-11 20:00:00,115031.2718,114383.2974,140423.6168,147335.914,151789.9038,188741.5409
2014-03-12 20:00:00,115973.3338,113821.6374,139778.448,147375.2603,151100.1026,189431.9056
2014-03-13 20:00:00,113913.442,114180.6034,140311.7402,145722.7184,151684.145,186795.9674
2014-03-14 20:00:00,113472.5225,113940.5892,139833.2998,145313.5175,151174.5107,185457.0782
2014-03-17 20:00:00,113733.8729,114527.2401,140756.9528,146627.6818,152180.6355,187130.6898
2014-03-18 20:00:00,114960.0069,114773.5191,140923.009,147674.2916,152367.7777,189390.0653
2014-03-19 20:00:00,114319.5415,114798.3606,140962.6622,146887.3669,152418.2696,188406.8185
2014-03-20 20:00:00,114988.8407,114540.4653,140486.0515,147745.1149,151910.5472,188887.9819
2014-03-21 20:00:00,112952.3832,115006.5738,141283.8186,147168.1045,152780.7851,186615.17
2014-03-24 20:00:00,111555.6964,115402.3181,141784.7411,146543.6735,153330.1093,184979.6663
2014-03-25 20:00:00,111336.2658,116018.9984,142516.9512,147262.9548,154129.6089,185587.7382
2014-03-26 20:00:00,109353.0565,116442.8744,143218.3041,146203.7934,154895.8164,183197.3866
2014-03-27 20:00:00,108896.39,116311.1477,143014.4373,145895.53,154683.0717,182190.9227
2014-03-28 20:00:00,108753.5128,116658.2102,143451.6863,146622.7154,155163.7304,182526.4107
2014-03-31 20:00:00,108686.0932,117381.8842,144565.1013,147839.9606,156375.8078,183847.3945
2014-04-01 20:00:00,110075.0195,117758.8367,145217.3854,148812.1759,157089.2011,187055.498
2014-04-02 20:00:00,109897.4852,117896.8088,145812.4161,149278.5231,157740.7312,187537.7619
2014-04-03 20:00:00,108909.9956,118059.4628,145951.8509,149073.0142,157899.4596,186049.0341
2014-04-04 20:00:00,105307.5451,118704.577,146915.0434,147318.2841,158949.394,181100.5869
2014-04-07 20:00:00,104958.7388,118392.932,145989.1597,145705.8294,157955.6152,179381.2112
2014-04-08 20:00:00,105799.0429,118284.2518,146152.508,146330.2604,158140.2507,181037.6829
2014-04-09 20:00:00,107209.9414,118585.0218,146686.8821,147926.9067,158726.3623,184140.9464
2014-04-10 20:00:00,103825.2962,118528.4016,146779.7666,144781.0393,158834.8067,178458.6193
2014-04-11 20:00:00,103549.2456,117868.9092,145427.2482,143445.2312,157379.1475,176361.8197
2014-04-14 20:00:00,103434.2469,118798.2771,146716.7363,144599.2429,158782.4808,177745.7074
2014-04-15 20:00:00,103404.7606,119045.5969,147245.9368,145626.7875,159363.141,178353.7793
2014-04-16 20:00:00,103869.6668,119847.3248,148502.2652,147128.5835,160730.8238,180702.195
2014-04-17 20:00:00,104287.9373,119667.4913,147926.196,147326.1883,160115.3541,180744.131
2014-04-21 20:00:00,104813.8189,119700.0296,148262.016,147839.9606,160486.8515,182086.0827
2014-04-22 20:00:00,105277.6784,119822.0387,148766.7932,148511.8167,161041.274,183532.8745
2014-04-23 20:00:00,104346.2884,119758.6524,148759.3548,148156.1282,161041.274,181918.3388
2014-04-24 20:00:00,103631.1519,120359.6358,151203.8057,148448.5832,163695.5966,183658.6825
2014-04-25 20:00:00,102578.59,119962.6942,150298.5862,147247.1464,162723.7766,180723.163
2014-04-28 20:00:00,102419.4747,120465.4218,151006.0315,147713.4936,163497.8426,181310.2669
2014-04-29 20:00:00,102922.1408,120846.1668,151452.5296,148361.6371,163989.4517,182757.0586
2014-04-30 20:00:00,103664.3546,120685.6062,150749.9018,148938.6429,163236.8613,183239.3226
2014-05-01 20:00:00,103801.291,120564.2856,150983.8677,148827.9843,163498.369,183784.4905
2014-05-02 20:00:00,103253.1948,120583.8698,151493.0916,148646.1879,164057.9755,183449.0025
2014-05-05 20:00:00,104411.5153,120000.7616,150585.1123,148946.5471,163082.891,184413.5304
2014-05-06 20:00:00,103217.2329,119733.6688,150337.8796,147658.1642,162823.2934,182023.1788
2014-05-07 20:00:00,102701.8593,120112.2451,150642.0874,148511.8167,163160.9065,181498.9788
2014-05-08 20:00:00,102970.5958,119991.1711,150095.0561,148361.6371,162576.5733,181331.2349
2014-05-09 20:00:00,103406.2563,119991.5642,150000.7711,148598.7628,162482.5767,182002.2108
2014-05-12 20:00:00,104478.7279,120477.0195,150891.8932,150029.4211,163455.9746,185000.6343
2014-05-13 20:00:00,104449.8421,120591.5932,151021.1655,150147.9839,163604.1836,185126.4423
2014-05-14 20:00:00,104219.1542,120496.688,150551.776,149420.7985,163103.865,184161.9144
2014-05-15 20:00:00,103430.6083,120261.1942,150509.9659,148124.5114,163066.7242,182736.0906
2014-05-16 20:00:00,103970.8067,120319.3547,150657.8724,148685.7089,163235.1236,183889.3305
2014-05-19 20:00:00,104999.9661,120051.0935,150220.87,149152.0561,162769.8011,185189.3463
2014-05-20 20:00:00,104661.685,120026.005,150145.3242,148243.0743,162696.0829,184518.3704
2014-05-21 20:00:00,105499.6358,120371.9861,150359.6225,149491.9362,162936.4294,186279.6821
2014-05-22 20:00:00,105838.3556,120410.5191,150521.3522,149863.4331,163119.8337,187097.4339
2014-05-23 20:00:00,106496.627,120506.1108,150665.6464,150479.9599,163284.3612,188460.3537
2014-05-27 20:00:00,107364.2254,120930.5097,151328.6322,151420.5585,164011.0384,190850.7053
2014-05-28 20:00:00,107063.8032,120911.8379,151237.9365,151270.3789,163920.9422,190221.6654
2014-05-29 20:00:00,107364.2122,121202.7333,151763.8417,152076.6062,164499.1466,191437.8092
2014-05-30 20:00:00,107347.0871,121076.9823,151789.4986,152258.4025,164535.1814,191458.7772
2014-06-02 20:00:00,107106.8759,121290.9199,151964.768,152479.7198,164733.3949,191270.0653
2014-06-03 20:00:00,107407.8095,120983.0584,151457.3953,152400.678,164191.6275,191186.1933
2014-06-04 20:00:00,108075.5832,120769.9432,151067.7737,152701.0372,163777.4569,191899.1052
2014-06-05 20:00:00,108884.2859,120913.9373,151192.2726,153704.8692,163920.6191,193513.6409
2014-06-06 20:00:00,109102.182,121169.0448,151741.7112,154455.7672,164524.5091,194624.9447
2014-06-09 20:00:00,108990.9621,121131.9825,151766.8201,154582.2343,164559.9593,194478.1688
2014-06-10 20:00:00,109267.7812,120995.8563,151628.3277,154598.0426,164418.0208,194813.6567
2014-06-11 20:00:00,109616.3553,120544.4002,151098.509,154068.4619,163851.7334,194771.7207
2014-06-12 20:00:00,108854.0025,120389.9498,150765.6263,152977.6838,163498.9468,193010.409
2014-06-13 20:00:00,108695.493,120601.6449,151413.2347,153467.7435,164209.4256,193576.5449
2014-06-16 20:00:00,108973.1195,120421.694,151143.2494,153570.498,163924.8339,193744.2889
2014-06-17 20:00:00,109109.3016,120235.9298,151021.1898,153997.3242,163800.6484,193849.1289
2014-06-18 20:00:00,109610.8377,120229.918,151160.6577,155127.6233,163960.1082,194939.4647
2014-06-19 20:00:00,109369.9134,120346.4275,151380.7268,155301.5155,164207.0095,194813.6567
2014-06-20 20:00:00,109447.0328,120623.5236,151437.031,155619.2072,164276.2946,195043.0264
2014-06-23 20:00:00,109476.9573,120654.4293,151413.1352,155571.5541,164258.5867,195085.0752
2014-06-24 20:00:00,109377.0864,120426.6507,151389.2467,154642.3182,164240.8845,194895.8559
2014-06-25 20:00:00,110317.6838,120154.6776,151038.7242,155333.2885,163868.8178,196136.2934
2014-06-26 20:00:00,110300.3503,120160.9569,151128.3137,155230.04,163974.211,196241.4152
2014-06-27 20:00:00,110910.1129,119884.4407,150926.4634,155500.0744,163763.402,197082.3898
2014-06-30 20:00:00,111117.5603,119829.4615,150902.8165,155444.4791,163745.9321,197439.8039
2014-07-01 20:00:00,111937.3683,120123.4723,151425.5443,156508.7321,164321.3357,199605.3135
2014-07-02 20:00:00,112049.6002,120099.1788,151513.6706,156635.8071,164425.1832,199941.7033
2014-07-03 17:00:00,112325.854,120452.4605,151999.9881,157453.8523,164961.1644,201098.0433
2014-07-07 20:00:00,112108.7234,120197.3306,151897.0405,156866.1305,164857.6864,200593.4586
2014-07-08 20:00:00,110996.5108,119953.9811,151602.8775,155889.2415,164546.6667,198238.7298
2014-07-09 20:00:00,111519.4598,120235.2178,151949.0213,156556.3852,164930.5915,199647.3622
2014-07-10 20:00:00,112608.3782,119082.4822,149989.2565,155944.8368,162811.6433,199016.6313
2014-07-11 20:00:00,113041.79,119009.8152,150362.0383,156143.3915,163224.4343,200299.1175
2014-07-14 20:00:00,113201.5073,119627.3647,151033.1775,156937.6102,163961.1458,201497.5062
2014-07-15 20:00:00,112629.7807,119700.0856,151262.0091,156643.7493,164217.7628,200803.7022
2014-07-16 20:00:00,112261.205,120240.316,152347.2194,157223.5289,165404.1334,201602.6281
2014-07-17 20:00:00,111058.2017,119845.5699,151926.5217,155436.5369,164955.65,198911.5094
2014-07-18 20:00:00,112232.0072,120249.8609,152721.8348,157048.8008,165827.4164,202086.1884
2014-07-21 20:00:00,112320.0003,119842.4885,152396.4254,156731.1133,165482.374,201833.8961
2014-07-22 20:00:00,112500.7109,120261.5989,153103.1638,157414.1414,166258.0726,203116.3823
2014-07-23 20:00:00,112831.6017,120443.6842,153634.3253,157763.5976,166843.1854,204440.9172
2014-07-24 20:00:00,112501.5982,120546.8035,153879.4356,157771.5398,167117.7114,204188.6248
2014-07-25 20:00:00,112635.6977,120213.0879,153079.5287,157048.8008,166257.3442,203389.699
2014-07-28 20:00:00,112548.6482,120231.3947,153230.1128,157096.4539,166429.2042,203452.7721
2014-07-29 20:00:00,112102.0176,120474.5988,153554.9751,156405.4837,166790.3712,203095.3579
2014-07-30 20:00:00,111911.7684,120915.1625,154405.6792,156445.1946,167722.7398,203894.2838
2014-07-31 20:00:00,110568.072,120080.4262,153124.2474,153355.684,166339.1742,199794.5327
2014-08-01 20:00:00,110364.3094,119757.2591,152778.2128,152871.2106,165971.5931,198995.6069
2014-08-04 20:00:00,110882.2858,120018.8087,153125.6844,153983.1167,166357.3697,200404.2393
2014-08-05 20:00:00,110444.7025,119536.1496,152539.7104,152497.9278,165729.0792,198869.4607
2014-08-06 20:00:00,111050.1509,118951.1997,151580.6252,152545.5809,164695.353,198722.2902
2014-08-07 20:00:00,110179.2118,119496.4396,152278.6691,151687.8247,165462.0263,198091.5592
2014-08-08 20:00:00,110757.4647,119765.759,152513.4856,153474.8168,165725.4449,199458.1429
2014-08-11 20:00:00,110972.814,120224.6036,153148.9019,153919.5792,166424.1924,200698.5804
2014-08-12 20:00:00,111037.0889,120113.1322,152980.812,153713.0824,166249.8532,200614.4829
2014-08-13 20:00:00,111750.0736,120578.7912,153598.4251,154785.2776,166929.3485,202737.9437
2014-08-14 20:00:00,112172.6917,120758.3728,153797.8155,155476.2478,167154.3907,203789.1619
2014-08-15 20:00:00,112063.5284,121202.6496,154678.6718,155436.5369,168120.1026,204777.307
2014-08-18 20:00:00,112332.6188,121877.8164,155480.857,156715.2289,169000.403,206354.1344
2014-08-19 20:00:00,112703.804,122199.0854,155837.4293,157565.0429,169396.4304,207531.4988
2014-08-20 20:00:00,112789.5935,122045.1465,155687.5508,157985.9788,169241.9812,207510.4744
2014-08-21 20:00:00,112955.28,122124.9397,155758.6355,158446.6257,169327.7168,207930.9617
2014-08-22 20:00:00,113075.2142,122008.6455,155813.844,158200.4179,169396.2012,208246.3271
2014-08-25 20:00:00,112899.1809,122590.5681,156592.5947,159002.5787,170251.3057,208982.1799
2014-08-26 20:00:00,112836.8312,122676.2896,156821.0718,159105.8272,170508.2242,209192.4235
2014-08-27 20:00:00,112819.8524,122743.6403,156860.5135,159042.2897,170559.6337,209234.4723
2014-08-28 20:00:00,113075.8424,122332.9548,156316.7724,158954.9256,169976.934,209003.2042
2014-08-29 20:00:00,113240.4323,122510.2092,156654.8945,159407.6303,170353.1026,209781.1057
2014-09-02 20:00:00,113291.3792,122674.9913,157023.8624,159328.2084,170762.8515,210390.8123
2014-09-03 20:00:00,112314.7102,123121.3748,157439.6791,159240.8443,171223.5887,209150.3748
2014-09-04 20:00:00,111948.642,123336.2846,157795.8112,159018.4631,171619.4615,208961.1555
2014-09-05 20:00:00,112336.6756,123311.6377,158026.0678,159725.3177,171878.4706,210012.3737
2014-09-08 20:00:00,112510.9413,123201.2357,158065.6265,159312.324,171930.091,210411.8366
2014-09-09 20:00:00,111561.0737,123090.6626,158073.5172,158303.6663,171947.2702,208666.8144
2014-09-10 20:00:00,112330.0694,123170.9655,158272.6619,158899.3303,172172.4908,210390.8123
2014-09-11 20:00:00,112719.0286,122678.4519,157584.6519,159082.0006,171432.667,210222.6174
2014-09-12 20:00:00,112273.2162,122562.0727,157387.6522,158144.8226,171226.9272,209150.3748
2014-09-15 20:00:00,111061.3334,122586.7205,157553.8142,158065.4007,171416.2614,207132.0358
2014-09-16 20:00:00,112447.5831,122346.5295,156954.2301,159256.7287,170772.4934,208940.1312
2014-09-17 20:00:00,112634.3529,122511.2531,156914.7958,159439.399,170738.1259,209255.4966
2014-09-18 20:00:00,113125.1066,122877.3909,157395.6829,160289.213,171269.9135,210832.3239
2014-09-19 20:00:00,112578.9362,123281.0797,158045.1308,160145.5803,171985.1728,210701.2361
2014-09-22 20:00:00,111794.4876,123066.0688,157657.8444,158908.7809,171572.3258,208741.3226
2014-09-23 20:00:00,111936.2196,122602.6275,157013.2816,157999.1348,170879.4543,208172.3154
2014-09-24 20:00:00,113017.3822,122627.4561,157164.3835,159243.9136,171052.4442,210406.1953
2014-09-25 20:00:00,110990.3191,122301.8064,156652.7932,156658.6038,170504.1992,205980.5842
2014-09-26 20:00:00,111799.7098,122526.1791,157157.8406,157911.362,171062.4286,208172.3154
2014-09-29 20:00:00,112765.7942,121467.5288,155590.814,157584.2086,169365.312,207898.349
2014-09-30 20:00:00,112589.195,121590.6173,156040.4226,157209.1791,169863.1928,208193.3898
2014-10-01 20:00:00,111097.7676,121417.9076,155590.356,155094.651,169381.7504,204863.6443
2014-10-02 20:00:00,111137.9461,121293.1486,155518.5541,155134.5477,169312.0531,204863.6443
2014-10-03 20:00:00,111575.668,122091.8786,156422.6759,156810.2115,170304.8303,206886.7808
2014-10-06 20:00:00,110980.9406,122607.6403,156908.8043,156634.6658,170842.6168,206444.2197
2014-10-07 20:00:00,109916.8042,121970.6708,156164.1474,154240.8604,170040.375,203514.8866
2014-10-08 20:00:00,111993.1522,122002.4318,156237.1946,156882.0257,170128.415,207476.8623
2014-10-09 20:00:00,110324.5134,121841.1991,156023.0767,153762.0993,169903.766,204126.0424
2014-10-10 20:00:00,108210.5935,121841.4299,155081.0056,152038.5594,168886.3782,199026.0525
2014-10-13 20:00:00,106701.461,121771.3925,154794.0926,149572.9399,168582.3684,195907.0504
2014-10-14 20:00:00,106045.9245,122421.4208,155752.1508,149876.1552,169634.1947,195928.1248
2014-10-15 20:00:00,106967.091,120694.6345,153398.9506,148759.0461,167079.7376,194663.6645
2014-10-16 20:00:00,108582.4561,118480.9685,150152.9137,148631.3764,163552.559,193441.3528
2014-10-17 20:00:00,108577.027,119880.7616,152124.7614,150386.8337,165708.552,195991.3478
2014-10-20 20:00:00,110206.2668,119633.0597,152100.7977,151847.055,165690.7339,198920.6808
2014-10-21 20:00:00,111711.5372,120507.1951,153978.5399,154855.2704,167744.5336,204147.1168
2014-10-22 20:00:00,110786.2313,120730.9202,154447.7024,153754.12,168264.0274,203093.3999
2014-10-23 20:00:00,111326.9976,121946.6662,155994.5537,155541.4946,169957.6676,206149.1789
2014-10-24 20:00:00,111991.4601,122128.2465,156321.6432,156738.3973,170322.5327,207835.126
2014-10-27 20:00:00,112281.6827,121699.3574,156012.6598,156522.9549,169994.3916,207982.6464
2014-10-28 20:00:00,113442.4845,122115.1503,156732.0436,158318.3089,170786.7456,211122.7228
2014-10-29 20:00:00,113391.3672,122219.8289,156207.9205,158078.9284,170224.162,210342.9723
2014-10-30 20:00:00,114138.9012,121892.9148,155495.8364,159092.306,169456.6951,210785.5334
2014-10-31 20:00:00,113818.8857,123354.0836,158068.7763,160911.5981,172269.1138,213693.7921
2014-11-03 21:00:00,113947.653,123531.424,158341.4683,160999.3709,172574.9169,214326.0223
2014-11-04 21:00:00,113919.4763,123188.516,157835.3284,160440.8163,172031.9083,213609.4948
2014-11-05 21:00:00,113176.871,124089.1005,158870.7443,161454.194,173169.0569,213630.5691
2014-11-06 21:00:00,113539.6846,124125.825,158847.1284,162100.5214,173151.974,214304.9479
2014-11-07 21:00:00,113221.963,124125.7288,159135.9798,162252.1291,173475.4953,214115.2789
2014-11-10 21:00:00,113550.4214,124156.1486,159222.0009,162762.8076,173577.9414,214873.9551
2014-11-11 21:00:00,113878.7812,124204.7209,159245.2721,162906.4359,173611.9897,215548.3339
2014-11-12 21:00:00,114521.396,123705.7313,158614.5281,162746.8489,172933.0222,215927.672
2014-11-13 21:00:00,114783.3996,123808.7196,158916.21,162930.3739,173270.5842,216854.9429
2014-11-14 21:00:00,115168.1941,123766.1487,158861.9329,162970.2707,173220.068,217529.3217
2014-11-17 21:00:00,115095.3278,123523.6267,158469.2245,163074.0023,172800.527,216876.0172
2014-11-18 21:00:00,115849.4257,123571.8476,158599.8903,164015.5657,172951.6498,218498.7413
2014-11-19 21:00:00,115452.0989,123415.3748,158408.3957,163752.2471,172751.4743,217508.2474
2014-11-20 21:00:00,116434.7283,122825.8646,157755.8524,164039.5038,172048.4841,218477.6669
2014-11-21 21:00:00,115594.2091,124026.5929,159193.5907,164949.1498,173625.0835,218899.1537
2014-11-24 21:00:00,116154.3606,124302.3793,159645.418,165380.0348,174126.5519,220606.1751
2014-11-25 21:00:00,116126.3987,124446.0995,159911.9502,165372.0554,174425.9671,220943.3646
2014-11-26 21:00:00,116795.8102,124451.8865,160010.7253,165683.2501,174542.4285,222376.4196
2014-11-28 18:00:00,116999.6775,124361.7529,160457.6453,165332.1587,175038.6636,223409.0622
2014-12-01 21:00:00,115964.7969,123863.3696,160040.9481,164215.0495,174592.8525,220880.1415
2014-12-02 21:00:00,116290.5476,123857.1764,160216.1816,165244.3858,174792.7489,221765.2638
2014-12-03 21:00:00,116317.836,123964.6195,160451.7761,165898.6926,175058.5176,222165.6762
2014-12-04 21:00:00,116367.2413,123743.7743,160291.5511,165683.2501,174892.4594,222060.3045
2014-12-05 21:00:00,116196.0189,123880.6159,160526.9327,165970.5068,175158.0264,222081.3788
2014-12-08 21:00:00,115659.5832,123606.4109,160107.6113,164861.377,174709.2442,220500.8034
2014-12-09 21:00:00,117376.0566,122260.1291,158248.0317,164749.666,172688.8085,221196.2566
2014-12-10 21:00:00,115734.5188,121940.1794,157953.6566,162108.5008,172376.205,217718.9908
2014-12-11 21:00:00,115940.966,122372.2412,158404.4376,162962.2913,172876.765,218751.6333
2014-12-12 21:00:00,115766.0273,121419.4049,156900.9841,160337.0848,171244.5952,216370.2331
2014-12-15 21:00:00,113943.5097,122053.8464,157748.9349,159196.0375,172178.6263,214136.3532
2014-12-16 21:00:00,112820.6087,121460.4463,156747.4511,157911.362,171094.1433,210701.2361
2014-12-17 21:00:00,114765.3989,121810.3463,156880.7147,161015.3296,171248.1588,214536.7657
2014-12-18 21:00:00,115803.8913,123609.1665,159199.8832,165044.902,173788.2837,219699.9786
2014-12-19 21:00:00,116165.5911,124059.6944,159386.2954,165550.3997,174000.4674,220666.2605
2014-12-22 21:00:00,116628.1925,124281.9734,159133.8686,166465.0871,173733.5955,221216.2339
2014-12-23 21:00:00,115777.9539,124713.0555,159719.3543,166689.7472,174381.4833,220433.5794
2014-12-24 18:00:00,115716.6892,124874.9048,159925.9419,166737.8886,174615.7545,220623.9548
2014-12-26 21:00:00,116231.0032,125157.0974,160331.9437,167243.3738,175067.78,222189.2638
2014-12-29 21:00:00,116269.4786,125036.7547,160232.3438,167468.0338,174967.7793,222146.9581
2014-12-30 21:00:00,115808.49,124724.9799,159781.87,166569.3936,174484.627,220666.2605
2014-12-31 21:00:00,114406.482,124935.0298,160064.8946,164884.4431,174802.4192,218402.9083
2015-01-02 21:00:00,113507.5641,125475.9437,160832.024,164828.278,175648.92,217747.1707
2015-01-05 21:00:00,112316.9805,124718.3901,160136.5326,161883.6264,174898.1377,214553.0943
2015-01-06 21:00:00,110641.7581,124940.8705,160365.344,160327.0531,175156.7863,211676.3102
2015-01-07 21:00:00,111317.1659,125960.0615,161431.022,162324.923,176329.5158,214405.0245
2015-01-08 21:00:00,112454.7103,127005.973,162840.4091,165205.386,177877.792,218508.6724
2015-01-09 21:00:00,111374.5758,127301.871,163320.9459,163833.3549,178411.5975,217070.2804
2015-01-12 21:00:00,109993.3437,127438.899,163631.0823,162597.7245,178759.3107,214806.9282
2015-01-13 21:00:00,108893.7031,128375.8201,165218.1225,162140.3808,180502.0159,214743.4697
2015-01-14 21:00:00,109408.4513,126838.3952,163517.3197,161225.6934,178652.9015,213558.9116
2015-01-15 21:00:00,107525.3725,127273.9109,164205.5825,159645.0493,179413.8043,210787.8916
2015-01-16 21:00:00,108924.5681,127126.8212,163983.1552,161779.32,179179.7471,213262.772
2015-01-20 21:00:00,109112.4028,127624.8613,164983.3825,162140.3808,180281.6262,214954.998
2015-01-21 21:00:00,109979.1573,127258.4931,164504.3089,162926.691,179767.1441,216054.9448
2015-01-22 21:00:00,111539.1216,127853.7659,165188.6317,165325.7396,180523.9472,220052.8286
2015-01-23 21:00:00,111758.6596,127692.2485,165212.1302,164459.1936,180558.6533,220539.3435
2015-01-26 21:00:00,111720.8862,127536.3486,165061.2541,164836.3016,180402.7903,220285.5096
2015-01-27 21:00:00,110549.1569,126015.2294,162469.4611,162710.0545,177579.1246,214574.2471
2015-01-28 21:00:00,108216.6174,126860.2569,165104.029,160583.8075,180467.5863,213474.3003
2015-01-29 21:00:00,109348.8602,126980.6854,164948.5347,162084.2158,180306.6461,215526.1242
2015-01-30 21:00:00,108591.4851,126062.8865,164794.5874,160046.228,180147.3802,213855.0511
2015-02-02 21:00:00,109282.6356,126435.7768,165161.2513,161995.9565,180557.2111,215716.4996
2015-02-03 21:00:00,109949.9758,127080.7339,165719.8341,164354.8872,181176.8916,217789.4764
2015-02-04 21:00:00,110298.3255,126497.417,165035.5348,163729.0484,180437.8251,217599.101
2015-02-05 21:00:00,110966.6004,126968.4175,165444.4041,165430.0461,180893.8748,219481.7023
2015-02-06 21:00:00,110117.4838,127202.2363,165691.2504,164908.5138,181172.8168,218149.0744
2015-02-09 21:00:00,110197.7392,126725.5132,165024.2496,164186.3921,180452.5525,217451.0312
2015-02-10 21:00:00,111279.4966,127499.4836,165947.069,165903.4369,181470.67,220835.4831
2015-02-11 21:00:00,111561.4215,127388.2824,166113.6201,166031.8141,181661.8747,221639.2904
2015-02-12 21:00:00,112137.7191,127985.2113,167167.5031,167628.5053,182823.4844,224219.9349
2015-02-13 21:00:00,112786.2225,128076.8287,167616.4897,168318.5327,183323.6618,226144.8419
2015-02-17 21:00:00,112886.0796,127826.2131,167608.1089,168623.4285,183323.6618,226356.3701
2015-02-18 21:00:00,113154.9945,127497.4584,167427.4372,168615.4049,183135.2158,226673.6625
2015-02-19 21:00:00,113783.3175,127054.2614,167309.6974,168479.0041,183015.5866,227794.7622
2015-02-20 21:00:00,114634.1756,126715.1158,167161.5058,169522.0687,182862.6346,229317.7655
2015-02-23 21:00:00,114755.3452,126522.8577,167137.7284,169449.8566,182845.7669,229550.4466
2015-02-24 21:00:00,114950.7283,126468.6039,166959.9543,169947.3182,182660.4275,229719.6692
2015-02-25 21:00:00,114828.3764,126360.776,166705.6248,169786.8467,182391.3145,229148.5429
2015-02-26 21:00:00,115288.5561,126318.6296,166866.5651,169594.2809,182576.5176,230311.9482
2015-02-27 21:00:00,114795.6271,126240.5995,166827.5703,169024.6072,182542.9804,229296.6127
2015-03-02 21:00:00,115603.7408,126312.1915,167142.4188,170091.7425,182896.6153,231369.5894
2015-03-03 21:00:00,115396.5604,125990.0805,166645.0731,169393.6916,182361.5365,230290.7954
2015-03-04 21:00:00,115305.7291,125566.042,166116.3098,168663.5463,181792.0231,229402.3768
2015-03-05 21:00:00,115204.5208,125786.7515,166536.8889,168904.2536,182261.3801,229804.2805
2015-03-06 21:00:00,114020.3878,125105.2494,166344.6112,166489.1578,182060.0605,227202.4831
2015-03-09 20:00:00,114099.4288,125255.7526,166692.4922,167179.1852,182449.9107,227858.2206
2015-03-10 20:00:00,112781.5004,124251.5797,165492.6127,164483.2644,181145.7292,223627.6558
2015-03-11 20:00:00,111966.2463,124421.1376,165719.146,164082.0857,181402.7464,222337.3336
2015-03-12 20:00:00,112781.4992,124865.1446,165584.7299,166192.2856,181264.6795,223796.8784
2015-03-13 20:00:00,112423.6514,124635.8526,165372.9912,165157.2446,181041.9535,222823.8485
2015-03-16 20:00:00,113417.2571,125138.2397,166024.0795,167403.8452,181763.784,225700.6326
2015-03-17 20:00:00,113901.8779,124538.1999,165564.5413,166882.3129,181269.768,226060.2306
2015-03-18 20:00:00,115339.0611,124148.7601,165091.4988,168832.0414,180760.9168,228281.2771
2015-03-19 20:00:00,115375.9965,123918.3509,165266.8152,168093.8726,180961.9112,228619.7223
2015-03-20 20:00:00,115147.4122,124565.7289,166650.2854,169617.1576,182485.8152,230099.7278
2015-03-23 20:00:00,114950.6269,124547.6626,166595.8872,169254.4694,182435.3723,229654.4966
2015-03-24 20:00:00,114552.1579,124464.3343,166556.7975,168303.4205,182401.6877,228827.6387
2015-03-25 20:00:00,111738.5196,124571.358,166826.2443,165837.1411,182705.8877,223590.8716
2015-03-26 20:00:00,112277.7902,124080.7929,165441.6577,165442.214,181198.6421,222827.6181
2015-03-27 20:00:00,112720.8602,124008.0965,165433.3856,165829.0814,181198.6421,223718.0805
2015-03-30 20:00:00,113299.105,124731.1782,166459.8565,167835.9558,182331.9922,226283.4604
2015-03-31 20:00:00,112441.5671,124137.9432,165936.8539,166377.1435,181768.2373,223887.6924
2015-04-01 20:00:00,111850.3118,124125.7228,165928.5571,165788.7827,181768.2373,222721.6107
2015-04-02 20:00:00,111791.5434,124047.1048,166109.803,166352.9643,181975.8736,222870.0211
2015-04-06 20:00:00,113369.2216,123433.889,165121.7784,167513.5663,180902.576,224693.3489
2015-04-07 20:00:00,113245.8058,123439.5951,165004.459,167062.2211,180783.0895,224311.7222
2015-04-08 20:00:00,114031.474,123582.3033,165152.1676,167658.6416,180953.962,226092.647
2015-04-09 20:00:00,114742.2118,123457.3065,165143.91,168384.0179,180953.962,227513.1465
2015-04-10 20:00:00,115249.9105,123622.5036,165074.0951,169302.8279,180886.5111,228446.0119
2015-04-13 20:00:00,114891.3749,123486.8502,165157.762,168496.8542,180987.2367,227873.5718
2015-04-14 20:00:00,114639.5873,123362.5405,165026.5732,168843.4229,180852.5235,227216.3257
2015-04-15 20:00:00,115028.5389,123697.9175,165480.2792,169633.2771,181358.7823,228636.8253
2015-04-16 20:00:00,115129.7013,123439.012,165088.3807,169576.8589,180938.3474,228318.803
2015-04-17 20:00:00,114400.8767,122599.744,163531.7999,167626.4026,179241.3679,224756.9534
2015-04-20 20:00:00,115533.367,123247.9352,164341.2052,169133.5734,180137.4902,228127.9896
2015-04-21 20:00:00,115356.7778,123711.6244,165279.9356,168932.08,181175.4571,229103.258
2015-04-22 20:00:00,115681.0875,123965.1388,165699.9372,169786.4121,181644.9105,230354.1457
2015-04-23 20:00:00,116487.1005,123670.5947,165157.8742,170229.6976,181059.7681,231223.4066
2015-04-24 20:00:00,116851.2779,123951.3228,166860.8615,170600.4455,182935.7771,234361.2265
2015-04-27 20:00:00,116108.2697,124337.4689,167486.5112,169850.89,183630.8469,233767.5849
2015-04-28 20:00:00,115797.2762,124313.5519,167584.4679,170415.0715,183747.4274,233301.1522
2015-04-29 20:00:00,115717.4066,123648.846,166631.865,169681.6355,182712.1365,231838.2497
2015-04-30 20:00:00,114530.3965,123272.6508,165693.9913,168061.6284,181692.8919,228191.5941
2015-05-01 20:00:00,115573.949,123792.6365,166347.682,169834.7705,182418.7856,231202.2051
2015-05-04 20:00:00,115399.1253,124080.1842,166858.0094,170374.7728,182987.5375,231583.8319
2015-05-05 20:00:00,113950.9989,123850.9305,166208.0812,168384.0179,182283.9325,227809.9673
2015-05-06 20:00:00,112950.281,124212.2833,166509.139,167674.7611,182623.2232,226241.0574
2015-05-07 20:00:00,113654.0138,124128.4549,166454.0019,168343.7192,182571.8813,227597.9525
2015-05-08 20:00:00,113910.3516,125292.9914,168135.8036,170584.326,184425.6619,230438.9516
2015-05-11 20:00:00,113433.1728,125221.6087,168173.8047,169738.0536,184476.5661,229548.4892
2015-05-12 20:00:00,113606.7005,124614.8071,167140.2302,169238.35,183352.0206,228509.6164
2015-05-13 20:00:00,113349.1206,124911.2412,167845.2198,169302.8279,184134.5585,228976.0491
2015-05-14 20:00:00,114061.7091,125606.6773,169219.9965,171067.9102,185651.9637,232325.8839
2015-05-15 20:00:00,113734.2376,125706.9186,169690.2561,171221.0452,186177.17,232325.8839
2015-05-18 20:00:00,114393.785,125582.2874,169434.0033,171752.9878,185905.3289,233343.5552
2015-05-19 20:00:00,114138.8866,125670.2981,169610.268,171696.5697,186108.0241,233089.1374
2015-05-20 20:00:00,114133.1796,125740.704,169709.7802,171575.6736,186226.5211,233237.5478
2015-05-21 20:00:00,114938.2551,125651.7239,169377.3327,172075.3773,185871.0301,234446.0325
2015-05-22 20:00:00,114932.5082,125362.9456,169200.3749,171672.3904,185686.134,234212.8161
2015-05-26 20:00:00,113873.483,124997.6569,168793.6883,169826.7108,185249.1068,231520.2274
2015-05-27 20:00:00,115343.9656,125299.882,169310.7967,171406.4191,185825.8897,235251.6889
2015-05-28 20:00:00,115244.5074,125099.1892,169058.1916,171269.4036,185557.936,234721.6518
2015-05-29 20:00:00,114603.4737,125034.0641,168973.3869,170165.2197,185474.1324,233322.3537
2015-06-01 20:00:00,114380.201,125513.4276,169855.484,170495.6689,186451.6426,234106.8087
2015-06-02 20:00:00,114426.4635,125198.6193,169231.6842,170374.7728,185776.2155,233364.7567
2015-06-03 20:00:00,114182.8493,125535.8723,170084.2179,170801.9389,186721.3839,234064.4057
2015-06-04 20:00:00,113979.466,125055.6964,169074.312,169472.0823,185622.0279,232283.4809
2015-06-05 20:00:00,113848.7667,124847.2325,168849.8086,169061.0358,185384.8329,231732.2423
2015-06-08 20:00:00,112748.7754,124763.6153,168748.6764,168029.3895,185283.0663,229378.8773
2015-06-09 20:00:00,112847.6221,124733.4394,168303.5107,168021.3297,184803.5464,228997.2506
2015-06-10 20:00:00,114008.2557,125271.6812,168856.0553,170020.1444,185419.5012,232135.0705
2015-06-11 20:00:00,113794.9845,125586.0941,169402.8064,170568.2065,186029.1552,232474.2943
2015-06-12 20:00:00,113434.6308,124980.4576,168529.1692,169262.5292,185079.0747,230566.1605
2015-06-15 20:00:00,113702.1689,124146.9964,167280.9879,168537.1529,183717.5735,229421.2803
2015-06-16 20:00:00,114475.1217,124016.1137,167040.74,169455.9629,183462.9054,230672.168
2015-06-17 20:00:00,114595.4487,124204.5636,167308.7421,169729.9939,183766.4286,231308.2125
2015-06-18 20:00:00,115856.2561,124575.8211,167883.1203,171495.0762,184406.495,234679.2488
2015-06-19 20:00:00,115200.4689,124381.322,167987.4614,170741.8386,184530.3259,233519.3211
2015-06-22 20:00:00,115194.7089,125047.7214,169217.2988,171616.5655,185890.5002,235240.5937
2015-06-23 20:00:00,115157.7649,125212.6137,169392.2713,171738.0554,186092.0076,235431.8462
2015-06-24 20:00:00,114704.4893,125011.4834,169169.7489,170490.7596,185856.852,234220.5803
2015-06-25 20:00:00,114004.3291,125379.3765,169851.9671,169972.4029,186615.6579,233753.0741
2015-06-26 20:00:00,113272.9489,125624.0335,169797.1512,169940.0056,186564.7627,232201.8037
2015-06-29 20:00:00,111882.9662,124540.0512,167830.7186,166376.3032,184413.4714,226719.2316
2015-06-30 20:00:00,111419.4751,125685.7378,169112.2435,166724.5741,185830.8399,227526.7423
2015-07-01 20:00:00,111125.5728,126863.9584,170888.572,168060.9625,187792.0695,229333.016
2015-07-02 20:00:00,110822.2854,127206.109,171386.7394,167907.0754,188348.9029,229396.7669
2015-07-06 20:00:00,111302.4896,126236.3914,170235.0626,167429.2153,187092.662,228865.5099
2015-07-07 20:00:00,111441.433,126358.3189,170432.0342,168482.1273,187318.4934,229439.2674
2015-07-08 20:00:00,110343.7057,125331.5127,169113.3469,165655.4634,185878.5161,225444.2149
2015-07-09 20:00:00,108809.0579,126857.1915,171384.3906,165955.1384,188383.9952,225316.7132
2015-07-10 20:00:00,109006.1472,128324.3485,173671.0759,168044.7639,190906.9158,228759.2585
2015-07-13 20:00:00,109974.5935,129258.0374,175146.6226,169899.509,192538.4473,232775.5613
2015-07-14 20:00:00,110530.4966,129202.2793,175393.6939,170636.5474,192819.6793,234305.5814
2015-07-15 20:00:00,110454.919,129214.2171,175687.1625,170579.8521,193151.9461,234560.5848
2015-07-16 20:00:00,111124.4758,129950.12,177079.0368,171948.6378,194691.842,237875.6284
2015-07-17 20:00:00,111847.6046,129968.1068,178509.7212,172094.4256,196274.5611,241381.9245
2015-07-20 20:00:00,111969.7258,130138.9933,178909.3927,172183.5182,196723.8206,242210.6854
2015-07-21 20:00:00,111836.4873,130046.784,178994.6266,171503.175,196827.3776,242061.9334
2015-07-22 20:00:00,112279.5575,129524.3936,176251.495,171195.4007,193820.7967,239320.6474
2015-07-23 20:00:00,111736.149,129622.0908,176430.4837,170231.5812,194027.3186,238428.1356
2015-07-24 20:00:00,110046.5954,129658.7801,177365.1407,168465.9287,195064.8978,236090.6049
2015-07-27 20:00:00,109791.961,129016.4705,176286.6537,167485.9105,193888.5388,234135.5792
2015-07-28 20:00:00,110262.7493,129640.1596,177029.8337,169543.1387,194715.6183,236154.3557
2015-07-29 20:00:00,110435.4465,129701.8016,177403.3016,170709.4413,195136.1325,237046.8675
2015-07-30 20:00:00,111223.8532,129344.5549,176965.0375,170749.9379,194663.8174,238173.1323
2015-07-31 20:00:00,110733.5918,129718.4768,177524.5995,170490.7596,195289.0759,237896.8786
2015-08-03 20:00:00,110332.578,129730.478,177595.0107,169915.7076,195376.2975,237153.1189
2015-08-04 20:00:00,110158.9318,129668.3371,177522.4768,169583.6353,195306.2701,236706.863
2015-08-05 20:00:00,110389.4577,130293.5363,178501.696,170142.4887,196393.3505,238534.387
2015-08-06 20:00:00,108546.0795,130411.0693,178604.086,168749.405,196515.823,234709.3367
2015-08-07 20:00:00,108668.7244,130285.6234,178158.55,168425.4321,196035.4312,234411.8328
2015-08-10 20:00:00,109172.1404,131118.651,179344.7951,170547.4548,197350.5089,237089.368
2015-08-11 20:00:00,108350.1289,130109.5732,178371.3493,169008.5834,196289.1994,234050.5781
2015-08-12 20:00:00,109483.9877,129149.0847,177115.4184,169211.0665,194916.9215,234858.0887
2015-08-13 20:00:00,109142.1875,129037.5375,177362.9729,169000.484,195199.1031,234475.5836
2015-08-14 20:00:00,109543.1637,128888.8512,176968.3234,169616.0326,194774.5264,234836.8384
2015-08-17 20:00:00,110730.2094,128457.7419,176511.0891,170563.6535,194281.0248,236791.8641
2015-08-18 20:00:00,110306.7479,128268.3221,176264.6555,170069.5947,194019.496,235580.5982
2015-08-19 20:00:00,109931.8797,127724.3522,175683.4511,168725.107,193389.4489,234029.3278
2015-08-20 20:00:00,107851.4365,126626.6192,174095.3823,165201.9013,191650.9984,227547.9925
2015-08-21 20:00:00,104627.3606,125279.3383,171599.1362,160228.9167,188912.6156,217602.8617
2015-08-24 20:00:00,109388.5238,118725.0868,157798.9459,153482.1802,173729.5021,209230.2516
2015-08-25 20:00:00,105076.5039,122446.9304,163640.8036,151676.0311,180169.8097,208443.9913
2015-08-26 20:00:00,107236.2736,125670.8386,168403.8796,157499.4447,185423.0022,218941.6294
2015-08-27 20:00:00,108369.6496,127338.3568,170847.229,161395.2193,188122.5509,224487.9523
2015-08-28 20:00:00,108921.1365,126839.9412,169933.0216,161403.3186,187125.3091,224445.4517
2015-08-31 20:00:00,108169.016,126107.9994,168975.2684,160099.3275,186080.0152,221661.6651
2015-09-01 20:00:00,107493.4022,123167.0211,164706.3944,155320.7267,181388.3228,214734.074
2015-09-02 20:00:00,108543.2159,125036.2744,167697.2661,158268.8804,184691.1878,220790.4037
2015-09-03 20:00:00,107570.1393,125567.5103,168366.772,158382.2709,185437.774,219706.6394
2015-09-04 20:00:00,107733.4983,123846.7586,166094.7903,155984.8712,182944.704,217092.855
2015-09-08 20:00:00,108669.6028,126014.1061,169289.3707,159904.9438,186472.514,223212.9355
2015-09-09 20:00:00,106189.758,127220.5229,171279.3717,157766.7224,188673.827,220705.4025
2015-09-10 20:00:00,107453.608,127024.7581,171089.4027,158625.2506,188473.9991,223106.6841
2015-09-11 20:00:00,108506.9422,126674.6585,170347.5381,159346.0904,187666.1765,224339.2003
2015-09-14 20:00:00,107754.1111,126803.5371,171000.5959,158754.8398,188395.0117,223659.1914
2015-09-15 20:00:00,108759.8757,127172.4127,171398.223,160739.1741,188842.5058,226294.226
2015-09-16 20:00:00,109285.123,127396.7408,171518.415,162132.2577,188984.3726,227569.2428
2015-09-17 20:00:00,109412.4351,127250.3605,171365.6925,161767.7882,188825.5474,227654.2439
2015-09-18 20:00:00,109510.9193,125354.6768,168759.4815,159129.8673,185963.2398,224416.3723
2015-09-21 20:00:00,109236.6799,125989.7734,169696.1607,159952.1808,187004.7046,225119.3377
2015-09-22 20:00:00,109283.7105,124341.7463,167070.2956,157876.0428,184120.3587,221753.6246
2015-09-23 20:00:00,109047.9549,124476.6007,167543.4127,157623.6496,184650.9649,221924.0405
2015-09-24 20:00:00,109719.0311,123525.2292,165894.6604,157053.7294,182843.0941,221114.5652
2015-09-25 20:00:00,107591.3,124614.0666,167724.3123,157013.0208,184868.8124,219239.9909
2015-09-28 20:00:00,105033.227,123897.0479,166901.0975,153072.4296,183970.6934,212998.5104
2015-09-29 20:00:00,104252.3583,124042.4211,167259.9716,153161.9884,184375.4694,211890.8073
2015-09-30 20:00:00,105146.1401,125539.6036,169639.3553,156019.7313,187007.5511,216768.961
2015-10-01 20:00:00,105398.6698,125795.3725,169980.9545,156426.8171,187393.4747,217748.8522
2015-10-02 20:00:00,108706.7059,124230.7993,167677.6627,158763.49,184863.6078,221561.9068
2015-10-05 20:00:00,109490.0532,125161.0969,168846.1339,161588.666,186161.0834,224735.902
2015-10-06 20:00:00,109214.1302,125028.7129,168453.5866,161035.0292,185737.5889,223670.803
2015-10-07 20:00:00,109208.6695,125692.5177,169455.8855,162353.9874,186852.0145,225012.8278
2015-10-08 20:00:00,110033.2987,125402.5882,168837.8014,163819.4966,186179.8213,225907.511
2015-10-09 20:00:00,110452.9162,125514.7341,168940.8036,163917.1972,186302.7123,226930.0061
2015-10-12 20:00:00,110488.7811,125570.8012,169281.244,164071.8898,186687.4546,227483.8576
2015-10-13 20:00:00,110389.6133,125009.9473,168321.6726,163037.8917,185638.5504,226014.0209
2015-10-14 20:00:00,110196.8341,124947.5126,168329.121,162256.2868,185656.047,225651.8872
2015-10-15 20:00:00,111580.0551,125417.7573,168956.3285,164747.6524,186357.0988,229358.4319
2015-10-16 20:00:00,111812.3426,125702.7953,169293.1059,165496.6904,186737.8786,230317.0211
2015-10-19 20:00:00,112593.7253,125238.8919,169065.4307,165578.1075,186496.0797,231637.7439
2015-10-20 20:00:00,112214.6504,124918.5628,168746.024,165366.4229,186153.0668,230444.833
2015-10-21 20:00:00,110939.8533,125238.2823,169626.7088,164340.5665,187133.9066,229038.9022
2015-10-22 20:00:00,112161.1778,125945.5404,171180.0805,167116.8921,188856.9588,233704.0361
2015-10-23 20:00:00,112265.073,127154.1519,175789.9979,168948.7786,193952.3612,240243.7444
2015-10-26 20:00:00,112398.9071,127000.7314,175672.0995,168533.551,193831.9793,240392.8582
2015-10-27 20:00:00,112942.6464,126503.5573,175165.1761,168207.8823,193282.345,240882.8038
2015-10-28 20:00:00,113684.8317,126742.1567,175450.735,170121.1859,193607.1031,242885.19
2015-10-29 20:00:00,114029.7484,126377.9451,174626.4135,170023.4853,192707.1578,242501.7544
2015-10-30 20:00:00,113433.4785,126516.8674,174740.3993,169290.7307,192842.5809,241415.3533
2015-11-02 21:00:00,114406.1119,126772.1789,175194.224,171293.5932,193353.0616,244142.0069
2015-11-03 21:00:00,115030.5354,126518.7915,174833.8835,171790.2379,192965.0396,244994.0862
2015-11-04 21:00:00,114665.8743,126734.3231,175387.6019,171269.168,193585.8296,245015.3882
2015-11-05 21:00:00,114212.0718,126776.1835,175592.3108,171098.192,193821.4584,244355.0267
2015-11-06 21:00:00,114485.6327,126522.506,175277.3812,171008.6331,193483.5254,244525.4426
2015-11-09 21:00:00,113659.2229,126088.4948,174657.8415,169412.8565,192809.308,241926.6009
2015-11-10 21:00:00,113995.7051,125754.9711,173680.2397,169803.6589,191739.7486,241308.8434
2015-11-11 21:00:00,113528.403,125953.6924,174162.1779,169136.0381,192281.3863,241010.6157
2015-11-12 21:00:00,112877.9078,125201.6402,173445.3683,166823.7903,191499.6165,238667.3977
2015-11-13 21:00:00,111121.9836,124865.4197,172709.1048,164894.2033,190696.2889,233980.9619
2015-11-16 21:00:00,112827.866,124717.375,172527.5086,167434.4191,190505.3149,237346.6749
2015-11-17 21:00:00,112700.9152,124905.2046,172813.0864,167230.8762,190830.1758,237495.7888
2015-11-18 21:00:00,114396.768,125282.0668,173501.9602,169901.3595,191600.4116,242054.4128
2015-11-19 21:00:00,114411.1725,125197.7566,173584.8993,169787.3755,191701.5822,242224.8286
2015-11-20 21:00:00,114635.7764,125749.8256,174400.5613,170471.2797,192611.9582,243865.0812
2015-11-23 21:00:00,114259.6705,125755.5497,174452.7779,170235.1699,192679.258,243162.1158
2015-11-24 21:00:00,114898.7524,125015.5025,173313.1306,170463.138,191430.1765,242949.096
2015-11-25 21:00:00,114822.5915,125074.933,173562.801,170406.146,191715.5174,243162.1158
2015-11-27 18:00:00,114736.5479,125128.438,173919.0381,170593.4055,192118.5987,243502.9475
2015-11-30 21:00:00,114100.3355,125277.45,174427.6413,169909.5012,192690.0301,242885.19
2015-12-01 21:00:00,114772.3753,125709.4081,175122.6273,171529.703,193467.4149,245313.6159
2015-12-02 21:00:00,113969.9521,125655.3879,175250.7333,169787.3755,193618.6138,243801.1752
2015-12-03 21:00:00,111729.7433,125866.0224,175716.656,167377.4271,194143.0504,239668.5909
2015-12-04 21:00:00,113991.4241,126178.0983,176238.8777,170699.2478,194729.7417,245271.0119
2015-12-07 21:00:00,113392.1223,125894.9511,176352.5177,169567.5491,194865.0411,244163.3089
2015-12-08 21:00:00,114596.1553,124806.638,174497.399,168525.4093,192824.9256,244184.6109
2015-12-09 21:00:00,113345.3608,124324.0594,173727.541,167173.8842,191983.8502,240478.0662
2015-12-10 21:00:00,113600.1654,124384.4465,174103.5821,167605.3952,192409.0071,241564.4672
2015-12-11 21:00:00,112276.9708,122879.7651,172083.6274,164364.9916,190186.2929,236004.6501
2015-12-14 21:00:00,112969.6723,123007.5301,172308.0094,165276.864,190443.7885,237794.0165
2015-12-15 21:00:00,112613.0618,124025.4325,173889.2646,166954.0578,192200.9963,239242.5512
2015-12-16 21:00:00,113493.6777,124811.5521,175088.242,169364.0062,193535.8443,242799.9821
2015-12-17 21:00:00,111346.6129,125015.3108,175847.5532,166791.2234,194384.8346,239263.8532
2015-12-18 21:00:00,109545.6151,124474.9633,175292.8025,163826.2636,193781.3232,234674.9256
2015-12-21 21:00:00,109688.3059,125346.2003,176991.7981,165202.2667,195669.2046,237281.7126
2015-12-22 21:00:00,109820.374,125961.3817,177923.2921,166725.6986,196708.7798,238841.5113
2015-12-23 21:00:00,110059.2323,126660.5069,178837.5978,168765.1316,197729.4552,240614.9811
2015-12-24 18:00:00,110034.1824,126451.3204,178828.656,168437.5118,197729.4552,240572.2469
2015-12-28 21:00:00,110293.3273,125959.2378,178295.5698,168085.3206,197149.9124,240444.0443
2015-12-29 21:00:00,111359.5676,126756.9872,179348.2211,169870.8483,198323.7366,244226.022
2015-12-30 21:00:00,110447.131,126561.1862,179182.3436,168666.8457,198150.2251,242025.2101
2015-12-31 21:00:00,109433.8972,126087.7746,178572.2607,166995.9849,197485.4675,239012.4482
2016-01-04 21:00:00,109478.4181,124003.61,174716.0306,164637.1226,193230.685,233969.8111
2016-01-05 21:00:00,108746.6697,124231.8329,175568.9081,164915.5994,194183.6034,233563.8361
2016-01-06 21:00:00,109601.8103,122362.298,172508.4333,162867.9758,190808.351,231320.29
2016-01-07 21:00:00,108479.1055,120183.9953,168818.9056,158887.3957,186736.9738,224076.841
2016-01-08 21:00:00,106809.9861,120933.8213,170033.9067,157216.5349,188090.2693,222239.2699
2016-01-11 21:00:00,106376.386,121620.8051,171235.1453,157347.5828,189428.4753,222923.0173
2016-01-12 21:00:00,106583.1534,122716.2815,172867.8674,158617.1094,191244.1417,225508.4372
2016-01-13 21:00:00,102484.2748,123261.4375,173563.5369,154693.8627,192023.3247,217730.8106
2016-01-14 21:00:00,104191.2267,123699.06,174338.3644,157167.3919,192890.1621,222367.4726
2016-01-15 21:00:00,104413.8254,120405.2352,168550.1976,153842.0513,186495.7059,215465.8973
2016-01-19 21:00:00,103233.8087,121758.205,170831.6726,154030.4327,189029.4139,215935.9736
2016-01-20 21:00:00,104557.0804,119770.9403,168135.3974,152187.5715,186055.3711,215273.5934
2016-01-21 21:00:00,104210.8382,120009.8952,168844.5908,152916.5255,186849.4536,215487.2644
2016-01-22 21:00:00,105107.1405,121983.7045,172234.8052,156069.8657,190610.5283,221726.4594
2016-01-25 21:00:00,103912.5684,121567.8988,171612.0769,153678.2414,189930.8917,218435.9251
2016-01-26 21:00:00,104403.3513,122086.6299,172325.3313,155815.9604,190729.7793,220401.6988
2016-01-27 21:00:00,102362.5813,121656.9702,171364.4567,154095.9566,189675.8193,214910.3526
2016-01-28 21:00:00,102107.1879,122853.6191,174201.1723,154939.5775,192825.1394,217944.4816
2016-01-29 21:00:00,104264.9886,123405.9906,174141.2266,158789.1098,192768.4262,222495.6752
2016-02-01 21:00:00,105044.5548,122527.7606,173296.3473,158608.9189,191842.8119,223093.9542
2016-02-02 21:00:00,103240.2137,121414.3604,172490.994,155709.484,190960.8605,218264.9882
2016-02-03 21:00:00,102060.3842,122212.9927,173630.6208,156626.8193,192232.0634,217218.0
2016-02-04 21:00:00,102317.0003,121880.9466,173160.7917,156872.5341,191721.512,217196.6329
2016-02-05 21:00:00,99129.3176,121518.4941,172504.8036,153964.9087,191004.7961,209654.0445
2016-02-08 21:00:00,99464.0918,120070.8487,169278.8547,151810.8088,187442.436,206448.9786
2016-02-09 21:00:00,100492.0511,118788.6672,167010.3026,151810.8088,184939.8408,205807.9654
2016-02-10 21:00:00,99723.7696,119481.2962,168926.5932,151778.0468,187071.1035,206598.5483
2016-02-11 21:00:00,100857.4688,117586.1623,166769.2203,149910.6141,184691.3594,206299.4088
2016-02-12 21:00:00,101244.9479,118800.9229,168643.6209,152875.573,186776.4302,209440.3734
2016-02-16 21:00:00,102013.4471,120150.7073,171129.9168,155463.7691,189539.3951,214162.5038
2016-02-17 21:00:00,103564.4152,120973.9365,172367.742,157970.0603,190919.8576,219012.8369
2016-02-18 21:00:00,102058.4494,121187.4184,172897.2473,157298.4398,191515.9001,216512.8855
2016-02-19 21:00:00,102852.8921,120613.4409,172052.5257,157257.4874,190589.7895,217153.8987
2016-02-22 21:00:00,103549.6116,121800.9808,173652.2071,159575.3972,192371.353,220679.4712
2016-02-23 21:00:00,102435.1181,121269.7518,172634.7007,157527.7737,191253.7812,217047.0632
2016-02-24 21:00:00,104633.9993,120185.4827,170603.6699,158264.9181,189013.2614,219119.6724
2016-02-25 21:00:00,105443.3569,120490.4642,170944.4988,160165.1128,189400.3193,221277.7502
2016-02-26 21:00:00,104508.4452,121082.1167,172239.9893,159796.5405,190845.146,220999.9778
2016-02-29 21:00:00,103663.7539,121063.6503,172064.8493,158535.2044,190660.6298,219012.8369
2016-03-01 21:00:00,105972.6727,121989.5295,173701.3538,162343.7842,192483.5314,226042.6148
2016-03-02 21:00:00,106137.8771,121669.5475,173479.2159,163015.4047,192246.9981,226128.0832
2016-03-03 21:00:00,106042.2145,121461.7309,173290.2272,163621.5013,192047.176,225700.7411
2016-03-04 21:00:00,105956.6913,121595.4996,173478.4275,164104.7404,192265.3495,225786.2095
2016-03-07 21:00:00,105840.5285,121006.8101,172583.2356,164325.8838,191282.8257,224397.3476
2016-03-08 21:00:00,105683.0209,120198.5913,171391.4039,162466.6416,189971.4218,222538.4094
2016-03-09 21:00:00,105960.7982,120798.5432,172024.6264,163326.6435,190682.7886,223970.0055
2016-03-10 21:00:00,105351.5055,121089.3354,172738.1282,163433.1199,191483.2125,223628.1318
2016-03-11 21:00:00,106043.3365,122120.9815,174594.5217,166070.459,193550.6311,227538.3122
2016-03-14 20:00:00,106617.7792,121777.5912,173929.9763,165882.0777,192823.6121,227922.9201
2016-03-15 20:00:00,106953.4968,121043.9514,173301.6737,165611.7914,192136.6994,227837.4517
2016-03-16 20:00:00,108164.7866,120690.691,172870.4405,166586.4602,191668.2052,229867.3268
2016-03-17 20:00:00,108411.4638,120607.5151,172363.6576,167733.1293,191115.8986,229739.1241
2016-03-18 20:00:00,108315.2463,120873.7975,172769.5348,168375.291,191575.4889,230098.7205
2016-03-21 20:00:00,108926.2917,120625.4389,172455.1665,168515.247,191236.4804,230998.7993
2016-03-22 20:00:00,109876.1608,120059.5651,171470.5937,168457.618,190154.244,231706.0041
2016-03-23 20:00:00,109178.2772,119754.3226,171128.9752,167305.0393,189784.91,229798.6942
2016-03-24 20:00:00,109735.5401,119017.6226,170290.5478,167214.4795,188864.5692,229862.9855
2016-03-28 20:00:00,109270.9515,119310.5196,170758.326,167346.2028,189392.8124,229541.5288
2016-03-29 20:00:00,111227.8884,118999.337,170430.9414,168959.8131,189039.1707,233227.5659
2016-03-30 20:00:00,111100.4111,119642.8011,171440.3388,169676.0584,190168.2294,234363.3796
2016-03-31 20:00:00,111013.5235,119503.302,171306.3532,169231.4923,190029.1159,234020.4925
2016-04-01 20:00:00,112869.4489,118793.8875,170262.4198,170342.9076,188880.5882,236506.4244
2016-04-04 20:00:00,112434.2551,118747.7585,170253.9067,169832.4798,188880.5882,235606.3456
2016-04-05 20:00:00,112212.1957,117792.0232,168929.0776,168062.4482,187420.2599,233334.7181
2016-04-06 20:00:00,113936.2528,117861.1457,169091.298,169972.4358,187609.6081,237170.7683
2016-04-07 20:00:00,112946.8294,117124.5432,168104.9955,167856.6305,186524.6695,233763.3271
2016-04-08 20:00:00,112159.1158,117940.15,169144.5495,168342.3602,187687.4562,233591.8835
2016-04-11 20:00:00,111262.1364,118366.8387,169865.4311,167938.9576,188496.7508,232734.6656
2016-04-12 20:00:00,112106.2933,118482.7745,169982.0689,169585.4987,188635.6066,234684.8363
2016-04-13 20:00:00,112669.6008,119069.293,171277.4228,171273.2033,190082.5421,237685.0991
2016-04-14 20:00:00,112653.8105,119057.6162,171299.7448,171256.7379,190116.819,237706.5295
2016-04-15 20:00:00,112455.0512,119040.2165,171152.1879,171075.6183,189962.559,237106.477
2016-04-18 20:00:00,113377.0399,118638.9914,170648.6131,172269.3606,189413.1373,238370.8734
2016-04-19 20:00:00,112465.9011,118888.1971,170962.2618,172812.7192,189770.7455,236913.6029
2016-04-20 20:00:00,112551.8376,118876.5889,170953.7137,172944.4425,189770.7455,237106.477
2016-04-21 20:00:00,112617.4582,118904.5985,170852.458,171981.2159,189667.833,237127.9074
2016-04-22 20:00:00,112374.6511,118688.0515,168620.4401,172030.6122,187199.4942,233549.0226
2016-04-25 20:00:00,112710.3452,118295.8811,168101.4131,171726.0021,186632.6395,233549.0226
2016-04-26 20:00:00,111920.3505,118533.8286,168447.7825,172063.543,187026.5237,232413.2089
2016-04-27 20:00:00,112164.9956,118221.6423,166715.275,172376.3858,185112.2827,230548.7599
2016-04-28 20:00:00,110680.5174,117713.213,166892.9016,170762.7755,185318.766,227762.8016
2016-04-29 20:00:00,110091.7966,117304.3942,166884.5569,169840.7125,185318.766,226562.6965
2016-05-02 20:00:00,110844.5429,117639.6954,167302.4218,171264.9706,185792.0545,228705.7413
2016-05-03 20:00:00,110598.3982,116768.6078,166102.6227,169700.7565,184468.9477,226584.127
2016-05-04 20:00:00,110550.7716,116122.6465,165088.8727,168737.53,183352.3287,225126.8565
2016-05-05 20:00:00,110073.5664,116462.4435,165740.6595,168729.2973,184085.389,225062.5652
2016-05-06 20:00:00,111205.6651,115939.5146,164911.7179,169346.7502,183173.9016,226262.6703
2016-05-09 20:00:00,111505.5281,115866.0816,164919.0919,169503.1716,183191.2509,226905.5837
2016-05-10 20:00:00,112622.7734,116282.3562,165502.7354,171618.9769,183848.7186,230012.9987
2016-05-11 20:00:00,111786.7924,115958.5868,165216.9005,170005.3666,183540.3912,227934.2452
2016-05-12 20:00:00,111026.2411,116396.4077,165596.9832,170046.5302,183971.8044,226927.0142
2016-05-13 20:00:00,110705.8706,116210.2594,165447.9561,168539.9451,183815.4396,226091.2267
2016-05-16 20:00:00,111915.7319,116335.0094,165690.6,170260.5805,184094.2118,228920.0458
2016-05-17 20:00:00,110599.4019,116121.0599,165542.7147,168622.2721,183939.1053,226048.3658
2016-05-18 20:00:00,111245.4458,115899.8158,165157.7761,168696.3665,183520.5863,226862.7228
2016-05-19 20:00:00,111092.1892,115379.3128,164509.8556,168144.7752,182809.8038,225684.0482
2016-05-20 20:00:00,111864.1644,115774.6372,165157.7325,169173.8634,183538.8904,228169.9801
2016-05-23 20:00:00,111585.7061,115763.2144,165335.6202,168902.1841,183745.7531,227869.9539
2016-05-24 20:00:00,113187.3284,116316.0418,166244.7617,171133.2473,184765.3148,232434.6393
2016-05-25 20:00:00,113566.3416,116741.0884,166864.8871,172277.5933,185463.7638,234106.2143
2016-05-26 20:00:00,113757.9533,116852.4052,167055.1198,172343.455,185684.4731,234791.9886
2016-05-27 20:00:00,114271.0922,116963.7834,167153.5018,173059.7004,185803.1105,236013.5241
2016-05-31 20:00:00,114327.55,117135.9877,167372.8117,172952.6752,186056.1793,236463.5635
2016-06-01 20:00:00,114685.6031,116611.5834,166848.703,173133.7947,185482.8686,236484.994
2016-06-02 20:00:00,115148.4834,116328.5022,166507.7215,173644.2224,185113.0795,236977.8943
2016-06-03 20:00:00,114819.3045,115991.7684,166183.1851,173117.3293,184761.5354,235863.511
2016-06-06 20:00:00,115021.8336,116223.1595,166476.8624,174031.1596,185097.2823,236720.7289
2016-06-07 20:00:00,114662.2333,116310.8151,166558.966,174286.3735,185197.824,236120.6764
2016-06-08 20:00:00,114656.5001,116359.9409,166837.8608,174854.4301,185517.1886,236527.8549
2016-06-09 20:00:00,114932.4017,115861.0491,166149.2884,174566.2854,184760.7989,236142.1068
2016-06-10 20:00:00,114663.5074,114975.5339,164633.1374,172911.5117,183084.0514,233463.3008
2016-06-13 20:00:00,114350.791,114592.0623,163687.9446,171586.0461,182042.0824,231513.13
2016-06-14 20:00:00,114652.8675,114338.9168,163240.3498,171314.3668,181553.4014,231513.13
2016-06-15 20:00:00,114043.643,114596.9447,163625.0647,171059.1529,181990.353,230848.7862
2016-06-16 20:00:00,114942.2892,114017.6235,162811.8214,171528.4171,181094.9307,231534.5605
2016-06-17 20:00:00,113824.8525,113940.4101,162466.195,170916.0218,180719.5467,228819.9268
2016-06-20 20:00:00,113216.9133,115209.1156,164349.8745,172058.055,182823.8968,230259.5864
2016-06-21 20:00:00,113422.2812,115397.3005,164556.3732,172471.8351,183062.7485,230990.1599
2016-06-22 20:00:00,113079.1693,115546.5676,164639.9908,172157.3622,183164.923,230431.4861
2016-06-23 20:00:00,113805.9612,116540.5683,165906.0146,174507.6334,184582.5553,233719.0669
2016-06-24 20:00:00,113138.4822,112737.9295,159994.8391,168102.3169,178015.1701,224092.6863
2016-06-27 20:00:00,111625.7682,111877.5867,158928.2869,165123.0999,176837.3921,219644.7828
2016-06-28 20:00:00,112819.0704,113066.2957,160677.2272,168176.7973,178792.2566,224457.9731
2016-06-29 20:00:00,113917.1874,113956.4043,161930.4927,171064.9827,180195.757,228433.1526
2016-06-30 20:00:00,115034.7242,114209.8111,162196.5706,173398.7026,180500.8576,231076.1098
2016-07-01 20:00:00,115660.3846,114073.2823,162113.0486,173613.8683,180416.9349,232236.4324
2016-07-05 20:00:00,115557.7786,113583.6412,161249.9796,172455.2839,179465.4392,230818.2603
2016-07-06 20:00:00,117054.4356,113294.5344,160476.3475,173597.3171,178613.3877,232709.1565
2016-07-07 20:00:00,117286.1473,113353.6804,160616.5013,173406.9782,178778.3123,233396.7551
2016-07-08 20:00:00,118461.7368,114137.8207,161466.117,176022.0686,179732.9378,237006.6478
2016-07-11 20:00:00,118734.1191,114378.9563,161999.6798,176642.7388,180335.8498,238360.3576
2016-07-12 20:00:00,118600.5227,114941.2472,162984.6366,177925.4573,181441.3071,239563.6552
2016-07-13 20:00:00,118032.1025,115160.0365,163356.5753,177867.528,181864.4369,238983.4938
2016-07-14 20:00:00,118047.2856,115909.7601,164435.2971,178844.0492,183074.4682,240616.5406
2016-07-15 20:00:00,117578.6177,116268.6799,164808.8683,178620.6079,183499.5384,240229.7663
2016-07-18 20:00:00,118276.9282,116322.1213,164903.8177,179092.3172,183614.4308,241819.8381
2016-07-19 20:00:00,118249.9217,116031.4259,164324.1091,178901.9784,182978.127,240938.8524
2016-07-20 20:00:00,118978.2202,116331.5634,165209.8348,179688.1606,183973.5489,243753.7092
2016-07-21 20:00:00,118615.9235,116213.2353,165318.0834,178935.0808,184103.2904,243195.0354
2016-07-22 20:00:00,119018.4354,116298.7957,165426.6707,179787.4679,184233.4218,244204.9458
2016-07-25 20:00:00,119117.2911,116159.1502,165287.3971,179282.6561,184087.5264,244226.4333
2016-07-26 20:00:00,119289.5604,116094.3619,165220.9637,179373.6877,184022.7411,244505.7702
2016-07-27 20:00:00,119106.8706,116313.5151,166606.6048,179175.0733,185575.2662,246203.2793
2016-07-28 20:00:00,119339.648,116173.3944,166845.4653,179415.0657,185850.6004,247062.7776
2016-07-29 20:00:00,119364.759,115980.0364,167156.3612,179704.7118,186206.2025,247599.964
2016-08-01 20:00:00,119907.4277,115974.2374,167264.0539,179522.6486,186335.4787,248910.6989
2016-08-02 20:00:00,119165.4224,115813.4001,167010.2238,178355.7886,186062.0237,247019.8027
2016-08-03 20:00:00,119647.0392,115769.9937,166871.1242,178943.3564,185916.3593,247836.326
2016-08-04 20:00:00,120025.0065,115801.6833,166804.9096,179108.8684,185851.8833,248545.4121
2016-08-05 20:00:00,120555.8452,116202.5341,167647.3941,180523.9965,186799.8613,250930.5198
2016-08-08 20:00:00,120353.7748,116329.8982,167725.1467,180449.5161,186895.8366,250651.1829
2016-08-09 20:00:00,120533.3292,116361.4268,167846.1669,180590.2013,187040.0339,251231.3442
2016-08-10 20:00:00,120146.0962,116392.9348,167938.2641,180101.9408,187152.0148,250586.7205
2016-08-11 20:00:00,120242.7603,116718.7038,168505.8859,180970.879,187793.9356,251661.0933
2016-08-12 20:00:00,120524.7055,116488.6962,168209.7115,180747.4378,187473.2493,251832.993
2016-08-15 20:00:00,120878.1479,116738.8791,168416.5864,181310.1788,187713.1894,252907.3658
2016-08-16 20:00:00,120429.6661,116450.6395,168093.3683,180375.0357,187362.3236,251510.6811
2016-08-17 20:00:00,120608.7944,116455.5025,168128.046,180722.611,187410.3447,251961.9177
2016-08-18 20:00:00,120746.8974,116412.3508,167961.921,181152.9423,187234.5377,252026.3801
2016-08-19 20:00:00,120926.4976,116108.7188,167652.7982,180871.5718,186899.3066,251961.9177
2016-08-22 20:00:00,121188.9703,115938.2276,167401.3576,180830.1938,186628.3456,252155.3048
2016-08-23 20:00:00,120925.7404,116314.4523,168049.1837,181177.7691,187359.9097,252606.5414
2016-08-24 20:00:00,120219.7495,116239.5694,167926.4232,180308.8308,187232.4106,250973.4947
2016-08-25 20:00:00,120327.2507,115977.6761,167486.709,180126.7676,186751.5054,250565.233
2016-08-26 20:00:00,120455.3324,116099.7585,167535.7866,179812.2947,186815.5656,250930.5198
2016-08-29 20:00:00,120583.3666,116174.1034,167570.4486,180689.5086,186863.5573,251274.3191
2016-08-30 20:00:00,120381.099,116120.4076,167289.8075,180391.5869,186559.9479,250457.7957
2016-08-31 20:00:00,120437.1427,115933.4797,167023.1026,179944.7043,186271.8492,250199.9463
2016-09-01 20:00:00,120699.9537,115895.6926,167072.128,179886.7751,186335.8381,250844.57
2016-09-02 20:00:00,120488.1568,116417.7385,167893.8398,180706.0598,187261.6115,251661.0933
2016-09-06 20:00:00,121026.4447,116603.8501,168172.149,181310.1788,187581.3889,253229.6777
2016-09-07 20:00:00,120979.3536,116464.9652,168320.7106,181243.9739,187756.4755,253380.0899
2016-09-08 20:00:00,120623.4451,116241.1125,167812.6995,180830.1938,187199.1928,251897.4553
2016-09-09 20:00:00,118573.3005,115432.0233,166401.456,176535.156,185634.2759,245558.6556
2016-09-12 20:00:00,121374.1492,114923.0088,165461.2412,179084.0416,184594.672,249963.5842
2016-09-13 20:00:00,120885.7297,114094.108,164628.0088,176468.9512,183674.3169,247728.8887
2016-09-14 20:00:00,121330.0871,114115.1558,164791.131,176394.4708,183865.495,248910.6989
2016-09-15 20:00:00,123177.4275,114029.1438,164825.5687,178157.1741,183913.1121,252778.4411
2016-09-16 20:00:00,123223.8008,113656.1053,164668.2641,177475.1228,183746.7865,252657.5421
2016-09-19 20:00:00,122368.8321,114039.2727,165081.213,177508.3936,184216.7672,251558.9374
2016-09-20 20:00:00,122153.8931,114578.6251,165666.6746,177516.7114,184879.3039,252032.8453
2016-09-21 20:00:00,122823.5303,115002.3915,166366.3685,179512.9634,185669.3864,254510.0912
2016-09-22 20:00:00,123075.7692,115620.0906,167329.6354,180644.1729,186753.7019,256534.9705
2016-09-23 20:00:00,122376.6678,115374.7431,167194.8127,179654.3646,186612.5664,254897.834
2016-09-26 20:00:00,122037.721,114850.8323,166239.774,178198.7641,185555.9415,252765.2484
2016-09-27 20:00:00,123322.1425,114732.512,166118.1231,179305.0205,185429.4333,255264.0356
2016-09-28 20:00:00,123367.9453,114854.5102,166320.0933,180195.0162,185664.1541,255694.861
2016-09-29 20:00:00,122674.6643,114716.2267,166031.5413,178564.7437,185351.3249,253842.3119
2016-09-30 20:00:00,123260.3592,115239.5065,166460.0165,179912.2138,185838.9259,255737.9435
2016-10-03 20:00:00,123233.4051,114972.6841,166241.3751,179479.6925,185604.1227,255371.742
2016-10-04 20:00:00,122677.9271,115009.5614,166723.8642,178564.7437,186152.0893,254983.9991
2016-10-05 20:00:00,122744.1269,115373.4616,167208.5022,179354.9268,186702.5095,255888.7324
2016-10-06 20:00:00,122831.1031,115239.2802,166989.0021,179479.6925,186466.7541,255759.4848
2016-10-07 20:00:00,122442.5355,115383.0548,167135.3633,178864.1815,186639.5103,255199.4118
2016-10-10 20:00:00,122580.3667,115967.5077,167987.5837,179795.7658,187600.514,256815.007
2016-10-11 20:00:00,120927.7586,115682.735,167838.2787,177525.0291,187443.1574,253152.9913
2016-10-12 20:00:00,120705.8248,115774.5139,167986.9853,177757.9251,187618.6062,252937.5786
2016-10-13 20:00:00,121093.103,114923.6162,166834.0655,177175.685,186340.3326,252032.8453
2016-10-14 20:00:00,120633.9018,115527.5301,167652.7645,177267.1799,187264.071,252334.4231
2016-10-17 20:00:00,120401.1147,115494.6498,167501.2601,176651.6688,187104.2076,251645.1025
2016-10-18 20:00:00,120038.6071,116500.3642,169485.9235,177757.9251,189330.4946,253885.3944
2016-10-19 20:00:00,120154.9583,116652.6277,169290.5056,178232.035,189121.6624,253863.8531
2016-10-20 20:00:00,120128.5386,116412.7059,169109.6621,177899.3263,188929.0905,253562.2754
2016-10-21 20:00:00,120479.4506,115900.6957,169230.5064,177982.5035,189073.5439,254510.0912
2016-10-24 20:00:00,121142.1377,116436.5433,170310.6203,178739.4157,190289.7597,257568.9514
2016-10-25 20:00:00,120680.4306,116327.7714,170401.8099,178140.5401,190401.1612,256750.3832
2016-10-26 20:00:00,120633.6331,115805.9566,169292.4475,177782.8783,189171.1177,255005.5404
2016-10-27 20:00:00,119562.2022,116249.8666,170013.3218,177308.7684,189986.0971,253842.3119
2016-10-28 20:00:00,119149.2038,116222.2406,169514.2872,176784.7523,189437.9363,252248.258
2016-10-31 20:00:00,118595.8068,116440.6278,170128.2806,176793.07,190133.5666,252011.304
2016-11-01 20:00:00,117496.9214,116626.5453,170410.6167,175512.1416,190458.6091,250115.6724
2016-11-02 20:00:00,116630.3003,116432.7938,170284.6829,174455.7916,190327.3827,248112.3344
2016-11-03 20:00:00,115671.0599,116576.857,169995.2684,173657.2908,190013.4202,245678.171
2016-11-04 20:00:00,115543.2712,116643.6165,169569.4195,173465.9833,189546.9252,244816.5202
2016-11-07 21:00:00,116397.8907,118270.9628,172306.2796,177292.133,192615.7008,250632.6628
2016-11-08 21:00:00,117273.342,118026.4543,172119.9526,178090.6338,192417.0425,252269.7992
2016-11-09 21:00:00,119202.7823,117116.5158,170097.818,180028.6618,190166.0704,253433.0278
2016-11-10 21:00:00,116706.2887,117603.0645,170913.4164,180427.9122,191087.402,249340.1867
2016-11-11 21:00:00,117257.4031,117168.8863,170166.5839,180012.0264,190261.9704,249447.893
2016-11-14 21:00:00,116036.7523,117471.6234,170202.1602,180153.4276,190311.2611,246927.5646
2016-11-15 21:00:00,116754.2965,117688.121,171485.4225,181559.1217,191755.6543,250352.6263
2016-11-16 21:00:00,118000.0826,117272.474,170665.3099,181218.0953,190848.1891,251838.9739
2016-11-17 21:00:00,118913.1391,117358.116,170569.1886,182149.6796,190750.2429,253669.9817
2016-11-18 21:00:00,118322.2094,117379.0434,170763.4428,181742.1115,190977.018,252722.1659
2016-11-21 21:00:00,119251.9251,117743.8451,171177.01,183114.5347,191449.0887,255350.2007
2016-11-22 21:00:00,119135.7389,117919.8017,171847.152,183472.1966,192208.1664,256125.6864
2016-11-23 21:00:00,119039.3069,117603.8437,171274.8894,183572.0092,191577.7107,255091.7055
2016-11-25 18:00:00,119274.3252,117821.7678,171468.8124,184254.0619,191804.2001,255910.2737
2016-11-28 21:00:00,119147.73,117640.3567,171243.738,183389.0194,191562.0231,255328.6594
2016-11-29 21:00:00,119443.0565,117687.8312,171394.096,183746.6812,191739.7994,256211.8514
2016-11-30 21:00:00,117842.3706,118076.1752,171601.6782,183305.8422,191981.6101,253109.9087
2016-12-01 21:00:00,115840.0004,118257.796,171534.6806,182632.1072,191916.2547,248737.0312
2016-12-02 21:00:00,115994.6239,118321.8995,171630.0912,182723.6021,192032.5978,249232.4803
2016-12-05 21:00:00,116288.0364,118849.2076,172511.5534,183821.5407,193028.4453,251171.1945
2016-12-06 21:00:00,116232.4965,118972.3321,172991.1681,184403.7808,193574.7522,251774.3501
2016-12-07 21:00:00,117960.9032,118859.0562,172597.699,186815.9187,193144.1444,254962.4579
2016-12-08 21:00:00,118114.3983,118842.5292,172661.9813,187273.3931,193225.7363,255414.8245
2016-12-09 21:00:00,118594.8052,118989.6598,173294.0775,188404.6026,193942.7753,257418.1625
2016-12-12 21:00:00,118578.907,118936.4318,172516.8282,188188.342,193082.6107,256254.934
2016-12-13 21:00:00,119705.8975,119330.0062,173030.2775,189444.3172,193666.9226,259486.1243
2016-12-14 21:00:00,119302.9106,119140.6647,173237.0879,187880.5865,193908.0818,258947.5926
2016-12-15 21:00:00,119326.6795,119266.5704,173459.0053,188654.1341,194166.1743,259356.8767
2016-12-16 21:00:00,118586.9444,119530.3564,173876.5136,188285.9757,194643.2321,258395.3381
2016-12-19 21:00:00,118947.5133,119630.6102,174042.2778,188695.9478,194838.5263,259453.9812
2016-12-20 21:00:00,119020.5549,119958.8072,174584.2965,189423.8575,195455.0526,260447.8095
2016-12-21 21:00:00,118876.4373,119883.9283,174647.9789,188896.7505,195536.1206,260253.3648
2016-12-22 21:00:00,118525.1233,119792.9741,174653.7449,188570.4462,195552.3531,259518.7961
2016-12-23 21:00:00,118795.9401,119808.245,174354.2134,188846.5498,195226.7581,259691.6358
2016-12-27 21:00:00,119145.0272,119956.1884,174722.6346,189315.0894,195649.0456,261031.1434
2016-12-28 21:00:00,117958.2471,120119.8374,175089.8949,187750.5019,196070.0748,259000.2771
2016-12-29 21:00:00,117814.559,120151.3019,175037.3241,187708.668,196021.0083,258632.9927
2016-12-30 21:00:00,116374.5407,120338.0934,175364.8732,187022.5922,196397.6253,255975.5825
2017-01-03 21:00:00,116632.1674,121161.1404,176525.4014,188453.3113,197707.1639,258265.7084
2017-01-04 21:00:00,117133.1355,121370.2505,176708.5469,189574.4595,197922.1708,259670.0309
2017-01-05 21:00:00,117878.2573,121203.4834,176567.3896,189423.8575,197773.9639,261139.1682
2017-01-06 21:00:00,118778.3699,121267.0189,176748.4658,190101.5666,197986.6768,263429.2941
2017-01-09 21:00:00,119064.4371,121095.5016,176884.5873,189474.0582,198149.0541,264293.4926
2017-01-10 21:00:00,119272.5235,121094.7942,176948.0412,189474.0582,198230.0437,264876.8265
2017-01-11 21:00:00,119538.8494,121045.9611,177011.3586,190009.532,198310.8879,265589.7903
2017-01-12 21:00:00,119776.8492,120720.1044,176368.9361,189532.6256,197601.0792,265179.296
2017-01-13 21:00:00,120121.9977,120831.3086,176446.3335,189967.6981,197697.6741,266086.7044
2017-01-17 21:00:00,120067.0979,120426.1326,175979.0602,189298.3559,197184.0069,265287.3208
2017-01-18 21:00:00,120129.4421,120563.8242,176228.232,189716.6948,197473.0624,265827.4449
2017-01-19 21:00:00,119889.4552,120600.3323,176477.2317,189013.8854,197761.9534,265697.8151
2017-01-20 21:00:00,119621.3967,121032.0531,177243.3119,189708.328,198630.3178,266281.149
2017-01-23 21:00:00,119790.2297,120828.4983,177119.4034,189214.6881,198501.3894,266497.1987
2017-01-24 21:00:00,120356.1007,120956.0281,177455.1656,190427.8709,198887.6102,268290.4104
2017-01-25 21:00:00,120802.7667,121534.5657,178560.9251,192076.1262,200136.864,270991.0306
2017-01-26 21:00:00,120758.2543,121449.0788,178794.0074,191875.3235,200408.117,271271.8951
2017-01-27 21:00:00,120723.4256,121501.2604,179169.5403,191574.1195,200839.0679,271790.4142
2017-01-30 21:00:00,120178.1877,121075.9776,178562.4005,190386.037,200168.54,269673.128
2017-01-31 21:00:00,120355.7602,120782.5978,177924.0264,190369.3035,199462.9306,269133.0039
2017-02-01 21:00:00,120330.5545,121174.6906,179172.0391,190444.6045,200871.9969,270991.0306
2017-02-02 21:00:00,120430.2513,120966.3369,178848.8187,190570.1061,200519.6741,270753.376
2017-02-03 21:00:00,120645.0266,121533.8656,179025.4041,191883.6903,200727.6821,271531.1547
2017-02-06 21:00:00,120985.1504,121289.321,178717.3175,191540.6524,200392.2841,271855.2291
2017-02-07 21:00:00,121171.004,121511.0746,179077.6616,191549.0192,200806.3507,272849.0573
2017-02-08 21:00:00,121530.0341,121319.2348,178827.6498,191800.0225,200536.0436,273302.7615
2017-02-09 21:00:00,121840.667,121487.8126,179002.4839,192937.9044,200742.1281,274296.5897
2017-02-10 21:00:00,121968.6342,121692.4717,179388.3093,193699.2812,201184.8486,275203.9981
2017-02-13 21:00:00,122277.5522,121991.2621,179928.5739,194753.4952,201800.8173,276759.5553
2017-02-14 21:00:00,122634.0249,121869.8639,179989.8072,195531.6056,201879.5842,277688.5686
2017-02-15 21:00:00,123439.47,121722.9708,179854.7743,196552.3525,201738.2229,279330.5457
2017-02-16 21:00:00,123318.799,121722.0661,179957.0692,196385.017,201863.0513,279244.1259
2017-02-17 21:00:00,124029.2695,121327.0419,179683.531,196694.5878,201566.3087,280454.0037
2017-02-21 21:00:00,124394.9842,121537.7324,180020.5978,197865.9367,201954.5036,281836.7212
2017-02-22 21:00:00,124551.0229,121290.1115,179845.9972,197690.2344,201768.7271,281944.746
2017-02-23 21:00:00,123887.2575,121602.3129,180112.6309,197824.1028,202077.9512,280886.1029
2017-02-24 21:00:00,124685.1529,121071.6415,179286.2539,198075.1062,201160.8988,281426.227
2017-02-27 21:00:00,125062.5062,120999.1044,178946.9602,198384.6769,200790.2661,281771.9064
2017-02-28 21:00:00,124701.3706,120788.9313,178896.8504,197849.2031,200744.0791,280907.7079
2017-03-01 21:00:00,125257.4115,121768.7363,180029.9175,200618.6067,202025.5556,283975.6124
2017-03-02 21:00:00,124650.6451,121656.0025,179979.8258,199355.2232,201979.4451,282549.685
2017-03-03 21:00:00,124959.1628,121609.0732,179846.9685,199480.7249,201840.4472,283068.204
2017-03-06 21:00:00,125086.8783,121123.5341,179247.7289,198886.6836,201178.0186,282441.6602
2017-03-07 21:00:00,125118.9736,120954.4241,178882.2729,198292.6424,200777.9093,281966.351
2017-03-08 21:00:00,125256.4334,121106.5868,178982.98,197924.5041,200900.9822,282463.2651
2017-03-09 21:00:00,125374.7466,121177.3238,178932.9609,198175.5075,200854.8828,282679.3147
2017-03-10 21:00:00,125320.7851,121728.9078,179744.5567,198869.9501,201775.9538,283867.5876
2017-03-13 20:00:00,125572.1452,121671.608,179667.1683,198970.3514,201699.1687,284342.8968
2017-03-14 20:00:00,125546.7405,121363.6606,179248.6405,198208.9746,201239.4031,283651.538
2017-03-15 20:00:00,126055.7812,121695.7098,179608.3058,199924.1641,201653.2551,285401.5399
2017-03-16 20:00:00,125725.6479,121776.2049,179939.2351,199530.9256,202034.8851,285207.0952
2017-03-17 20:00:00,125519.1919,121929.1162,180154.4445,199186.4013,202286.6229,285107.8182
2017-03-20 20:00:00,125665.4649,121912.7316,180090.716,198967.9122,202225.1796,285367.6172
2017-03-21 20:00:00,123284.7303,122277.3636,180764.8566,196413.2708,202992.2882,281037.6329
2017-03-22 20:00:00,124076.0953,122271.2497,180811.5197,196875.4592,203054.8388,282942.826
2017-03-23 20:00:00,123917.7909,122108.5655,180567.2816,196665.3736,202790.7075,282228.3786
2017-03-24 20:00:00,123769.4657,122269.4247,181140.0135,196522.5153,203444.0682,282812.9265
2017-03-27 20:00:00,124851.1507,121275.1593,179841.3583,196320.8331,201995.6797,283267.5748
2017-03-28 20:00:00,125608.2903,121113.3617,179832.3662,197749.4155,201995.6797,284999.5686
2017-03-29 20:00:00,126097.8446,120942.6099,179946.3229,197934.2908,202133.7807,286320.2138
2017-03-30 20:00:00,126349.0769,120916.024,179869.2929,198564.5478,202057.3596,286796.5121
2017-03-31 20:00:00,126438.2759,120715.5219,179602.3153,198102.3594,201767.5513,286601.6628
2017-04-03 20:00:00,126250.6325,120735.0896,179742.5741,197757.8189,201935.2083,286428.4634
2017-04-04 20:00:00,126808.9643,120559.7477,179217.3196,197883.8703,201355.1979,286883.1117
2017-04-05 20:00:00,126105.0312,120953.0598,179465.3302,197295.6305,201643.9119,285714.016
2017-04-06 20:00:00,126041.4489,121039.7439,179633.1433,197850.2566,201842.5457,285865.5654
2017-04-07 20:00:00,126006.501,120900.0259,179569.7438,197648.5744,201781.3998,285714.016
2017-04-10 20:00:00,125923.8909,120976.2258,179737.6545,197766.2223,201980.1691,285822.2656
2017-04-11 20:00:00,125487.9833,120743.9955,179565.2945,197530.9264,201796.5786,284588.22
2017-04-12 20:00:00,124994.7662,120604.4033,179528.9955,196665.3736,201765.8754,283440.7742
2017-04-13 20:00:00,124663.4574,120402.5449,179273.1873,195388.0528,201488.4705,282314.9783
2017-04-17 20:00:00,125334.0695,120712.406,179772.8976,197119.1585,202060.1785,284653.1698
2017-04-18 20:00:00,125557.3524,120263.8046,179162.2959,196530.9187,201383.9808,284220.1714
2017-04-19 20:00:00,125208.2558,120592.0432,179931.2363,196169.5714,202258.3628,284674.8197
2017-04-20 20:00:00,125742.5855,120947.6244,180647.493,197766.2223,203073.6106,287056.3111
2017-04-21 20:00:00,125594.1735,120879.9058,180801.9548,197135.9654,203257.4015,286991.3613
2017-04-24 20:00:00,125709.7117,122203.2883,182797.8851,199304.0492,205511.3874,290455.3488
2017-04-25 20:00:00,126198.4198,122588.7727,183388.2613,200463.722,206185.3962,292555.3912
2017-04-26 20:00:00,125968.0559,122572.3655,183446.9481,200337.6706,206261.6877,292144.0427
2017-04-27 20:00:00,126408.7499,122741.0464,183886.401,200505.7391,206766.1071,293897.6864
2017-04-28 20:00:00,126124.18,122904.6686,184608.6885,200068.761,207588.6021,294417.2845
2017-05-01 20:00:00,126820.4125,123197.9383,185210.3405,200572.9665,208275.5267,297036.925
2017-05-02 20:00:00,126869.4636,123264.0413,185430.5681,200648.5974,208533.594,297534.8732
2017-05-03 20:00:00,126742.8384,123010.08,185003.0219,200404.898,208063.2061,296582.2766
2017-05-04 20:00:00,126801.2746,123174.1464,184966.7621,200640.1939,208032.8297,296690.5262
2017-05-05 20:00:00,126933.3739,123374.3442,185429.9186,201430.116,208564.1453,297773.0223
2017-05-08 20:00:00,127139.1825,123404.2047,185515.0204,201396.5023,208670.2925,298422.52
2017-05-09 20:00:00,127381.486,123542.2103,185788.3778,201211.6269,208988.2028,299461.7162
2017-05-10 20:00:00,127375.1169,123499.9157,185886.5426,201572.9742,209109.0751,299634.9156
2017-05-11 20:00:00,127617.9242,123205.4181,185366.8661,201161.2063,208534.9317,299396.7665
2017-05-12 20:00:00,127842.1503,123029.4116,185438.0231,200825.0693,208625.4089,300067.914
2017-05-15 20:00:00,128186.1117,123285.8135,185509.0274,201934.3215,208715.723,301020.5106
2017-05-16 20:00:00,128382.0048,123454.0861,185980.0687,201749.4461,209256.1262,302276.206
2017-05-17 20:00:00,126114.001,122424.6143,184492.2002,198169.5868,207592.5085,294590.4838
2017-05-18 20:00:00,127257.3892,122356.1958,184415.1825,198967.9122,207516.227,297166.8245
2017-05-19 20:00:00,127334.1709,122654.9737,185064.2995,200262.0398,208257.0324,298422.52
2017-05-22 20:00:00,128111.2573,122937.0654,185471.253,201278.8543,208725.3992,300933.9109
2017-05-23 20:00:00,127856.7344,123167.0202,186009.0529,201724.2359,209341.064,301237.0098
2017-05-24 20:00:00,128051.8927,123304.5267,186561.2287,202194.8277,209972.9689,302622.6048
2017-05-25 20:00:00,128647.8296,123610.966,187259.2797,203161.2217,210769.1177,305198.9455
2017-05-26 20:00:00,128842.1243,123517.8651,187289.7676,203119.2046,210813.9717,305740.1935
2017-05-30 20:00:00,129009.1147,123312.3926,187187.5673,202942.7326,210709.4754,305999.9926
2017-05-31 20:00:00,128502.4174,123479.8345,187840.3968,202892.3121,211454.8747,305891.7429
2017-06-01 20:00:00,128731.9764,123744.7188,188216.5502,204505.7698,211888.8892,307082.4886
2017-06-02 20:00:00,129738.4653,123784.2952,188870.6213,205186.4473,212635.8184,310589.7759
2017-06-05 20:00:00,129713.89,123702.062,188848.0124,205035.1856,212620.9965,310524.8262
2017-06-06 20:00:00,129345.2268,123366.3292,188614.7384,204379.7184,212368.9881,309290.7806
2017-06-07 20:00:00,129483.2188,123563.0577,189133.4184,204757.8726,212963.6093,310503.1763
2017-06-08 20:00:00,129323.606,123627.8753,189545.9579,204858.7137,213438.7757,310827.9251
2017-06-09 20:00:00,125934.2488,123768.7613,189760.9204,204547.7869,213691.5067,303055.6032
2017-06-12 20:00:00,126318.0942,123599.8597,188151.7903,204505.7698,211890.1352,301431.8591
2017-06-13 20:00:00,126627.551,123908.5709,189196.4544,205505.7775,213077.1948,303878.3002
2017-06-14 20:00:00,125560.9733,124059.4463,189955.3187,205245.2713,213942.4983,302557.655
2017-06-15 20:00:00,126271.7198,123265.9351,188029.2771,204850.3103,211783.9371,301215.3599
2017-06-16 20:00:00,125782.8275,123381.7149,187922.865,204892.5204,211674.6706,299909.3774
2017-06-19 20:00:00,126651.22,123868.7879,189736.2458,206598.2692,213727.8307,304924.1488
2017-06-20 20:00:00,125778.4025,123644.89,189537.6441,205204.9596,213514.8028,302536.1624
2017-06-21 20:00:00,126726.6175,123867.6704,189963.3857,205154.2938,214005.0779,305531.9998
2017-06-22 20:00:00,126486.5345,123866.5755,190250.8319,205061.4064,214339.6034,305445.164
2017-06-23 20:00:00,127110.2129,123880.7851,190024.9716,205306.2912,214095.8625,306617.4482
2017-06-26 20:00:00,125788.4613,124282.211,191105.2482,205441.4,215323.685,305184.6564
2017-06-27 20:00:00,123967.872,124132.9617,190375.2079,203786.317,214511.8942,299648.8698
2017-06-28 20:00:00,125286.002,124733.7119,191069.0968,205610.286,215304.4832,303968.9542
2017-06-29 20:00:00,123617.5238,124794.0709,190268.0844,203803.2056,214412.6349,298693.6753
2017-06-30 20:00:00,123306.7339,125279.0447,190797.8875,204183.1991,215020.3893,298802.2201
2017-07-03 17:00:00,121445.6614,125842.7019,191661.6596,204529.4155,216004.5716,295654.4199
2017-07-05 20:00:00,122248.5157,126044.2339,192257.2202,205002.2963,216686.5744,298563.4215
2017-07-06 20:00:00,122072.2156,125565.467,190779.7816,203127.6615,215032.2379,295871.5096
2017-07-07 20:00:00,122967.7057,125888.0445,191414.1541,204444.9725,215758.0052,299062.7277
2017-07-10 20:00:00,123684.1096,125814.155,191529.6362,204664.5243,215898.9621,301016.5347
2017-07-11 20:00:00,124204.963,125678.0894,191243.8017,204512.5269,215587.5544,301863.1844
2017-07-12 20:00:00,124606.1564,126252.9998,192870.9179,206049.3897,217432.5683,305445.164
2017-07-13 20:00:00,124723.7627,126251.8613,193094.3096,206395.606,217695.28,306118.1419
2017-07-14 20:00:00,125140.1995,126235.218,193947.3555,207358.2563,218667.8921,308527.8373
2017-07-17 20:00:00,125063.5748,126167.2177,194142.3591,207332.9234,218898.6843,308679.8
2017-07-18 20:00:00,125981.5017,125919.3967,193996.1147,207442.6993,218744.7363,310742.1519
2017-07-19 20:00:00,126343.7749,126092.5023,194555.6364,208565.7914,219386.5749,312565.7051
2017-07-20 20:00:00,126179.9109,126218.932,195045.878,208658.6787,219950.3549,312978.1755
2017-07-21 20:00:00,126586.4713,125870.3844,194319.095,208472.9041,219141.7699,312847.9217
2017-07-24 20:00:00,127177.538,125828.4018,194282.4109,208422.2383,219111.3568,314280.7135
2017-07-25 20:00:00,127268.1334,126270.7328,193628.5332,208928.8963,218384.8703,313477.4817
2017-07-26 20:00:00,127358.4783,126448.1452,194101.5822,208937.3406,218929.3201,314497.8031
2017-07-27 20:00:00,125727.5955,126712.6772,195364.7183,208743.1217,220364.9718,312522.2872
2017-07-28 20:00:00,126371.4727,126450.0457,194187.8644,208498.237,219048.5375,312261.7796
2017-07-31 20:00:00,125471.5743,126684.4244,194731.666,208380.0168,219672.9111,310937.5326
2017-08-01 20:00:00,125325.6162,127027.182,195388.1202,208844.4533,220424.4278,311653.9285
2017-08-02 20:00:00,124850.9726,127097.8729,196644.1,208945.7849,221852.3653,312500.5782
2017-08-03 20:00:00,124238.1947,127024.7433,196825.516,208540.4585,222068.13,311284.876
2017-08-04 20:00:00,124180.1124,127306.4301,197254.9255,208920.452,222563.7141,311849.3092
2017-08-07 20:00:00,124734.7892,127346.3748,197602.0852,209308.8899,222966.5444,313824.8252
2017-08-08 20:00:00,124754.4885,127144.7777,197209.4672,208793.7875,222534.6778,313282.101
2017-08-09 20:00:00,125619.9283,126727.0485,195573.3905,208785.3432,220699.6264,312869.6306
2017-08-10 20:00:00,123623.7154,126233.7932,194450.8573,205838.2821,219443.9111,306161.5599
2017-08-11 20:00:00,124387.8845,126351.7682,194703.105,206142.277,219739.5527,308484.4193
2017-08-14 20:00:00,124989.5791,127085.5908,196241.6775,208185.7978,221486.9538,312457.1603
2017-08-15 20:00:00,124758.1076,127316.3558,196722.7082,208160.4649,222040.9405,312674.2499
2017-08-16 20:00:00,124656.8257,127609.5457,197204.5764,208523.5699,222595.9272,313216.9741
2017-08-17 20:00:00,122577.6051,127251.7661,196429.2978,205272.514,221731.9563,306812.8289
2017-08-18 20:00:00,122415.4478,127172.1169,196530.6653,204951.6305,221857.468,306595.7392
2017-08-21 20:00:00,122261.9639,127129.0806,196506.9232,205112.0723,221841.759,306204.9778
2017-08-22 20:00:00,123454.2439,127489.0903,197555.9086,207256.9247,223037.078,310872.4057
2017-08-23 20:00:00,123630.0293,126911.342,196552.7329,206513.8262,221915.6625,309765.2484
2017-08-24 20:00:00,122984.1288,127133.3289,196983.6992,206032.5011,222413.3358,308853.4718
2017-08-25 20:00:00,122246.0337,127595.9259,197735.367,206513.8262,223273.1611,308202.2028
2017-08-28 20:00:00,122248.5061,127907.8055,198324.3829,206522.2705,223949.4128,309157.3973
2017-08-29 20:00:00,123783.5959,127148.3037,196615.4586,206758.711,222030.8798,310373.0994
2017-08-30 20:00:00,125126.9238,127147.1392,196770.6544,207738.2499,222217.2385,314020.2059
2017-08-31 20:00:00,126104.0171,127523.2414,197318.5481,208988.0064,222847.0973,317385.0957
2017-09-01 20:00:00,125761.7561,127769.3457,197565.1153,209283.557,223136.707,316950.9164
2017-09-05 20:00:00,124995.2129,127469.1042,196973.3672,207780.4714,222479.5236,314107.0417
2017-09-06 20:00:00,125006.1907,127882.3438,197535.2845,208489.7927,223125.3277,315062.2363
2017-09-07 20:00:00,125060.1222,128067.5919,197892.9026,208464.4598,223540.4303,315800.3412
2017-09-08 20:00:00,124132.7904,127889.9959,197624.5378,208219.575,223248.4616,313065.0113
2017-09-11 20:00:00,124579.2491,128640.838,199163.2019,210440.4262,224997.7908,316668.6998
2017-09-12 20:00:00,124521.9212,128856.3696,199713.0361,211149.7475,225630.197,317428.5137
2017-09-13 20:00:00,124899.5744,128685.0236,199361.5906,211251.0791,225244.4253,317862.693
2017-09-14 20:00:00,124644.9861,128503.6967,198575.5257,211183.5247,224367.5688,315995.7219
2017-09-15 20:00:00,125092.6935,128414.6503,198524.6704,211463.5604,224321.3265,317081.1702
2017-09-18 20:00:00,124777.8009,128629.8207,198745.4886,211913.3204,224582.0544,316666.4769
2017-09-19 20:00:00,124763.0044,128767.6161,199090.5759,212125.4713,224983.2315,317210.3905
2017-09-20 20:00:00,124414.3635,128812.691,199012.3461,212201.8457,224906.0768,316231.3461
2017-09-21 20:00:00,123731.4657,128708.3762,198865.4761,211633.2812,224751.3426,314295.0138
2017-09-22 20:00:00,124000.238,128531.6301,198222.291,211675.7114,224035.6731,313990.4222
2017-09-25 20:00:00,123174.5581,128380.925,197429.4897,211242.9235,223150.8316,310683.4277
2017-09-26 20:00:00,122859.4546,128642.686,198428.8867,211370.214,224291.5886,311488.4198
2017-09-27 20:00:00,123305.7226,129054.5957,199472.3001,212193.3596,225482.2124,314295.0138
2017-09-28 20:00:00,123556.2482,128882.9861,198979.0418,212447.9407,224935.9105,314186.2311
2017-09-29 20:00:00,124190.4794,128886.8382,199368.6768,213194.712,225387.6203,316448.9115
2017-10-02 20:00:00,124107.5407,129018.9101,199660.2629,214119.6901,225728.5297,316731.7466
2017-10-03 20:00:00,124203.5024,129094.2721,199910.8614,214577.9361,226023.1335,317406.1994
2017-10-04 20:00:00,124555.547,129016.3423,199517.1861,214832.5172,225589.3377,317710.791
2017-10-05 20:00:00,125314.1936,129203.5485,200231.3361,216105.4228,226408.0896,320821.9766
2017-10-06 20:00:00,125904.8246,128943.4097,199542.3902,215859.3277,225640.3964,321257.1074
2017-10-09 20:00:00,125591.9637,129078.8982,199789.1722,215502.9141,225930.7369,320887.2462
2017-10-10 20:00:00,125254.7099,129397.7464,200456.4801,216071.4786,226696.6557,321126.5682
2017-10-11 20:00:00,125681.4432,129345.5386,200351.3898,216410.9201,226589.1437,322083.856
2017-10-12 20:00:00,125632.6475,129166.6241,200043.6331,216088.4507,226252.413,321496.4294
2017-10-13 20:00:00,125600.9633,129418.8642,200845.8809,216351.5178,227171.0802,322736.5523
2017-10-16 20:00:00,125712.9277,129539.2994,201336.8024,216640.0431,227737.7062,323846.136
2017-10-17 20:00:00,125909.4048,129507.4515,201259.1048,216792.7918,227661.2071,324259.5103
2017-10-18 20:00:00,125624.6047,129729.0982,201451.5973,217004.9427,227890.3348,323867.8925
2017-10-19 20:00:00,125889.9626,129271.1066,200264.1575,217064.345,226558.4485,322671.2827
2017-10-20 20:00:00,125714.5862,129739.7001,201064.329,218184.5019,227475.0089,323541.5444
2017-10-23 20:00:00,124628.4812,129935.0562,201473.4133,217335.8982,227949.2019,321431.1598
2017-10-24 20:00:00,124588.5732,130156.8628,201858.8134,217717.7698,228396.6452,321975.0733
2017-10-25 20:00:00,124354.5921,129982.9408,201453.1595,216640.0431,227949.081,320756.7069
2017-10-26 20:00:00,124027.6554,130343.0354,201320.1079,216920.0823,227809.9274,319734.1494
2017-10-27 20:00:00,125523.7631,130769.9413,204693.6883,218693.6641,231638.7959,329045.9496
2017-10-30 20:00:00,125891.2426,130448.7958,204534.5756,217879.0045,231470.3202,329785.6721
2017-10-31 20:00:00,125951.1761,130675.9888,205185.5307,218218.446,232218.575,331025.795
2017-11-01 20:00:00,125400.7061,131152.2168,205997.9016,218506.9713,233149.586,330917.0123
2017-11-02 20:00:00,125295.3899,131115.0982,205757.3608,218591.8317,232888.9981,330286.0726
2017-11-03 20:00:00,126037.4765,131225.6141,206492.5215,219321.6309,233732.7432,333462.5278
2017-11-06 21:00:00,126557.8738,131147.9691,206320.5272,219661.0723,233549.7463,334593.868
2017-11-07 21:00:00,126724.4954,131217.4101,206149.2224,219508.3237,233367.511,334789.6769
2017-11-08 21:00:00,127294.9287,131104.321,206031.7409,219881.7093,233246.1866,336138.5825
2017-11-09 21:00:00,127670.7063,130404.574,204327.8451,219084.0218,231328.8879,334376.3026
2017-11-10 21:00:00,127955.7513,130165.7026,203839.0158,219016.1335,230787.0283,334354.546
2017-11-13 21:00:00,128592.8932,129770.8508,203059.5199,219219.7984,229916.0205,334767.9203
2017-11-14 21:00:00,128569.6902,129317.275,202336.7384,218710.6362,229109.1403,333549.554
2017-11-15 21:00:00,128512.7267,128753.8612,201455.5614,217615.9374,228122.8248,331983.0829
2017-11-16 21:00:00,129495.1183,129289.6719,202462.0741,219465.8935,229273.9787,336225.6087
2017-11-17 21:00:00,128960.8785,129073.2404,202504.3548,218820.9547,229333.3223,334941.9727
2017-11-20 21:00:00,128761.9015,129211.9479,202638.9225,219194.3403,229497.185,334680.8942
2017-11-21 21:00:00,129538.5651,129650.7007,203590.4132,220628.4806,230586.2635,338314.2368
2017-11-22 21:00:00,129573.7029,129684.1122,203763.5305,220433.3017,230793.8653,338727.6111
2017-11-24 18:00:00,129908.0983,129957.2057,203962.7467,220942.464,231031.0483,339967.734
2017-11-27 21:00:00,129884.9704,129960.6907,203887.2847,220832.1455,230957.1231,339815.4382
2017-11-28 21:00:00,129919.9623,130233.8606,204333.9733,223072.4593,231474.6658,340685.6999
2017-11-29 21:00:00,127795.3415,130316.5265,204088.8749,222936.6827,231208.5859,334746.1638
2017-11-30 21:00:00,128318.2963,130850.702,204940.8684,224888.4713,232185.3543,337552.7578
2017-12-01 21:00:00,128553.2053,130740.4703,203675.7466,224421.7392,230763.6586,336116.826
2017-12-04 21:00:00,126272.7437,131683.1192,204944.3865,224150.186,232212.5598,332244.1614
2017-12-05 21:00:00,126373.9455,131806.1542,204893.8778,223344.0125,232166.9415,332461.7268
2017-12-06 21:00:00,127413.5488,131624.2831,204119.3538,223386.4427,231300.9304,333962.9283
2017-12-07 21:00:00,127847.1363,131537.6993,204095.8502,224090.7838,231285.8619,335094.2685
2017-12-08 21:00:00,127469.9337,131994.371,205583.0374,225312.7731,232982.7391,336573.7134
2017-12-11 21:00:00,128394.2382,132032.5135,205665.7822,225991.6561,233088.1612,339184.4985
2017-12-12 21:00:00,128272.4671,132169.6895,205563.1538,226390.4998,232983.5032,338727.6111
2017-12-13 21:00:00,127995.2634,132296.846,206384.6875,226365.0417,233926.2716,339380.3074
2017-12-14 21:00:00,127677.5991,132458.8569,206731.5954,225440.0637,234331.1699,339140.9854
2017-12-15 21:00:00,128617.64,133073.6904,207530.2547,227325.1408,235248.1703,342991.8934
2017-12-18 21:00:00,128838.6209,133860.955,208891.019,228766.6607,236802.4419,345868.4805
2017-12-19 21:00:00,128311.4217,134008.9857,208485.5461,227888.1012,236354.6309,343819.0833
2017-12-20 21:00:00,127721.2195,134543.9991,209202.2432,227768.6854,237178.9495,343448.4477
2017-12-21 21:00:00,127552.9048,134889.9694,209483.9465,228237.8191,237510.184,343492.0518
2017-12-22 21:00:00,127595.1774,134898.3482,209154.3599,228178.1111,237148.3786,343099.6141
2017-12-26 21:00:00,127613.2584,134644.509,207974.3284,227905.1606,235822.2645,341246.4358
2017-12-27 21:00:00,127615.0304,134718.4053,207977.2171,228016.0468,235837.3311,341290.04
2017-12-28 21:00:00,127356.7351,134988.847,208631.1124,228485.1805,236590.6124,341704.2798
2017-12-29 21:00:00,126449.2008,135324.7728,208807.0418,227623.6804,236801.9484,339589.4763
2018-01-02 21:00:00,128001.6862,135825.1068,209869.0567,229252.8539,238018.1885,345541.449
2018-01-03 21:00:00,129116.8339,135929.4943,210057.19,230702.9035,238243.4565,348898.9721
2018-01-04 21:00:00,128893.2804,136299.6236,210768.6234,231675.2898,239062.2649,349509.4309
2018-01-05 21:00:00,129567.0325,136769.5387,211757.3,233219.1662,240195.6148,353019.5686
2018-01-08 21:00:00,130064.6749,136712.6784,211746.7121,233645.6514,240195.6148,354393.1008
2018-01-09 21:00:00,129810.6119,136960.3823,212152.9746,234174.493,240668.4699,354414.9029
2018-01-10 21:00:00,130076.8328,136539.4704,211202.7131,233816.2455,239602.517,353586.4232
2018-01-11 21:00:00,130734.885,136846.4471,211556.7895,235522.1863,240016.1852,356006.456
2018-01-12 21:00:00,131802.1131,136993.2423,211364.8291,237057.533,239810.4024,358622.7078
2018-01-16 21:00:00,130553.7589,137725.7776,212754.879,236247.2111,241399.5163,357598.0092
2018-01-17 21:00:00,131331.5044,138265.876,213756.0008,238499.053,242547.496,361456.9805
2018-01-18 21:00:00,131555.0239,138209.5131,213410.0904,238098.1569,242167.1211,361522.3868
2018-01-19 21:00:00,131572.1768,138479.8733,214030.0491,239181.4293,242882.7277,362656.0959
2018-01-22 21:00:00,133021.5328,138349.4874,213942.1455,241126.2018,242795.1182,366536.8693
2018-01-23 21:00:00,133701.129,138376.8281,214593.1776,241637.984,243546.0905,369567.3609
2018-01-24 21:00:00,132545.3084,138731.3723,215038.1942,241544.1573,244063.326,367169.1301
2018-01-25 21:00:00,131585.0615,139204.5429,216508.615,241646.5137,245744.4225,367038.3175
2018-01-26 21:00:00,132853.215,139698.778,217706.6883,244444.2566,247116.5624,372663.2588
2018-01-29 21:00:00,132480.4997,139404.1865,217237.2854,242823.6129,246596.104,370853.6847
2018-01-30 21:00:00,132591.7758,138672.4791,215246.8951,240332.9393,244349.0495,367801.391
2018-01-31 21:00:00,132389.7561,139152.789,216448.2522,240452.3552,245725.0519,369327.5378
2018-02-01 21:00:00,132272.8774,138750.9317,214776.3747,240179.4046,243839.3224,366188.0357
2018-02-02 21:00:00,130139.4614,137965.4357,213921.6706,234950.6961,242881.1541,358884.3329
2018-02-05 21:00:00,126182.5629,136966.8091,211909.6418,225124.4771,240608.8925,344734.7714
2018-02-06 21:00:00,131440.2719,134780.3655,208803.225,229559.9232,237093.7993,353869.8504
2018-02-07 21:00:00,130150.0876,134438.0903,208123.8323,228314.5864,236334.211,349291.4099
2018-02-08 21:00:00,124333.7424,134597.1119,208646.0444,219750.7636,236939.0236,334553.1917
2018-02-09 21:00:00,124711.0253,136319.67,211586.1622,223051.7591,240289.6765,340330.7477
2018-02-12 21:00:00,125630.0396,137558.7584,213744.3072,226327.1654,242752.6072,346369.9288
2018-02-13 21:00:00,126999.6758,136857.1916,212509.3025,226890.1258,241362.1315,348157.7008
2018-02-14 21:00:00,130137.3178,136027.1476,211247.7612,229952.2896,239941.3763,354676.5281
2018-02-15 21:00:00,131367.6467,137014.3501,213133.0787,232886.5077,242094.7719,361260.7616
2018-02-16 21:00:00,131201.999,136626.1094,212427.8423,232954.7454,241305.8089,359647.4064
2018-02-20 21:00:00,131921.7671,136063.989,211670.3238,231496.166,240457.3767,360366.8756
2018-02-21 21:00:00,130898.5553,136282.7894,212697.026,230344.656,241635.7328,359342.177
2018-02-22 21:00:00,130306.8652,136800.8191,213615.5373,230643.1956,242691.2948,359298.5728
2018-02-23 21:00:00,131900.4583,137522.5042,215328.8168,234319.498,244649.9078,366645.8798
2018-02-26 21:00:00,133018.0149,138111.3537,216329.5849,237040.4736,245799.1819,371507.7476
2018-02-27 21:00:00,131325.7147,138208.8143,216382.2454,234080.6663,245871.3061,366907.505
2018-02-28 21:00:00,129736.2565,138816.322,217605.7656,231709.4086,247273.8639,364552.8784
2018-03-01 21:00:00,127542.9422,138732.7294,217712.0106,228340.1755,247406.9579,358600.9057
2018-03-02 21:00:00,130275.795,137715.2256,215080.3214,229517.2747,244428.6883,361893.0224
2018-03-05 21:00:00,132335.2735,137027.6455,214058.8881,232170.0126,243280.0988,365904.6085
2018-03-06 21:00:00,132242.3426,137569.5289,215094.0547,232758.5622,244468.7402,367452.5574
2018-03-07 21:00:00,133564.084,136307.3436,213436.9767,232673.2651,242597.5839,368302.8392
2018-03-08 21:00:00,133738.5043,136670.304,214310.7297,233799.1861,243602.8424,370330.4343
2018-03-09 21:00:00,135365.7303,137456.268,215826.6595,237867.8549,245338.1505,377525.1266
2018-03-12 20:00:00,135678.5333,137612.0536,216451.5323,237569.3152,246060.7334,379530.9196
2018-03-13 20:00:00,133250.4428,138257.3629,217373.2617,236033.9685,247120.8526,374363.8224
2018-03-14 20:00:00,132525.8444,138795.0457,218501.7322,234822.7505,248416.1107,374298.4161
2018-03-15 20:00:00,132310.9412,139065.3935,218643.5343,234566.8594,248589.7473,373971.3847
2018-03-16 20:00:00,131688.2812,139337.6813,219002.2554,234823.7669,249010.0296,372859.4777
2018-03-19 20:00:00,130124.1772,138893.6962,216883.3547,231646.5379,246613.2467,364903.1312
2018-03-20 20:00:00,130491.3003,139102.417,216963.3653,232040.4801,246716.5557,366104.1888
2018-03-21 20:00:00,130258.4587,139059.5247,216383.0934,231595.1542,246069.0443,364510.0578
2018-03-22 20:00:00,128819.6645,137725.8936,213377.7563,225805.9176,242663.7035,355513.0447
2018-03-23 20:00:00,125565.203,137980.1782,213118.0593,220992.9724,242380.4965,346144.7955
2018-03-26 20:00:00,127639.7727,140170.9097,217423.276,227039.1278,247288.9653,359007.0304
2018-03-27 20:00:00,122593.1534,140724.3521,219025.8866,223176.7821,249124.078,347389.5279
2018-03-28 20:00:00,121873.9574,140803.7161,217762.0213,222517.3572,247698.9906,343393.2818
2018-03-29 20:00:00,123432.7222,141495.736,218928.2252,225360.5917,249037.9041,349682.456
2018-04-02 20:00:00,120724.8343,141171.4183,217358.6816,220496.2628,247264.9495,339593.5723
2018-04-03 20:00:00,121018.9363,141959.3982,219248.7062,223322.3694,249427.3849,343415.1192
2018-04-04 20:00:00,125344.5189,139769.3145,214999.4374,225711.7141,244605.6931,348830.797
2018-04-05 20:00:00,124809.9292,140817.6491,217128.7219,227493.0176,247040.4187,350818.0014
2018-04-06 20:00:00,123036.1765,139633.7704,214725.5975,222423.1537,244318.5914,342039.3623
2018-04-09 20:00:00,122835.3225,140513.8815,216565.5894,223519.3405,246424.3828,344441.4775
2018-04-10 20:00:00,123595.8952,142256.5497,219959.8373,227073.3836,250298.9309,352040.8964
2018-04-11 20:00:00,123651.4362,141321.2686,218570.7645,225882.9933,248730.778,350010.0172
2018-04-12 20:00:00,124381.411,142128.6108,219882.6064,227741.3725,250236.0741,354224.6375
2018-04-13 20:00:00,123116.2708,142933.8816,220969.602,227073.3836,251485.6347,352390.295
2018-04-16 20:00:00,123185.8788,143924.0107,222505.9022,228940.3268,253246.6731,355076.2965
2018-04-17 20:00:00,124574.7861,144993.5662,224738.9938,231389.6192,255800.9446,362719.3902
2018-04-18 20:00:00,124823.5569,145249.2679,224727.7569,231560.8983,255800.9446,363461.8621
2018-04-19 20:00:00,124297.2176,144812.258,223582.3501,230276.3044,254509.9521,360120.7383
2018-04-20 20:00:00,122636.1246,144794.2463,223001.7417,228323.7217,253861.755,354421.1741
2018-04-23 20:00:00,121727.6484,145150.8795,224076.0591,228289.4659,255097.4345,353525.8403
2018-04-24 20:00:00,118578.4652,145791.5926,225130.6319,225215.0044,256310.7585,346035.6085
2018-04-25 20:00:00,118505.3065,145762.1277,225517.1828,225771.6618,256763.6615,346450.5193
2018-04-26 20:00:00,119450.6683,146434.9117,228419.933,228066.8029,260081.4397,353744.2144
2018-04-27 20:00:00,117787.7783,146806.9978,231764.5182,228280.9019,263902.6251,353962.5885
2018-04-30 20:00:00,116672.6669,147185.18,232296.2732,226525.2902,264521.3123,351451.2863
2018-05-01 20:00:00,118309.4961,146821.6962,231678.4422,226927.7963,263830.9994,355469.3699
2018-05-02 20:00:00,117403.8886,146697.997,232065.3714,225403.4115,264284.8185,353372.9784
2018-05-03 20:00:00,117981.3918,146177.888,230877.8096,224906.7019,262945.5925,353329.3036
2018-05-04 20:00:00,120736.4477,145558.304,229867.4124,227818.4481,261808.0034,360033.3887
2018-05-07 20:00:00,121167.7561,146038.0079,230929.4795,228589.2044,263030.7375,363025.1139
2018-05-08 20:00:00,121293.1716,145789.972,230431.7364,228589.2044,262476.9553,362653.8779
2018-05-09 20:00:00,122387.9826,146192.3276,230836.4822,230798.706,262951.1113,366606.4493
2018-05-10 20:00:00,123253.883,146640.6824,231567.4452,232956.8237,263796.9154,370406.1587
2018-05-11 20:00:00,123276.8205,146757.3389,231282.8242,233667.6324,263485.8708,370056.7601
2018-05-14 20:00:00,123198.0769,147013.5564,231803.5408,233778.9638,264092.2646,370690.045
2018-05-15 20:00:00,122796.8872,146219.9218,229962.1024,232168.9395,262007.5304,366584.6119
2018-05-16 20:00:00,123440.9302,146218.0044,230251.9783,233145.2308,262350.9012,369008.5644
2018-05-17 20:00:00,123390.7742,146044.1949,229436.5323,232948.2598,261434.8932,367589.1327
2018-05-18 20:00:00,123222.7131,145822.1297,228539.0999,232365.9105,260425.3721,365689.278
2018-05-21 20:00:00,122953.6925,146706.98,230301.8329,234112.9583,262447.0668,367741.9946
2018-05-22 20:00:00,122228.0073,147005.5413,231343.3606,233462.0973,263647.0919,367261.5716
2018-05-23 20:00:00,124214.107,146232.4529,229543.5525,234104.3943,261609.1491,370362.4839
2018-05-24 20:00:00,124207.8962,146005.814,229464.4033,233624.8126,261532.0238,370253.2968
2018-05-25 20:00:00,124340.8913,145650.626,229425.8626,233068.1552,261501.1737,370624.5328
2018-05-29 20:00:00,124349.3935,144631.8436,228373.5127,230387.6359,260314.7731,368986.727
2018-05-30 20:00:00,124783.1432,145420.2968,229186.5472,233462.0973,261254.5376,371629.0537
2018-05-31 20:00:00,124696.2474,145194.3166,229175.0878,232031.9161,261254.5376,371388.8422
2018-06-01 20:00:00,126017.8103,146017.688,230309.0329,234309.9293,262560.2727,377219.4308
2018-06-04 20:00:00,126826.4992,146496.0453,230884.1562,235423.244,263229.0611,380626.0669
2018-06-05 20:00:00,126914.5283,146552.6693,231415.7129,235594.5232,263848.246,381805.287
2018-06-06 20:00:00,127517.3027,146971.5218,231642.3876,237564.2339,264119.8811,384032.7029
2018-06-07 20:00:00,126452.4513,147271.4677,231670.3214,237538.542,264164.9373,380909.9532
2018-06-08 20:00:00,127050.6764,146950.8396,230569.6496,238240.7867,262923.0911,380931.7906
2018-06-11 20:00:00,127481.6505,147064.9871,230386.291,238557.6532,262727.1497,381958.1489
2018-06-12 20:00:00,127970.2095,147316.328,230690.8926,238865.9557,263087.6467,383967.1907
2018-06-13 20:00:00,127760.3376,147462.1306,231033.601,238103.7633,263491.6373,383945.3533
2018-06-14 20:00:00,128455.5718,147974.5319,232086.4175,238703.2405,264705.5391,387832.4124
2018-06-15 20:00:00,128485.4502,147524.5122,231199.262,238402.1539,263706.9315,386478.4929
2018-06-18 20:00:00,129218.5,146633.4688,229729.8144,237911.8092,262044.0583,386251.7304
2018-06-19 20:00:00,130494.8072,145258.2084,226815.7926,236999.9401,258733.2466,385157.5329
2018-06-20 20:00:00,130813.025,145656.9304,227848.3199,237404.2594,259924.0076,387893.0267
2018-06-21 20:00:00,129341.5551,145654.9255,228415.3858,235916.0202,260583.8993,384522.8983
2018-06-22 20:00:00,128616.1163,146407.1474,229170.9395,236346.1472,261458.8893,383669.4242
2018-06-25 20:00:00,126862.5259,145712.3945,227081.0997,233128.7977,259087.6845,375025.2637
2018-06-26 20:00:00,126907.8128,146033.0961,227904.554,233644.95,260040.1572,376557.1402
2018-06-27 20:00:00,124646.7974,146386.0381,228860.0346,231709.3788,261143.367,371436.2957
2018-06-28 20:00:00,125905.6414,146329.8057,228498.0135,233034.1698,260743.3359,374631.3526
2018-06-29 20:00:00,125635.838,146965.3054,229581.094,233369.6688,261992.2963,375638.0143
2018-07-02 20:00:00,127721.3926,145999.0638,227322.6226,233868.616,259428.0839,378154.6686
2018-07-03 17:00:00,125763.6563,146539.5423,228166.3473,233042.7723,260403.9419,373777.8785
2018-07-05 20:00:00,126474.1785,147213.7945,229677.8291,234943.9334,262142.001,378417.276
2018-07-06 20:00:00,128138.9019,147222.6047,230197.6379,236931.1198,262748.3901,384304.0588
2018-07-09 20:00:00,128618.8594,147824.6175,231378.9978,239064.5494,264109.9357,387761.723
2018-07-10 20:00:00,128467.5221,148083.1935,231798.3508,239924.8033,264601.8161,388046.2143
2018-07-11 20:00:00,128818.9063,147157.2382,229969.7086,238169.8854,262527.6196,386076.6588
2018-07-12 20:00:00,130455.4153,147909.9571,230974.9677,240329.1226,263688.3244,392729.3798
2018-07-13 20:00:00,130565.2083,147807.2622,230950.5484,240518.3784,263673.631,393057.6391
2018-07-16 20:00:00,130217.0956,147836.8778,230990.4347,240303.315,263732.3523,392116.6292
2018-07-17 20:00:00,132406.823,147374.3427,228529.4945,241275.4018,260935.7709,394501.9798
2018-07-18 20:00:00,132135.815,147419.5195,228543.4221,241782.9516,260964.7203,393757.9255
2018-07-19 20:00:00,131944.9492,147018.7641,227706.3782,240871.0825,260021.9811,391788.3699
2018-07-20 20:00:00,131475.5676,146906.3997,228445.4077,240595.8013,260878.8932,391700.8341
2018-07-23 20:00:00,132279.389,146783.4959,227757.545,241043.1333,260106.4153,392948.2193
2018-07-24 20:00:00,131463.3923,147609.0823,230092.7347,242256.0912,262786.282,394567.6317
2018-07-25 20:00:00,133235.1243,147475.9032,230183.3233,244320.7005,262902.8816,400082.3873
2018-07-26 20:00:00,133014.2106,147021.9631,227049.3186,243744.3304,259336.5368,394020.5329
2018-07-27 20:00:00,130386.7711,147216.9787,228475.5458,242092.643,260978.5455,388702.7329
2018-07-30 20:00:00,128530.4816,147256.6988,228476.9852,240828.0698,260993.2385,383209.8612
2018-07-31 20:00:00,128999.2816,147643.844,229365.8475,242015.2202,262021.6512,386142.3106
2018-08-01 20:00:00,129182.4721,147715.1828,229887.3347,241610.9008,262630.4858,387608.5353
2018-08-02 20:00:00,131864.4069,146960.9639,228253.4422,242927.0892,260777.0074,392882.5675
2018-08-03 20:00:00,132011.7667,147036.8828,228674.3036,243967.9964,261270.8757,394086.1848
2018-08-06 20:00:00,132870.7689,147050.2696,228510.4881,244862.6604,261096.7725,396405.8835
2018-08-07 20:00:00,132973.8453,147435.5471,229142.4343,245671.2991,261831.8909,397850.2243
2018-08-08 20:00:00,133274.7352,147330.0845,228878.8953,245568.0686,261543.847,398331.6712
2018-08-09 20:00:00,133268.0715,147364.0072,228729.1331,245232.5696,261385.7885,398090.9477
2018-08-10 20:00:00,133143.3934,146503.6885,227171.1251,243589.4847,259618.4061,395049.0786
2018-08-13 20:00:00,132724.5276,146667.1014,227612.8,242677.6156,260136.1472,394611.3996
2018-08-14 20:00:00,133040.5188,147096.4939,228472.3867,244226.0726,261131.5662,397084.286
2018-08-15 20:00:00,132457.3899,146286.041,226647.7901,242402.3344,259059.2076,392226.0489
2018-08-16 20:00:00,131871.3897,147109.3664,228381.5559,244363.7132,261053.8609,393517.202
2018-08-17 20:00:00,132239.7858,146946.6465,227773.2103,245223.9671,260371.538,393604.7378
2018-08-20 20:00:00,131822.3546,147207.356,228268.3783,245748.7219,260950.5918,393254.5946
2018-08-21 20:00:00,131903.528,147504.0259,228942.9133,246325.092,261734.7505,394698.9354
2018-08-22 20:00:00,132688.442,147264.8395,228449.1069,246178.8489,261183.3022,396230.8119
2018-08-23 20:00:00,132725.8559,147139.1169,228033.9304,245851.9524,260721.6947,395661.8292
2018-08-24 20:00:00,133509.4287,147476.7097,228779.2785,247331.589,261586.9216,399338.3329
2018-08-27 20:00:00,134187.0437,148161.8111,229921.2642,249284.3653,262905.7508,403408.7478
2018-08-28 20:00:00,134020.6138,148420.2742,230520.9291,249404.8009,263604.589,403999.6144
2018-08-29 20:00:00,135325.6378,148535.7177,230908.9844,250746.7969,264061.5169,408660.8959
2018-08-30 20:00:00,135340.6537,148253.1115,230452.2893,249731.6973,263552.4554,407938.7256
2018-08-31 20:00:00,135675.5458,148010.7817,230156.4256,249740.2999,263227.274,408463.9404
2018-09-04 20:00:00,135501.0634,147768.8562,229442.0559,249310.1729,262423.4189,406713.2243
2018-09-05 20:00:00,133982.3909,147557.515,229023.1807,248639.1749,261957.4532,401461.0761
2018-09-06 20:00:00,132720.0404,147621.6109,229111.6033,247890.7541,262071.6892,397872.1082
2018-09-07 20:00:00,133161.9319,146999.4813,227449.3244,247409.0119,260183.3777,396340.2317
2018-09-10 20:00:00,132840.9195,147574.8135,228744.0493,247839.1388,261677.4461,397675.1527
2018-09-11 20:00:00,134397.6299,147193.5034,227813.7085,248656.38,260626.2435,400738.9058
2018-09-12 20:00:00,134192.4558,147186.1438,227466.4195,248716.5978,260241.9649,399557.1724
2018-09-13 20:00:00,134777.385,147779.5027,228875.3097,250187.6319,261866.8737,403824.5428
2018-09-14 20:00:00,134281.6347,147914.3902,229025.1069,250230.6446,262051.3569,402642.8095
2018-09-17 20:00:00,132564.2335,147876.484,228627.7772,248905.8536,261609.8334,396843.5625
2018-09-18 20:00:00,133543.6745,147976.4174,228805.4611,250256.4522,261826.2306,400126.1552
2018-09-19 20:00:00,133412.8522,148004.6253,228831.5627,250523.1309,261869.1905,399819.7798
2018-09-20 20:00:00,133957.3545,148718.9014,230398.2698,252553.33,263675.1849,404240.3379
2018-09-21 20:00:00,132858.5736,149179.6368,231010.3918,252328.6559,264388.9008,402030.0589
2018-09-24 20:00:00,134216.8661,148875.852,229285.2876,251490.4122,262427.757,403147.5989
2018-09-25 20:00:00,134451.1191,149129.3067,229174.0744,251257.0866,262313.5897,403695.6815
2018-09-26 20:00:00,134422.5108,149193.658,229361.746,250505.2597,262541.5151,403980.6844
2018-09-27 20:00:00,135004.2787,149458.9754,230283.8065,251205.2364,263610.0891,407400.7195
2018-09-28 20:00:00,135347.2239,149101.8788,229627.8992,251231.1615,262872.4405,407313.0263
2018-10-01 20:00:00,134833.4567,149812.4432,230951.2481,252103.972,264400.5218,408146.1118
2018-10-02 20:00:00,134638.2483,149722.7876,230741.2142,251957.0633,264173.2882,407225.3331
2018-10-03 20:00:00,134212.8696,150321.2587,231698.6039,252095.3303,265282.6027,407663.7991
2018-10-04 20:00:00,132162.5288,150056.0962,230752.4992,250125.0254,264212.6272,399837.1804
2018-10-05 20:00:00,130554.2581,150157.4649,230715.657,248725.0719,264183.6533,394948.284
2018-10-08 20:00:00,130205.9273,149753.4604,229897.2888,248725.0719,263259.7804,392536.7208
2018-10-09 20:00:00,130526.4215,149543.0547,230052.7118,248362.121,263450.9213,393808.2723
2018-10-10 20:00:00,125562.3626,149280.6155,228606.8216,240498.1847,261808.2946,376488.8638
2018-10-11 20:00:00,124513.5248,148656.2894,227650.2399,235200.8298,260725.8752,371819.2005
2018-10-12 20:00:00,124614.5336,151210.4835,233773.0649,238467.3879,267751.3306,382166.999
2018-10-15 20:00:00,123532.2462,150978.258,232943.3315,237127.9262,266814.3853,377541.1823
2018-10-16 20:00:00,125797.6659,152159.1677,235380.0173,242312.9392,269618.7174,388524.7566
2018-10-17 20:00:00,125233.3114,152173.2658,236510.4829,242356.1476,270927.103,388678.2197
2018-10-18 20:00:00,122787.9002,151601.349,235604.8562,238856.2639,269903.2373,379667.7426
2018-10-19 20:00:00,121684.5611,152010.6178,237497.7231,238726.6386,272085.1551,379316.9698
2018-10-22 20:00:00,121573.6125,152415.7158,238913.4152,237655.0692,273720.6225,381268.1436
2018-10-23 20:00:00,123441.295,150113.6291,234409.2214,236445.2329,268573.9004,379865.0523
2018-10-24 20:00:00,117921.7398,149952.504,234126.9299,229281.2733,268263.8942,362479.8739
2018-10-25 20:00:00,120128.0615,151069.7067,237754.4289,233394.7169,272433.7152,375020.0026
2018-10-26 20:00:00,121183.7195,148735.2501,229597.791,229289.915,263100.9573,365373.7497
2018-10-29 20:00:00,116894.9428,150678.5866,233099.2979,228019.5868,267126.5629,357854.0572
2018-10-30 20:00:00,119165.9458,150596.8156,232402.1827,231398.4869,266341.041,363751.4254
2018-10-31 20:00:00,120008.0431,152242.7743,236172.4207,233870.0098,270675.1828,372301.5131
2018-11-01 20:00:00,121406.2645,152803.3372,236508.2926,236358.816,271073.6564,377212.3328
2018-11-02 20:00:00,119878.4576,153488.4546,235767.9458,234958.8625,270238.6626,371336.8879
2018-11-05 21:00:00,119420.0922,153813.8494,236062.3857,236255.1157,270589.6634,370416.1092
2018-11-06 21:00:00,120311.6978,153789.2802,236064.554,237750.1278,270605.6784,373222.2918
2018-11-07 21:00:00,122610.2364,155139.936,238881.5319,242840.0822,273848.3686,384929.3351
2018-11-08 21:00:00,122323.6295,154635.3072,237890.0076,242399.3561,272725.4,382473.9252
2018-11-09 21:00:00,121390.3366,153800.6487,235655.4791,240031.5335,270177.295,376028.4745
2018-11-12 21:00:00,118540.5174,153505.0254,233994.9873,235546.4973,268287.062,364650.2808
2018-11-13 21:00:00,118080.6024,153773.3067,235080.6007,235105.7712,269545.1869,364957.207
2018-11-14 21:00:00,116023.81,154963.8809,237398.8941,233498.4172,272216.8368,362172.9477
2018-11-15 21:00:00,118262.4961,154130.2704,236955.9123,235935.3733,271722.4963,368508.7819
2018-11-16 21:00:00,119002.6065,153399.9548,234632.162,236548.9331,269071.3874,367215.3071
2018-11-19 21:00:00,115684.2863,153078.4574,233499.7992,232547.8315,267786.2703,355289.0309
2018-11-20 21:00:00,116255.5722,150971.7343,228171.4868,228244.2707,261688.9524,348931.2733
2018-11-21 21:00:00,115543.6518,151913.0464,231299.6582,229022.0226,265289.724,351583.9928
2018-11-23 18:00:00,115595.9623,150839.2736,229499.6566,227492.4438,263238.4722,349040.8898
2018-11-26 21:00:00,116613.9792,152292.8528,232731.5346,231165.1613,266958.6315,357108.6649
2018-11-27 21:00:00,117615.6749,151624.828,231505.4478,231942.9133,265565.5758,358314.4465
2018-11-28 21:00:00,120495.5425,152300.8013,233221.9479,237283.4766,267547.8935,369846.1033
2018-11-29 21:00:00,120604.2822,151810.625,232228.7363,236764.9753,266421.8769,368640.3217
2018-11-30 21:00:00,121285.7415,151708.8385,232576.2058,238208.1373,266833.8286,371314.9646
2018-12-03 21:00:00,120733.1873,154304.4919,237700.2859,241362.3535,272726.0086,377804.2619
2018-12-04 21:00:00,116705.7629,153766.4068,236447.002,233541.6256,271301.6866,363312.9594
2018-12-06 21:00:00,119941.355,151323.491,231669.7139,233187.3164,265833.7429,365877.9857
2018-12-07 21:00:00,116484.9507,151097.2169,230644.775,227768.9778,264670.9492,353798.2463
2018-12-10 21:00:00,117918.1943,150975.0077,230204.4819,228201.0623,264178.9348,357503.2844
2018-12-11 21:00:00,116403.9018,152997.0771,233948.0702,228252.9124,268488.2251,358687.1427
2018-12-12 21:00:00,115731.9147,154912.5344,237353.8649,229402.2569,272410.2767,361844.0981
2018-12-13 21:00:00,115008.5944,155482.5158,238895.1155,229324.4817,274192.7856,361953.7146
2018-12-14 21:00:00,113501.9046,154039.2661,236148.3933,225090.0545,271053.9342,353140.5473
2018-12-17 21:00:00,111401.5501,153392.8633,235125.0239,220674.1518,269892.8515,345138.5421
2018-12-18 21:00:00,111234.4776,154484.4611,236935.3634,220432.1845,271984.3796,347308.949
2018-12-19 21:00:00,108662.1828,154537.3,236564.569,217131.0596,271572.3341,338780.7845
2018-12-20 21:00:00,107345.6134,153619.3001,235971.012,213596.6091,270904.5189,333869.9649
2018-12-21 21:00:00,103496.705,154246.384,237136.8218,209220.4434,272256.4621,323522.1664
2018-12-24 18:00:00,101663.6174,153149.2705,235401.5877,203692.2256,270277.855,315498.6097
2018-12-26 21:00:00,106830.0085,154161.1269,237981.6957,213983.7505,273253.7366,335198.0351
2018-12-27 21:00:00,108728.6667,151892.7897,234707.4213,215626.57,269507.834,336495.2071
2018-12-28 21:00:00,107890.9252,152901.6099,236382.5736,215348.4207,271444.839,336319.3193
2018-12-31 21:00:00,107787.702,153973.9964,238580.5151,217234.6207,273982.37,339155.5089
2019-01-02 21:00:00,110559.2791,151588.1782,233511.1617,217460.6171,268174.4979,340518.6388
2019-01-03 21:00:00,108539.6306,150441.4759,230061.9509,212271.3938,264226.6812,329393.7401
2019-01-04 21:00:00,111305.7617,152516.1461,233920.1322,219381.5858,268671.0226,343486.7442
2019-01-07 21:00:00,112344.8872,152732.1067,234492.3756,221111.3269,269341.7114,347576.1338
2019-01-08 21:00:00,112325.1864,154213.4851,236631.4129,223188.7547,271812.111,350720.127
2019-01-09 21:00:00,112796.5348,154680.2405,237539.2871,224231.8146,272868.5523,353578.3025
2019-01-10 21:00:00,113978.2269,153677.1613,235725.4084,225022.8018,270798.5384,354589.6569
2019-01-11 21:00:00,114228.4512,152939.3209,234325.1106,225109.7234,269203.4329,353292.485
2019-01-14 21:00:00,114179.7239,151685.6242,232330.1835,223736.3612,266925.0293,350170.4778
2019-01-15 21:00:00,115872.4384,151925.5456,233383.4319,226300.5502,268148.4567,357008.1132
2019-01-16 21:00:00,115652.9237,152192.2148,233759.8248,226848.1567,268594.3249,356942.1553
2019-01-17 21:00:00,116933.5234,151613.1117,232999.4143,228569.2056,267734.0289,359756.3589
2019-01-18 21:00:00,117261.2048,152781.7203,234625.2961,231611.4638,269615.6774,363318.0854
2019-01-22 21:00:00,115740.0805,151805.0761,232923.9787,228482.284,267674.1182,356040.7307
2019-01-23 21:00:00,115293.4331,152455.8507,234106.1506,228960.3531,269046.0431,356502.436
2019-01-24 21:00:00,115656.1992,152332.4724,234859.6396,229082.0434,269925.4412,358810.9624
2019-01-25 21:00:00,116100.3585,153521.3203,236733.1058,231020.3965,272092.1221,363098.2257
2019-01-28 21:00:00,116158.6501,152127.3429,233668.0356,229264.5789,268582.8504,358613.0887
2019-01-29 21:00:00,114992.6791,152217.7864,233785.2844,228960.3531,268731.0477,355227.25
2019-01-30 21:00:00,116591.4785,153181.0038,236421.5314,232584.9865,271774.7923,364263.4819
2019-01-31 21:00:00,117606.7861,153127.5473,237865.2268,234627.6456,273447.9592,369716.0014
2019-02-01 21:00:00,117685.2469,153233.3482,236679.2842,234740.6437,272098.2815,368154.9979
2019-02-04 21:00:00,119119.8616,153271.0789,236709.8532,236392.1553,272147.03,372728.0788
2019-02-05 21:00:00,120005.0591,153550.8409,237019.16,237383.0623,272516.2497,376025.9736
2019-02-06 21:00:00,119613.2356,153374.4879,237062.7424,237070.1443,272579.985,374904.6894
2019-02-07 21:00:00,119104.5594,152348.9714,234854.3192,234810.1811,270054.3202,369869.9032
2019-02-08 21:00:00,120384.2134,151540.5264,232790.4107,235097.0225,267694.5755,370595.4401
2019-02-11 21:00:00,119830.2493,151925.1495,233621.2139,235227.405,268663.3325,370243.6646
2019-02-12 21:00:00,120714.3486,152933.6811,235315.9111,238252.2789,270625.6597,375718.1701
2019-02-13 21:00:00,120258.2274,153461.665,236350.667,239025.8817,271829.2146,375982.0017
2019-02-14 21:00:00,120830.9219,152773.1554,235495.7765,238495.6596,270859.5882,376443.707
2019-02-15 21:00:00,120418.6554,153879.1049,237272.0201,241094.6173,272916.1088,378026.6965
2019-02-19 21:00:00,121023.8253,153399.8486,236528.7725,241511.8413,272074.8529,378774.2194
2019-02-20 21:00:00,120912.475,153392.1786,236681.6979,241998.6026,272264.3641,378708.2615
2019-02-21 21:00:00,120786.7768,153020.8768,236037.7966,241138.0781,271537.272,377323.1456
2019-02-22 21:00:00,121412.798,153415.8833,236534.8747,242633.1307,272122.6863,380115.3633
2019-02-25 21:00:00,120925.8432,154260.0955,238328.971,242963.4331,274200.3191,381500.4791
2019-02-26 21:00:00,121338.9506,154037.1512,237740.1864,242789.5897,273536.6254,381896.2265
2019-02-27 21:00:00,121817.1166,153593.7865,236633.3532,242685.2837,272276.8137,381654.3809
2019-02-28 21:00:00,121909.5776,153459.579,235885.4076,242233.2911,271429.8209,380774.9423
2019-03-01 21:00:00,121868.539,154421.078,237576.1179,243745.728,273388.8674,383413.2582
2019-03-04 21:00:00,121084.8862,155090.6907,239130.9146,242859.1271,275191.707,383479.216
2019-03-05 21:00:00,121078.832,155166.1989,239297.1888,242528.8247,275396.815,383765.0336
2019-03-06 21:00:00,120268.9122,155236.2962,239518.2834,241059.8486,275665.033,381588.423
2019-03-07 21:00:00,119088.8318,154954.2554,238899.0936,239043.2661,274966.1818,376905.4123
2019-03-08 21:00:00,120249.1063,153768.8981,236211.5011,238565.1969,271886.5862,376333.7772
2019-03-11 20:00:00,122236.9846,154198.2123,237179.4776,242024.6791,273014.3509,384160.781
2019-03-12 20:00:00,122579.7425,154550.4681,237792.0252,242937.3566,273733.0975,386271.4337
2019-03-13 20:00:00,122858.1985,155095.7137,239011.7979,244545.4073,275150.9194,389173.5812
2019-03-14 20:00:00,122560.7416,155082.4462,239161.88,244388.9483,275337.4518,388514.0022
2019-03-15 20:00:00,123210.9422,155425.4539,240083.778,245596.4859,276412.5627,392119.7006
2019-03-18 20:00:00,123550.9771,155539.234,239969.5527,246486.9925,276294.8738,393054.047
2019-03-19 20:00:00,123455.1599,156170.516,240939.2173,246548.1057,277425.1358,394375.6073
2019-03-20 20:00:00,123931.6109,156029.9846,240940.6268,245806.0168,277440.6301,395939.4536
2019-03-21 20:00:00,126241.9577,155512.3355,240204.7929,248582.3022,276607.197,402128.7608
2019-03-22 20:00:00,123999.4309,154679.836,239153.3907,243798.0117,275410.2879,393296.3331
2019-03-25 20:00:00,124209.2942,154472.6939,238270.859,243614.6721,274407.7303,392547.4489
2019-03-26 20:00:00,123822.7101,155533.3916,240103.9336,245430.6072,276532.5349,394375.6073
2019-03-27 20:00:00,122835.9911,155531.1476,240453.9952,244147.23,276949.5345,391842.6168
2019-03-28 20:00:00,122781.6459,155918.2471,241090.7522,245072.6584,277696.7845,392745.6829
2019-03-29 20:00:00,122755.008,156854.7034,242944.5787,246617.9493,279845.9717,395719.1935
2019-04-01 20:00:00,123107.3086,158079.576,245434.0872,249542.6524,282727.6095,400961.3826
2019-04-02 20:00:00,123432.1595,158187.8135,245691.464,249664.8788,283038.2309,402481.1769
2019-04-03 20:00:00,123439.422,158932.2048,247064.0763,250057.7494,284633.6415,404793.9073
2019-04-04 20:00:00,123352.6716,159135.1172,247118.9405,250721.2641,284711.0802,404639.7253
2019-04-05 20:00:00,123627.703,159553.8407,247819.5181,251934.7976,285532.4664,406732.1957
2019-04-08 20:00:00,124137.8665,159285.9943,247404.5178,252126.8677,285068.5883,407767.4179
2019-04-09 20:00:00,124118.2029,158687.8572,246550.2265,250834.7601,284098.4958,406335.7276
2019-04-10 20:00:00,124615.9416,158933.9913,246858.6495,251690.3449,284468.0949,408516.302
2019-04-11 20:00:00,124106.6321,159229.259,247258.9133,251620.5012,284943.5633,407547.1578
2019-04-12 20:00:00,124087.0712,160215.7553,248342.3311,253322.9403,286206.3516,409309.2382
2019-04-15 20:00:00,124094.2211,160268.4825,248343.2779,253157.0616,286221.7531,409375.3162
2019-04-16 20:00:00,124061.4067,160807.6491,249239.4663,253322.9403,287268.9434,410784.9805
2019-04-17 20:00:00,123658.7357,161492.363,250897.5102,252703.0779,289194.3385,412216.6708
2019-04-18 20:00:00,123606.377,161858.1003,251300.5583,253200.7139,289673.3673,412745.2949
2019-04-22 20:00:00,124494.5989,161375.6285,250188.327,253418.9753,288405.7854,413912.6731
2019-04-23 20:00:00,125750.5009,161595.4992,250814.8682,255697.6246,289142.4541,419176.8881
2019-04-24 20:00:00,125242.4526,161521.2099,251013.196,255130.1449,289385.5459,417855.3279
2019-04-25 20:00:00,124810.2626,161452.3347,252879.5064,254972.9967,291551.6282,419551.3302
2019-04-26 20:00:00,125112.471,161482.9598,252468.5852,256160.3388,291092.4436,419925.7723
2019-04-29 20:00:00,125349.0248,161540.9296,252455.9617,256561.9399,291092.4436,420740.7344
2019-04-30 20:00:00,125382.4499,161340.4568,250408.0433,256692.8967,288745.6612,417480.8858
2019-05-01 20:00:00,124160.343,161738.4572,252033.731,254763.4657,290634.68,416137.2995
2019-05-02 20:00:00,123654.5222,161658.3165,251941.089,254213.4469,290542.3808,414331.1672
2019-05-03 20:00:00,124587.1412,162549.6308,254017.8444,256701.6272,292951.8546,420938.9685
2019-05-06 20:00:00,126505.8347,159893.4309,248608.7098,255645.2419,286728.2947,418361.926
2019-05-07 20:00:00,125401.918,158427.4912,245886.8973,251376.0484,283603.4786,410212.3044
2019-05-08 20:00:00,125490.2246,158215.985,245069.2389,251026.8301,282674.5798,409177.0822
2019-05-09 20:00:00,126214.8947,156925.9707,242326.2252,250267.2804,279524.7904,406974.4817
2019-05-10 20:00:00,126818.7152,156359.7469,241448.5176,251524.4662,278526.3255,407481.0798
2019-05-13 20:00:00,125609.5344,153252.9558,235289.2964,245203.6153,271435.1958,393340.3851
2019-05-14 20:00:00,126316.9444,153872.7976,236516.0353,247421.1514,272863.9621,397657.4819
2019-05-15 20:00:00,128944.726,152887.7891,234945.2526,248870.4072,271065.4237,403274.113
2019-05-16 20:00:00,130177.252,153293.123,235036.1632,251175.2479,271183.864,407326.8978
2019-05-17 20:00:00,130128.0853,151916.1037,232698.579,249551.3829,268500.3271,403163.983
2019-05-20 20:00:00,129732.2545,150962.4868,229445.1315,247901.3265,264759.7467,396357.9477
2019-05-21 20:00:00,129961.6447,151954.4438,231409.9857,250136.3235,267040.2558,400498.8365
2019-05-22 20:00:00,130098.8936,151374.0535,230113.0163,249368.0433,265556.9436,398714.7301
2019-05-23 20:00:00,129590.722,150057.4699,227457.4102,246321.1138,262505.5767,392613.5269
2019-05-24 20:00:00,128824.9642,150906.2531,228671.0534,246879.863,263919.3515,392415.2929
2019-05-28 20:00:00,127974.8802,151021.4478,229301.3774,244583.7529,264660.0322,390939.5506
2019-05-29 20:00:00,127707.2934,150345.4456,227868.8096,242942.4269,263019.7931,387723.754
2019-05-30 20:00:00,127896.2677,150775.5601,228465.8258,243605.9417,263722.0558,389353.6783
2019-05-31 20:00:00,127348.0946,149238.8136,225766.1131,240323.2898,260618.9168,383142.3451
2019-06-03 20:00:00,124875.2204,149247.6163,225144.8215,239712.1578,259914.7438,374706.3854
2019-06-04 20:00:00,126959.546,150620.818,227661.3482,244915.5102,262832.9025,385256.8415
2019-06-05 20:00:00,126687.1711,151585.1035,229823.6227,247037.0113,265342.37,388120.222
2019-06-06 20:00:00,127470.3438,151754.3092,230203.4095,248643.4154,265794.1191,391203.8626
2019-06-07 20:00:00,129234.3917,152359.4935,231423.2108,251131.5956,267215.7981,398758.7821
2019-06-10 20:00:00,129866.1245,153252.314,232958.3812,252284.0159,269001.7632,403406.269
2019-06-11 20:00:00,128694.7238,154294.7244,235376.1655,252222.9027,271807.0778,403956.9191
2019-06-12 20:00:00,128294.2538,154148.1497,234722.695,251777.6494,271066.0552,401622.1627
2019-06-13 20:00:00,128512.0562,154664.2649,235689.2919,252816.5738,272195.8687,404000.9712
2019-06-14 20:00:00,128618.3111,154490.9611,234469.6352,252537.1992,270800.9057,402282.9428
2019-06-17 20:00:00,129103.7553,154627.4409,234971.4238,252633.2342,271393.987,404705.8033
2019-06-18 20:00:00,129444.5212,155693.771,237734.7269,255278.5627,274599.1952,410586.7464
2019-06-19 20:00:00,129750.1139,155755.2072,238041.6733,255854.7728,274967.4683,412128.5667
2019-06-20 20:00:00,129148.6306,157320.597,241350.2178,258299.3008,278802.9934,415961.0915
2019-06-21 20:00:00,129101.0932,157158.652,241056.9904,257923.5032,278478.203,415344.3634
2019-06-24 20:00:00,128841.2705,157247.0137,241526.1059,257607.6785,279034.067,415356.6606
2019-06-25 20:00:00,126710.6571,157255.2166,241347.1589,255081.0809,278841.282,408226.5479
2019-06-26 20:00:00,126452.4793,157799.0127,242940.3314,254826.6665,280695.9014,410124.968
2019-06-27 20:00:00,126473.2837,158236.5911,243804.2812,255730.2761,281708.1532,411692.2683
2019-06-28 20:00:00,126338.4096,158809.5134,244354.2134,257046.2123,282357.668,412222.06
2019-07-01 20:00:00,125628.4425,160796.177,249026.5201,259379.8059,287770.7581,417784.8724
2019-07-02 20:00:00,126159.9995,160750.0674,248935.1213,260055.3199,287679.5278,419440.4713
2019-07-03 17:00:00,126782.8689,161154.1678,249551.5302,262134.4991,288406.2589,422597.1466
2019-07-05 20:00:00,127390.006,160423.3973,247831.4027,261836.2202,286432.7309,421736.2352
2019-07-08 20:00:00,127316.522,159635.9956,246210.4744,260397.4633,284573.6543,418778.2317
2019-07-09 20:00:00,128557.6302,158923.4684,245030.1209,260722.0609,283223.6132,420875.3237
2019-07-10 20:00:00,129047.1498,159562.5743,246508.6642,261967.8139,284946.7822,425069.5077
2019-07-11 20:00:00,128752.9594,159944.6724,246867.5868,262581.9174,285375.9189,424760.4626
2019-07-12 20:00:00,129348.0774,160230.5831,247124.6655,263757.4872,285687.3675,427210.749
2019-07-15 20:00:00,129454.968,160473.0568,247686.9287,263845.2162,286351.6538,428579.3774
2019-07-16 20:00:00,128941.1167,160406.3397,247368.3643,262932.8338,285997.678,426371.9122
2019-07-17 20:00:00,128300.4783,160430.4317,247355.9958,261204.5709,285997.678,424274.8202
2019-07-18 20:00:00,129051.9677,160120.6669,246172.4836,262160.8179,284643.5787,424760.4626
2019-07-19 20:00:00,127227.0374,160744.9347,247848.9167,260704.5151,286596.2318,421647.9366
2019-07-22 20:00:00,127945.0673,160974.9019,248394.4795,261344.9374,287241.4147,425003.2837
2019-07-23 20:00:00,128077.4678,161642.3101,249736.7277,263213.5668,288807.9419,427784.6899
2019-07-24 20:00:00,129464.292,161165.5121,248770.6045,264450.5469,287705.1096,430786.8427
2019-07-25 20:00:00,128665.6829,160906.1674,247916.8204,263187.2481,286732.0869,426703.032
2019-07-26 20:00:00,129161.9275,161311.1146,249481.9604,264950.6027,288556.6108,431095.8878
2019-07-29 20:00:00,128831.0916,161217.589,249239.5373,264468.0927,288290.6464,429616.8861
2019-07-30 20:00:00,129258.2451,160375.2568,247318.9111,263818.8975,286083.5091,427762.6153
2019-07-31 20:00:00,127122.9794,160505.8971,247970.2145,260932.6107,286851.2015,421846.6084
2019-08-01 20:00:00,126266.6132,160568.0254,248386.022,258660.4275,287346.5489,419749.5164
2019-08-02 20:00:00,125343.676,160026.2951,246505.6457,256712.8418,285185.5941,413568.6138
2019-08-05 20:00:00,123492.4111,157530.0167,241335.5829,248992.6825,279218.5403,398955.1938
2019-08-06 20:00:00,124068.4924,158693.2639,243553.5301,252484.3,281798.6042,404540.0809
2019-08-07 20:00:00,126101.9211,156810.5652,240896.6316,252633.4395,278738.5845,406725.4715
2019-08-08 20:00:00,128262.2688,157701.2121,241969.7657,257590.1326,279994.2318,415577.4071
2019-08-09 20:00:00,127660.2741,157140.1214,240800.9011,255835.551,278655.6851,411670.1936
2019-08-12 20:00:00,126971.9893,156205.4383,239303.9501,252747.4873,276937.3407,406946.218
2019-08-13 20:00:00,129860.9247,156024.1267,239084.2896,256651.4315,276696.9829,415864.3776
2019-08-14 20:00:00,128032.9038,153616.3646,235226.9858,249062.8658,272246.6837,403436.3483
2019-08-15 20:00:00,127711.6671,154144.366,235524.124,249720.8339,272604.1974,402972.7806
2019-08-16 20:00:00,128585.7648,155133.0601,237654.0627,253405.4554,275083.0962,409440.6537
2019-08-19 20:00:00,128763.8495,156940.6047,241076.0428,256458.4275,279057.771,415952.6762
2019-08-20 20:00:00,128079.202,156637.484,240462.6743,254493.296,278361.7186,412729.777
2019-08-21 20:00:00,128086.3795,157914.7609,242559.86,256563.7024,280803.3575,416394.1693
2019-08-22 20:00:00,127429.3088,158333.443,242997.7981,256484.7462,281324.3837,415047.6155
2019-08-23 20:00:00,124236.181,157561.9124,241331.3711,249896.2921,279409.1874,401913.1973
2019-08-26 20:00:00,124688.7539,158876.0388,244063.062,252659.7582,282585.8613,407983.7267
2019-08-27 20:00:00,123556.9641,159723.157,245754.3615,251668.4196,284558.244,407122.8152
2019-08-28 20:00:00,124397.6653,159286.4511,244942.5693,253440.547,283632.5001,408579.7423
2019-08-29 20:00:00,124743.2825,160866.444,247974.0733,256677.7502,287157.0273,414826.8689
2019-08-30 20:00:00,123773.063,161754.6079,249294.4429,256563.7024,288700.3894,413833.5096
2019-09-03 20:00:00,123388.0179,160701.1579,247619.7493,255063.5351,286775.4121,409815.9228
2019-09-04 20:00:00,123967.7178,162025.2057,249994.8682,257958.5948,289540.443,415731.9297
2019-09-05 20:00:00,124853.4671,163526.9299,252743.4225,261274.7541,292738.256,423347.6848
2019-09-06 20:00:00,124515.7551,163732.8947,253152.5076,261476.531,293226.7128,422928.2664
2019-09-09 20:00:00,123861.6509,164328.9898,253932.6445,261608.1246,294145.0072,422045.2803
2019-09-10 20:00:00,124168.1081,163841.3427,252551.9338,261546.7143,292560.3566,420831.1744
2019-09-11 20:00:00,125091.5353,164030.9934,253016.2192,263406.5708,293112.8205,424782.5372
2019-09-12 20:00:00,124839.7625,164563.6435,254555.0891,264318.9533,294910.2177,426548.5094
2019-09-13 20:00:00,124535.975,164823.0517,254239.3666,264143.4951,294559.1886,425025.3584
2019-09-16 20:00:00,124822.8046,164108.6372,252496.8657,263327.6147,292555.0724,423126.9383
2019-09-17 20:00:00,125409.1283,163963.7475,252497.4137,263994.3557,292570.335,425157.8063
2019-09-18 20:00:00,125605.1201,163710.3556,251973.5012,264152.268,291977.9029,424981.2091
2019-09-19 20:00:00,125579.3026,163919.6531,252418.9886,264134.7222,292508.7167,425687.598
2019-09-20 20:00:00,124109.3954,164263.4851,252681.2483,262886.4059,292827.2545,421184.3689
2019-09-23 20:00:00,124220.5696,163864.2733,252541.4433,262824.712,292679.8786,421370.538
2019-09-24 20:00:00,121981.8798,164515.4715,253735.1822,260762.374,294077.982,415774.3834
2019-09-25 20:00:00,123469.8606,164546.1685,253466.02,262304.7208,293780.7281,420441.5321
2019-09-26 20:00:00,123170.9966,164537.9412,253119.9791,261758.2894,293394.3372,418893.1889
2019-09-27 20:00:00,121412.0225,165011.6942,253575.1233,260348.1437,293936.5698,413695.1797
2019-09-30 20:00:00,122065.4134,165327.434,254592.8519,261555.5809,295130.9867,417632.3952
2019-10-01 20:00:00,120622.8675,165820.5482,255510.5236,258444.4471,296209.5333,414226.0402
2019-10-02 20:00:00,119352.2418,164822.672,253764.9646,253879.1005,294200.7433,407103.6616
2019-10-03 20:00:00,120669.3116,164671.3854,253724.7007,255959.0653,294168.7736,411571.7376
2019-10-04 20:00:00,121779.1532,165111.0907,255089.2485,259422.7356,295765.5408,417632.3952
2019-10-07 20:00:00,121753.6592,164626.0407,254346.9342,258303.4325,294919.646,416371.6015
2019-10-08 20:00:00,120680.1279,163466.3034,252739.8194,254293.3308,293070.9147,410133.9904
2019-10-09 20:00:00,120828.9858,164732.8647,254867.197,256708.2052,295552.4233,414137.5635
2019-10-10 20:00:00,121726.1939,164651.1043,254922.5163,258444.4471,295631.351,417344.8458
2019-10-11 20:00:00,121898.7134,166349.799,257814.6006,261123.7238,299000.0567,422719.8085
2019-10-14 20:00:00,122052.3055,166144.97,257437.4697,260832.8813,298577.6298,422675.5702
2019-10-15 20:00:00,123217.8235,166754.1977,258219.449,263415.2105,299499.5033,428050.5329
2019-10-16 20:00:00,123326.6642,166478.0535,257325.8805,262992.1668,298478.0601,426988.8119
2019-10-17 20:00:00,122907.7155,167195.0026,258859.3156,263767.747,300271.6498,428116.8905
2019-10-18 20:00:00,121940.956,166868.2081,258378.2726,262613.1902,299728.6631,424002.7215
2019-10-21 20:00:00,122365.142,167705.4901,259740.2081,264393.4991,301323.5467,427762.9835
2019-10-22 20:00:00,120909.4238,168054.8884,260747.9696,263529.7849,302507.7129,424356.6285
2019-10-23 20:00:00,121383.328,167894.7355,260204.8738,264296.5516,301892.7636,425175.0384
2019-10-24 20:00:00,121690.7651,168446.2138,262046.4087,264728.4087,304044.4288,429311.3267
2019-10-25 20:00:00,123304.5348,168084.4902,260656.1755,265812.4582,302446.586,432739.8009
2019-10-28 20:00:00,123938.2608,168806.1612,261855.559,267310.7379,303853.3862,437008.8042
2019-10-29 20:00:00,123140.5677,168647.4483,261484.6133,267231.4172,303438.1389,433624.5684
2019-10-30 20:00:00,123485.4707,168755.8194,261991.7339,268051.0644,304041.7957,435725.8913
2019-10-31 20:00:00,123204.2174,168730.7357,262683.521,267337.1782,304859.8177,435924.964
2019-11-01 20:00:00,123783.1729,169606.7546,263803.3328,269813.7465,306174.6687,439884.2987
2019-11-04 21:00:00,123715.154,170556.7237,265554.4028,270897.796,308222.2994,442604.9589
2019-11-05 21:00:00,123628.6899,170664.7228,265859.6311,270598.14,308591.9813,442848.2699
2019-11-06 21:00:00,123492.6788,170672.8653,265527.6412,270659.8339,308222.0593,441852.9065
2019-11-07 21:00:00,123283.5127,171497.9666,266843.5981,271611.6822,309765.0212,443334.8921
2019-11-08 21:00:00,123992.1427,171289.0566,266350.9679,272281.5014,309208.6404,445104.4271
2019-11-11 21:00:00,124450.4259,170443.286,264987.5635,271761.5102,307641.3153,444507.2091
2019-11-12 21:00:00,124697.8934,170655.8675,265198.4776,272334.3819,307901.5613,445790.122
2019-11-13 21:00:00,125157.3198,170039.8219,264264.1155,272422.516,306832.1403,445900.7179
2019-11-14 21:00:00,125518.7318,169849.7828,263267.7281,272819.1195,305690.5951,445546.8109
2019-11-15 21:00:00,125673.4965,170625.9299,264849.0969,274793.3234,307542.0697,448820.4508
2019-11-18 21:00:00,125964.9732,170469.6421,264418.1732,274996.0318,307057.0593,449174.3578
2019-11-19 21:00:00,125668.2337,170821.7043,265407.572,274916.7111,308221.357,449837.9334
2019-11-20 21:00:00,125234.4652,170468.1574,264702.6263,273894.3555,307418.1052,447139.3925
2019-11-21 21:00:00,125085.5603,170503.5168,264401.3151,273453.685,307083.5418,446144.029
2019-11-22 21:00:00,124850.4156,170929.1224,265043.5271,274061.8103,307844.7802,446431.5784
2019-11-25 21:00:00,125780.3972,171486.7485,266172.7606,276185.8422,309171.7631,451718.0645
2019-11-26 21:00:00,125934.142,171505.5358,266328.8891,276811.5944,309368.572,452580.7128
2019-11-27 21:00:00,126480.3495,171819.1341,267005.4427,278045.4718,310169.9275,455743.7567
2019-11-29 18:00:00,126215.5507,171489.2128,266318.2289,277014.3028,309387.1263,453664.553
2019-12-02 21:00:00,124910.84,171655.2321,266317.8978,274661.1222,309402.211,449019.5235
2019-12-03 21:00:00,125653.2733,169994.2116,262644.3507,272819.1195,305149.8358,445502.5725
2019-12-04 21:00:00,125640.7837,170578.8107,263974.3677,274502.4808,306710.3558,447758.7297
2019-12-05 21:00:00,125467.4755,170986.5147,264834.8677,274996.0318,307725.5014,448643.4973
2019-12-06 21:00:00,125884.9336,172139.7223,266754.06,277507.8538,309970.8978,453443.3612
2019-12-09 21:00:00,125534.1367,171879.6329,266259.2638,276635.3262,309411.4381,451386.2766
2019-12-10 21:00:00,125367.9909,171827.2312,266363.3778,276326.8568,309547.8963,451010.2504
2019-12-11 21:00:00,125742.0717,172103.621,266950.9775,277111.2503,310246.2388,453399.1228
2019-12-12 21:00:00,126804.2575,172111.4369,266664.1413,279499.6845,309928.3946,456783.3586
2019-12-13 21:00:00,127283.2631,171967.1524,266508.7663,279667.1393,309763.3076,458287.4634
2019-12-16 21:00:00,127716.3328,172966.5551,268244.8106,281588.4628,311796.6011,462888.2546
2019-12-17 21:00:00,127618.5208,173217.7627,268577.4877,281650.1567,312198.8809,463153.6848
2019-12-18 21:00:00,127599.9608,173442.1763,268794.9387,281667.7835,312467.2595,463507.5918
2019-12-19 21:00:00,128348.394,173536.6176,268871.2897,282822.3403,312571.6389,466405.2055
2019-12-20 21:00:00,128251.1041,174185.5042,270132.9637,284062.2862,314054.0047,468285.3365
2019-12-23 21:00:00,128129.7495,174665.5766,271075.4781,284496.2665,315165.4656,469521.4589
2019-12-24 18:00:00,128074.9922,174771.0322,271305.0873,284505.1233,315448.1786,469765.297
2019-12-26 21:00:00,128991.771,175012.5651,271726.7982,286019.6261,315954.2771,473910.5457
2019-12-27 21:00:00,128426.1607,175453.6207,272666.4608,285948.7722,317062.6811,473511.5378
2019-12-30 21:00:00,127643.7686,175488.3228,272512.416,284372.2721,316899.4074,470408.1431
2019-12-31 21:00:00,128289.092,175162.5457,271625.5589,285063.098,315883.9435,471294.8273
2020-01-02 21:00:00,129335.7969,176089.8455,273898.8397,287728.9774,318543.4245,479164.1497
2020-01-03 21:00:00,129862.9237,174086.3642,270261.2057,285550.2188,314328.7956,474775.0629
2020-01-06 21:00:00,131726.4566,173013.9518,268127.7989,286639.5981,311863.2415,477834.1234
2020-01-07 21:00:00,131652.6754,172673.8567,268213.9018,285833.6346,311978.9822,477767.6221
2020-01-08 21:00:00,132654.1063,172804.3338,268163.158,287356.9942,311935.5573,481358.6931
2020-01-09 21:00:00,132677.7682,173727.7557,270360.2589,289305.4774,314506.8888,485437.4405
2020-01-10 21:00:00,131814.1753,174096.6806,271408.4781,288472.9437,315741.9951,484196.0826
2020-01-13 21:00:00,132781.1813,174456.7907,272513.1956,290456.8539,317042.951,489782.1932
2020-01-14 21:00:00,132317.5884,174198.0459,272363.8992,290014.0168,316885.1111,487853.655
2020-01-15 21:00:00,132286.9377,174130.8178,272511.1648,290669.4157,317072.2933,488053.159
2020-01-16 21:00:00,132884.1549,174907.3686,273859.043,293087.3063,318656.4307,492730.4182
2020-01-17 21:00:00,132937.0253,175321.4623,275077.3954,293999.5507,320090.0119,495168.7998
2020-01-21 21:00:00,133240.7001,174768.6953,274300.1533,293423.8625,319201.5894,494947.1287
2020-01-22 21:00:00,132913.4196,175266.3799,275674.6467,293459.2894,320817.04,496254.988
2020-01-23 21:00:00,133411.719,174866.1844,275500.7804,293795.8456,320630.7434,497851.0195
2020-01-24 21:00:00,131666.7465,175247.5321,276775.0227,291183.1067,322129.7517,493661.4366
2020-01-27 21:00:00,131920.2665,172189.7814,270509.8217,286515.6037,314853.9877,483464.5682
2020-01-28 21:00:00,133000.7934,173011.5152,272406.361,289518.0392,317077.1658,490890.5485
2020-01-29 21:00:00,132474.5157,173802.0552,273905.7677,289278.9072,318838.3079,491688.5643
2020-01-30 21:00:00,133802.3753,172596.088,272126.2131,290217.7219,316782.7703,493439.7656
2020-01-31 21:00:00,131125.9827,172213.486,273249.5222,284947.9604,318106.2563,485614.7774
2020-02-03 21:00:00,132471.732,173072.0181,274533.0684,287064.7217,319616.4152,492952.0893
2020-02-04 21:00:00,133669.8243,175172.5663,278272.2895,291439.9522,323985.6656,504235.1459
2020-02-05 21:00:00,132507.6612,176883.2733,281610.3172,294805.5142,327888.2493,505897.6788
2020-02-06 21:00:00,133311.8699,177469.6021,282299.5838,295797.4693,328707.1797,510264.5986
2020-02-07 21:00:00,133328.4739,176839.0165,281022.3011,294220.9692,327236.3583,508070.0551
2020-02-10 21:00:00,135382.0838,176292.5243,280076.4134,296417.4413,326151.2813,514210.3433
2020-02-11 21:00:00,134655.5986,177063.2989,281607.8586,296931.1323,327950.9694,514299.0117
2020-02-12 21:00:00,135162.378,177899.4654,283256.6495,298844.1886,329887.4929,519308.7775
2020-02-13 21:00:00,135928.3415,177099.7187,281271.6481,298525.3458,327592.2071,518643.7644
2020-02-14 21:00:00,136095.5594,177311.5421,281702.3873,299003.6099,328110.2612,520128.9604
2020-02-18 21:00:00,136805.6606,176735.4477,280319.6493,298233.0734,326516.1353,520328.4644
2020-02-19 21:00:00,137291.2813,177293.4576,281977.5436,299659.0088,328463.5753,525316.0631
2020-02-20 21:00:00,136297.4614,176985.9074,281368.5052,298427.9217,327770.5557,520439.2999
2020-02-21 21:00:00,134341.9564,176168.1597,279952.2682,295354.6322,326137.1476,510441.9354
2020-02-24 21:00:00,134159.4942,170712.8666,269494.9215,285559.0756,313970.9162,490757.5458
2020-02-25 21:00:00,129417.3917,171519.7202,271745.5985,276906.0386,316608.7314,477412.9484
2020-02-26 21:00:00,129273.5668,172355.9879,273422.7718,275887.5133,318578.6237,479873.4971
2020-02-27 21:00:00,126042.926,168999.8461,266361.3407,263496.9312,310366.9241,455844.3549
2020-02-28 21:00:00,130579.8545,163941.4528,257281.064,262389.8385,299802.0123,456199.0286
2020-03-02 21:00:00,135364.673,164896.1199,260968.6467,273753.0385,304114.0335,479740.4945
2020-03-03 21:00:00,130648.8632,165133.28,261691.1628,265914.8218,304971.2073,464356.5233
2020-03-04 21:00:00,133624.5664,168353.5484,266512.6438,277092.0302,310605.3422,483730.5734
2020-03-05 21:00:00,133026.8764,164088.6691,259550.1067,267881.0185,302506.431,469033.7826
2020-03-06 21:00:00,135276.9019,158991.6869,250901.4056,263452.6475,292441.4692,461120.1259
2020-03-09 20:00:00,135669.6605,147299.6176,232772.626,242878.4359,271325.8511,429088.6587
2020-03-10 20:00:00,137638.7798,152948.3258,241912.1971,255446.1528,281992.7402,452452.7877
2020-03-11 20:00:00,134814.2048,148862.6928,236199.2654,242993.5735,275347.377,432746.2311
2020-03-12 20:00:00,131275.8931,138920.5802,220301.2944,219744.6258,256828.2137,393067.1125
2020-03-13 20:00:00,134967.5383,147441.1439,232403.6203,238529.7755,270949.9997,426362.1047
2020-03-16 20:00:00,131202.0041,131809.3464,210413.0989,212428.9569,245325.686,375289.0939
2020-03-17 20:00:00,136283.6932,134654.9157,217909.3421,223898.4378,254078.0023,403751.6572
2020-03-18 20:00:00,140329.6303,125832.7603,205168.9232,212561.808,239235.6286,391471.0809
2020-03-19 20:00:00,142106.4311,125438.4843,203799.3916,213013.5018,237650.6587,393820.794
2020-03-20 20:00:00,133356.8388,127260.7996,208641.5681,203833.4762,243309.0077,378392.4887
2020-03-23 20:00:00,133162.6745,126809.4688,209102.7422,198621.8248,243858.975,378714.581
2020-03-24 20:00:00,135954.2981,133651.2377,220647.7713,216617.6125,257335.1662,408041.2997
2020-03-25 20:00:00,134333.6464,134661.4369,221633.8948,219860.4178,258498.1205,405019.759
2020-03-26 20:00:00,140147.8353,136002.4641,223604.5094,232698.0069,260809.4311,426348.2817
2020-03-27 20:00:00,138941.0605,131840.6116,217767.2607,225766.956,254013.9796,411684.9223
2020-03-30 20:00:00,142633.0682,133009.7744,219824.75,233098.9032,256426.6326,426659.3226
2020-03-31 20:00:00,141643.9021,132520.1914,219447.4605,229624.4689,255999.3439,423015.7
2020-04-01 20:00:00,139750.9942,127474.9704,212947.5742,219290.2542,248429.6154,405041.9762
2020-04-02 20:00:00,143422.0703,126976.6152,211687.1111,224350.4559,246971.5512,413262.3443
2020-04-03 20:00:00,141729.8541,126455.9665,211153.0277,221107.6506,246360.7941,407397.0006
2020-04-06 20:00:00,146187.1687,131473.4393,219329.7309,235958.6298,255913.2032,436523.7644
2020-04-07 20:00:00,141867.2765,136152.7724,225893.7446,236199.1676,263584.8683,436346.0267
2020-04-08 20:00:00,143592.8039,137645.4785,227895.2506,244128.0047,265933.5115,445610.6037
2020-04-09 20:00:00,142528.2817,139537.2931,229906.3594,247842.9767,268293.5935,446254.9028
2020-04-13 20:00:00,144680.4587,139003.6658,228910.4996,245580.1401,267144.8706,451076.0377
2020-04-14 20:00:00,147905.7225,141729.7921,233634.4335,252822.9992,272671.1891,470693.8351
2020-04-15 20:00:00,148615.076,138591.3557,229829.1973,247450.9893,268243.7895,465295.0528
2020-04-16 20:00:00,149702.8293,139228.0856,232297.8376,248644.7692,271138.4606,473782.0274
2020-04-17 20:00:00,149085.9234,142368.8462,235467.0418,255362.0088,274851.1185,478314.3385
2020-04-20 20:00:00,148645.2423,140355.1337,233344.3883,250863.0619,272387.1738,472648.9497
2020-04-21 20:00:00,144607.59,137801.0981,230985.4569,243246.0329,269647.1693,455208.4389
2020-04-22 20:00:00,145893.5983,140489.2633,235720.1069,248644.7692,275187.7744,468716.5033
2020-04-23 20:00:00,145011.4517,141166.8156,236624.5198,248626.9516,276257.3766,467716.7288
2020-04-24 20:00:00,146976.9123,141974.1423,237118.4887,252092.4771,276847.8945,475092.8429
2020-04-27 20:00:00,146541.2575,142995.5873,239712.4523,255727.2698,279890.3213,478914.2032
2020-04-28 20:00:00,142609.4407,144956.1524,241657.6661,254551.3075,282175.5642,469894.0155
2020-04-29 20:00:00,144455.9229,147921.7918,247004.3277,261215.0942,288432.7907,486556.9238
2020-04-30 20:00:00,143765.6623,147147.5694,248063.4575,258782.9902,289683.9832,486356.9689
2020-05-01 20:00:00,142578.8584,144445.2759,243053.7502,251932.1186,283848.2225,472648.9497
2020-05-04 20:00:00,145106.9442,143247.9214,241579.2077,252627.0054,282140.3832,478158.818
2020-05-05 20:00:00,145246.5042,144801.7001,244059.0247,254961.1125,285050.6688,483579.8176
2020-05-06 20:00:00,144974.4351,145715.3136,245997.8587,253232.8042,287329.3978,486556.9238
2020-05-07 20:00:00,144967.1864,147522.741,249153.2024,256288.5246,291029.2558,492822.1774
2020-05-08 20:00:00,145763.7986,149243.506,251162.5452,260529.1162,293390.8673,499576.2096
2020-05-11 20:00:00,147961.0012,148179.6423,249619.7341,260582.569,291603.3307,504041.869
2020-05-12 20:00:00,144460.9196,148805.4796,250289.4245,255388.7352,292400.2367,493488.6937
2020-05-13 20:00:00,142299.6938,148424.2997,250885.3932,250871.9707,293111.0962,487312.309
2020-05-14 20:00:00,144812.544,146962.1517,249305.8161,253874.2382,291280.3212,492844.3946
2020-05-15 20:00:00,147777.2767,145588.1696,245865.5785,255041.2918,287275.4301,496043.673
2020-05-18 20:00:00,148488.1091,149044.127,249222.9662,262809.7704,291212.6488,505286.0328
2020-05-19 20:00:00,147932.9024,148738.5865,249506.3772,260110.4023,291558.3702,504019.6518
2020-05-20 20:00:00,149143.7768,150697.5535,252397.4407,264529.1699,294951.2737,514084.0484
2020-05-21 20:00:00,147480.1689,150624.0411,252439.3603,262702.8648,295015.0084,508485.3112
2020-05-22 20:00:00,148253.933,150453.0547,251963.4861,263201.7579,294473.6255,510240.4709
2020-05-26 20:00:00,145502.0183,153765.8472,256010.2143,266444.5632,299217.8231,508863.0038
2020-05-27 20:00:00,146512.7293,155331.3951,255606.2001,270408.9818,298760.5831,511640.1552
2020-05-28 20:00:00,147068.1517,155917.2582,254283.7003,269910.0886,297229.7416,510973.6389
2020-05-29 20:00:00,148963.1469,155647.0014,254702.1816,271112.7774,297733.7618,518460.839
2020-06-01 20:00:00,149980.9979,155286.3128,253707.136,272208.5605,296585.4914,520016.0438
2020-06-02 20:00:00,150696.2218,155771.5209,254171.3845,274462.4884,297143.0305,523504.146
2020-06-03 20:00:00,150962.9584,156865.9847,254838.2497,278115.0988,297937.4969,525859.1703
2020-06-04 20:00:00,150124.9959,156325.5066,254437.9048,277384.5767,297484.3409,522171.1133
2020-06-05 20:00:00,152322.7802,159355.2331,255713.4486,284493.8037,298990.5587,532524.3337
2020-06-08 20:00:00,153593.3171,159826.3191,255540.6354,287932.6027,298803.4479,536656.735
2020-06-09 20:00:00,155270.5305,158364.4621,254586.3093,285785.5805,297702.4954,540544.7469
2020-06-10 20:00:00,156004.1116,158657.6827,256404.7598,284190.9043,299843.7998,547032.1726
2020-06-11 20:00:00,150752.3675,154825.0552,252163.9998,267807.6105,294899.5799,519927.175
2020-06-12 20:00:00,148689.7462,158788.2436,257668.3546,271014.7806,301351.5321,524059.5762
2020-06-15 20:00:00,152777.9191,155544.0953,253799.4033,273544.8814,296841.7351,530435.9158
2020-06-16 20:00:00,152243.6543,159847.2781,259038.102,278809.9856,302983.717,539544.9724
2020-06-17 20:00:00,151750.1581,160390.9059,260678.4713,277651.8409,304917.5229,541255.6977
2020-06-18 20:00:00,152341.289,159518.3008,260344.4312,277758.7465,304542.0395,542722.0336
2020-06-19 20:00:00,150796.2431,161404.6449,262942.5317,276171.5845,307596.4361,542633.1647
2020-06-22 20:00:00,152682.3199,161035.7361,262783.0169,277943.2918,307425.2117,549141.4034
2020-06-23 20:00:00,152951.2954,162520.7721,264527.1606,279222.8581,309481.0259,553815.1367
2020-06-24 20:00:00,150261.4817,161361.6417,263684.7621,272100.2369,308510.9439,542397.874
2020-06-25 20:00:00,151628.3866,161024.5782,263768.9544,275017.2903,308624.8743,547561.2365
2020-06-26 20:00:00,148190.6895,160398.31,263487.7408,268485.2382,308311.2694,534630.5744
2020-06-29 20:00:00,149955.6151,161122.6536,263200.3514,272431.3135,307990.406,540461.6131
2020-06-30 20:00:00,152931.5404,160876.4539,263111.3224,275921.04,307901.626,551055.4085
2020-07-01 20:00:00,154683.9281,161499.6869,263140.6727,277853.8116,307951.3678,557487.3557
2020-07-02 20:00:00,154168.773,163426.3627,265785.29,279383.9224,311061.7393,561270.8541
2020-07-06 20:00:00,155935.4086,165590.3703,269207.7438,283696.8664,315082.7602,575069.4952
2020-07-07 20:00:00,155009.3853,164709.8753,268923.3983,280770.865,314765.7142,571107.9498
2020-07-08 20:00:00,156209.3597,165126.8262,270345.6914,282918.389,316446.1983,578630.4348
2020-07-09 20:00:00,156326.7695,165468.4812,272391.0397,281307.746,318856.1505,583504.4709
2020-07-10 20:00:00,157476.3547,165397.0479,272221.5781,284180.0593,318673.7246,587488.2721
2020-07-13 20:00:00,152530.198,166675.1243,275239.8701,281719.3548,322222.9944,575403.3332
2020-07-14 20:00:00,155168.7407,165825.0504,272447.5204,285370.1455,318970.1051,579476.158
2020-07-15 20:00:00,154609.8348,167667.8102,273961.6216,287991.9144,320758.6996,580655.7192
2020-07-16 20:00:00,155261.2425,166581.0599,270923.74,287043.4246,317217.9366,576694.1739
2020-07-17 20:00:00,155151.8021,167107.5932,271401.6038,287875.5902,317793.3165,577361.85
2020-07-20 20:00:00,159140.9573,166938.2179,272078.5166,290202.0745,318601.8262,593742.1724
2020-07-21 20:00:00,156524.1321,168041.6943,273717.0875,290819.4877,320536.51,587555.0398
2020-07-22 20:00:00,156764.8414,167831.6484,274232.1732,292474.8707,321155.7283,589624.8359
2020-07-23 20:00:00,152904.7047,167612.7355,273783.7147,288985.1442,320646.5923,574223.772
2020-07-24 20:00:00,153811.9357,166550.8069,269557.3153,287123.9568,315712.803,568771.0832
2020-07-27 20:00:00,155514.1966,166931.7623,271336.9484,289217.7927,317812.943,578919.7611
2020-07-28 20:00:00,154007.1132,166525.7378,270478.4526,287383.4493,316823.2902,571553.0673
2020-07-29 20:00:00,154815.9366,167020.3538,272139.5548,290917.9158,318784.8533,578140.8056
2020-07-30 20:00:00,156844.4573,165357.8273,269999.2846,289879.9459,316293.6755,581167.6043
2020-07-31 20:00:00,156765.8342,166390.8298,274928.1375,292170.6382,322083.4499,591538.841
2020-08-03 20:00:00,157565.2229,167294.6736,277200.3732,294201.8379,324761.5206,599528.6993
2020-08-04 20:00:00,158448.1397,166823.2834,276651.417,295338.236,324134.6144,601754.2865
2020-08-05 20:00:00,158539.6568,167522.5487,277149.1819,297172.5794,324734.0201,603245.43
2020-08-06 20:00:00,160750.1729,167216.5655,276930.824,299159.0391,324494.4082,611235.2883
2020-08-07 20:00:00,159211.3489,166688.0442,276352.3064,299373.7915,323832.7534,604180.1767
2020-08-10 20:00:00,158348.0748,166893.9426,276643.8842,300268.5932,324190.6192,601598.4954
2020-08-11 20:00:00,156033.5747,167527.1725,275401.9337,297789.9926,322751.4244,590203.4886
2020-08-12 20:00:00,158616.4135,168862.8393,277704.0364,301941.8723,325465.4622,605048.1557
2020-08-13 20:00:00,158503.77,168424.0321,278507.3484,301396.0433,326423.2065,606428.0198
2020-08-14 20:00:00,157938.7138,168215.6002,279147.58,301404.9913,327189.9081,605715.8319
2020-08-17 20:00:00,158732.2436,168741.5401,280949.0666,302362.4291,329317.7966,612748.6877
2020-08-18 20:00:00,159614.3836,168937.844,282057.5092,303015.6343,330633.5368,618646.4939
2020-08-19 20:00:00,158555.4392,169163.8667,282002.8181,301753.9639,330585.9585,614484.6457
2020-08-20 20:00:00,161225.8128,168202.3161,281151.187,302693.5057,329604.1385,623008.645
2020-08-21 20:00:00,162219.1898,167985.0702,281338.0019,303767.2677,329839.6289,627326.2843
2020-08-24 20:00:00,161289.799,169287.9719,284697.5557,306845.3854,333794.8492,631243.3179
2020-08-25 20:00:00,163009.6562,169580.6438,283880.3097,307919.1474,332853.3554,636206.3775
2020-08-26 20:00:00,165732.0523,169867.8418,285147.1819,311006.2131,334355.4223,649782.4599
2020-08-27 20:00:00,164637.6287,170313.8672,286119.3564,311686.2624,335512.0841,647757.1755
2020-08-28 20:00:00,164742.035,170852.9688,287363.3661,313699.5661,336987.6225,651051.0446
2020-08-31 20:00:00,165751.2446,170732.3371,287879.4605,312563.168,337609.6897,656281.1747
2020-09-01 20:00:00,167023.8785,171178.3568,290540.0181,315507.0655,340746.7304,667498.1346
2020-09-02 20:00:00,166729.1503,172160.1662,293780.4073,320070.5539,344564.1117,673818.8024
2020-09-03 20:00:00,160741.8316,171261.1575,289243.9298,309055.5455,339260.6742,639656.0378
2020-09-04 20:00:00,159619.2518,171589.7715,287367.6629,306532.2048,337076.9219,631132.0385
2020-09-08 20:00:00,158280.2308,168661.0053,275841.5636,298156.8613,323573.8757,600797.284
2020-09-09 20:00:00,159558.5877,170834.1662,281641.9538,304044.6562,330394.1585,618446.1911
2020-09-10 20:00:00,154666.2791,171811.0419,284729.2981,298765.3264,334032.4417,606116.4376
2020-09-11 20:00:00,152571.1293,172780.1415,286607.4022,298917.4427,336252.4561,601910.0777
2020-09-14 20:00:00,153008.3794,174561.0592,290736.6657,302854.57,341113.7876,612392.5937
2020-09-15 20:00:00,153017.1797,175919.0711,294811.2075,304384.6808,345911.3975,621072.3841
2020-09-16 20:00:00,150128.2921,176598.0852,295662.7509,303176.6986,346927.8361,611168.5207
2020-09-17 20:00:00,151675.0947,173826.8155,288046.7186,300510.1896,338008.6033,601620.7513
2020-09-18 20:00:00,148921.8564,174259.4306,289598.7142,297050.7106,339846.6939,593942.4752
2020-09-21 20:00:00,151774.0367,171647.2348,285224.4639,293744.657,334730.4641,596234.2569
2020-09-22 20:00:00,153166.1938,172468.0944,287854.4278,296736.2762,337833.6436,607311.541
2020-09-23 20:00:00,148689.0772,172783.2076,287438.5939,289854.6538,337362.5016,588767.6771
2020-09-24 20:00:00,150957.0026,172014.1167,284410.121,290627.2641,333824.8951,591509.1378
2020-09-25 20:00:00,154156.9576,171511.0086,284953.1682,295325.8131,334478.9851,605261.0176
2020-09-28 20:00:00,154494.8181,173845.0378,290206.5038,300230.9904,340662.092,617831.6176
2020-09-29 20:00:00,154112.8922,173737.5078,289584.7793,298595.9313,339949.307,615045.5803
2020-09-30 20:00:00,155048.3363,174110.4089,289780.1821,300859.8593,340195.6917,619258.0686
2020-10-01 20:00:00,155249.6106,175526.2384,293968.8825,302791.3852,345130.1454,629087.208
2020-10-02 20:00:00,154280.0452,172741.6644,287465.5174,299916.556,337512.2152,611390.2995
2020-10-05 20:00:00,156405.0292,173855.8688,289578.5001,305234.99,340009.936,624428.9538
2020-10-06 20:00:00,153996.1441,173903.4632,288830.1522,300895.7947,339148.2604,613284.8048
2020-10-07 20:00:00,155113.3937,175551.0904,291681.3391,306133.3741,342513.1199,623894.0346
2020-10-08 20:00:00,154561.8623,176634.4842,294250.9566,308846.4942,345547.6746,627214.991
2020-10-09 20:00:00,155973.5854,177524.8041,296013.8164,311604.5334,347635.1308,636798.9591
2020-10-12 20:00:00,158102.3377,178897.8422,301013.565,316617.5168,353524.1582,656457.2378
2020-10-13 20:00:00,157096.9246,178827.9838,302899.459,314551.2333,355756.7149,656434.9495
2020-10-14 20:00:00,155333.8563,179125.4908,303748.213,312574.7883,356771.3681,650952.0282
2020-10-15 20:00:00,156894.5722,176949.0919,298678.5289,312188.4831,350834.544,646583.5219
2020-10-16 20:00:00,155149.6689,177698.9614,300352.0913,311999.8224,352817.8899,643039.6825
2020-10-19 20:00:00,151532.2894,178345.0181,302471.2174,307256.3543,355324.8279,632541.8942
2020-10-20 20:00:00,151412.9083,179071.3614,303330.0417,308487.1405,356351.4887,633901.4804
2020-10-21 20:00:00,151213.7768,179051.9779,303464.1885,307903.1908,356526.9017,633411.1378
2020-10-22 20:00:00,150744.6972,179142.2868,304367.3418,309592.153,357605.8036,633388.8495
2020-10-23 20:00:00,150721.2792,179809.1225,304984.0353,310643.2624,358348.2465,634636.9942
2020-10-26 20:00:00,149694.2742,177907.295,302440.9982,304902.5879,355378.162,625119.891
2020-10-27 20:00:00,150303.6469,178081.8686,303536.5626,303851.4784,356683.2553,630001.0282
2020-10-28 20:00:00,146852.2476,174855.8863,298527.9484,293466.158,350815.5091,605439.3239
2020-10-29 20:00:00,148668.4549,175023.7872,300007.6399,296448.7932,352571.9113,616026.2654
2020-10-30 20:00:00,145975.7928,174113.3437,297762.0389,293358.3519,349950.4877,600402.1686
2020-11-02 21:00:00,144964.3567,176056.1748,300477.3915,296646.4378,353159.2549,601739.4665
2020-11-03 21:00:00,146390.9742,177924.1671,302666.0317,301884.0172,355749.2813,612148.1016
2020-11-04 21:00:00,148097.4599,180440.9331,312502.8348,308630.882,367329.1049,639473.5548
2020-11-05 21:00:00,148523.9589,183446.7884,319697.7244,314650.0556,375804.6501,656145.2017
2020-11-06 21:00:00,148971.6469,183296.1969,318943.2821,314578.1849,374936.5936,656635.5442
2020-11-09 21:00:00,144429.7346,190720.2227,322218.4235,318531.075,378805.4618,643217.9889
2020-11-10 21:00:00,143536.1925,190151.2636,318383.7914,318063.9153,374316.3434,631694.9389
2020-11-11 21:00:00,145400.8124,191425.4006,321299.852,320426.6655,377763.403,645825.7197
2020-11-12 21:00:00,144213.3734,190825.4575,322392.6352,317318.2564,379067.1144,642794.5112
2020-11-13 21:00:00,144583.8798,191945.0609,324355.1388,321711.3548,381393.5665,648433.4506
2020-11-16 21:00:00,145860.2044,193543.4926,323993.305,325727.1318,380987.1732,653492.8942
2020-11-17 21:00:00,145291.1458,192145.9095,324198.1103,323975.2828,381247.0553,651420.0825
2020-11-18 21:00:00,144491.9274,192328.1177,323549.6326,320076.2957,380503.5277,646605.8102
2020-11-19 21:00:00,145901.9753,191994.6076,322897.7538,321423.8719,379755.925,651665.2538
2020-11-20 21:00:00,144931.3509,191807.9207,322804.3025,319222.8308,379665.006,647207.5942
2020-11-23 21:00:00,144357.3642,192834.7506,324066.5732,321136.389,381168.6039,647229.8825
2020-11-24 21:00:00,145775.947,194357.1703,325389.534,326311.0815,382743.735,656323.508
2020-11-25 21:00:00,146118.8321,194315.3468,326588.7653,325807.9864,384173.4837,660357.69
2020-11-27 18:00:00,146454.4017,194937.8819,328810.1002,326715.3544,386805.6971,666442.3953
2020-11-30 21:00:00,146584.0711,194483.2304,329156.5483,325268.9559,387232.5921,667801.9815
2020-12-01 21:00:00,147300.0266,196375.0437,331721.7535,328826.5571,390269.7611,676360.6878
2020-12-02 21:00:00,148072.4136,195710.6772,330382.4781,329518.3129,388713.6206,677229.9315
2020-12-03 21:00:00,148118.5588,195631.5267,330713.9017,329428.4744,389122.9948,678188.3283
2020-12-04 21:00:00,148690.3304,195947.1841,330751.7096,332267.3683,389186.9364,680952.0772
2020-12-07 21:00:00,149427.0284,195471.1612,330951.6893,331584.5963,389441.7066,684807.9527
2020-12-08 21:00:00,150164.8412,194709.3514,330407.3424,332554.8512,388820.6279,687125.9357
2020-12-09 21:00:00,146833.6572,195088.8558,330219.3433,329572.2159,388618.8331,671568.7038
2020-12-10 21:00:00,148450.6576,194302.6812,327901.3468,329464.4098,385910.3284,674265.5878
2020-12-11 21:00:00,148976.2893,193339.2813,325988.1272,329078.1046,383677.9369,672772.2719
2020-12-14 21:00:00,149455.5144,194548.8711,327267.7885,327604.7547,385203.2426,677653.4091
2020-12-15 21:00:00,149882.165,196032.9648,329791.7224,332033.7884,388193.2428,684897.1059
2020-12-16 21:00:00,150473.7125,196139.8526,330268.9169,332554.8512,388774.3515,688663.8283
2020-12-17 21:00:00,150611.4805,197062.6067,332090.9126,334414.5063,390938.543,693166.0645
2020-12-18 21:00:00,149859.5928,197222.8705,332714.9979,333079.2096,391692.7653,691070.9645
2020-12-21 21:00:00,151030.4027,194969.2907,329485.5027,331888.2877,387910.3876,689778.8658
2020-12-22 21:00:00,151017.9756,195155.6457,330375.6149,331328.9153,388977.7313,691654.4784
2020-12-23 21:00:00,150191.6878,195725.1267,330487.0825,331626.6457,389128.42,688171.1978
2020-12-24 18:00:00,150685.5798,195976.2576,330824.4217,332916.8112,389545.0728,691207.9039
2020-12-28 21:00:00,150856.5658,197458.8525,333746.7846,335776.8282,393005.6263,698174.4651
2020-12-29 21:00:00,150306.287,198340.3219,335235.0959,335136.2566,394777.8469,698799.6693
2020-12-30 21:00:00,149710.3671,198821.637,336546.5918,335614.4298,396342.0229,698821.998
2020-12-31 21:00:00,150095.1943,198736.8686,336475.9979,337319.6134,396278.7034,700541.3095
2021-01-04 21:00:00,147292.2749,199481.7364,338003.5275,332727.3463,398097.5385,690649.6859
2021-01-05 21:00:00,148918.0953,199071.4898,337035.9207,335018.9688,396977.8047,696343.5099
2021-01-06 21:00:00,149260.1084,198171.6037,331572.1983,337021.8829,390562.2076,686697.5022
2021-01-07 21:00:00,151450.122,199556.9335,334649.8911,342029.1683,394206.9807,703310.071
2021-01-08 21:00:00,152229.9107,200352.3424,337183.0339,343977.9497,397210.6532,712353.2032
2021-01-11 21:00:00,151485.12,198545.1129,333910.9206,341659.2608,393375.8765,702059.6626
2021-01-12 21:00:00,151246.2708,198613.8298,333872.9852,341731.4378,393350.8542,700943.2265
2021-01-13 21:00:00,152085.703,198540.9753,334239.1735,342651.6957,393801.9446,705676.9155
2021-01-14 21:00:00,151011.5723,198970.1709,334782.9816,341451.7516,394462.3516,701903.3615
2021-01-15 21:00:00,149993.943,198040.1839,334350.8921,338961.6421,393972.9598,696343.5099
2021-01-19 21:00:00,150983.7942,199369.1748,336971.5862,341623.1722,397080.6795,706503.0782
2021-01-20 21:00:00,152669.1422,200649.1957,340969.7273,346350.7714,401811.8643,722937.0172
2021-01-21 21:00:00,153229.6455,200957.9942,342405.989,346666.5461,403524.5009,728720.1561
2021-01-22 21:00:00,153269.0853,199901.9438,341297.7355,345439.5357,402238.6035,726621.2563
2021-01-25 21:00:00,152870.037,200267.8613,344982.9046,346801.8782,406601.8949,732627.6824
2021-01-26 21:00:00,152704.3787,200789.2696,345827.8236,346260.55,407618.0588,733699.461
2021-01-27 21:00:00,149499.9958,198921.9595,343358.3005,337797.7866,404727.6785,713246.3521
2021-01-28 21:00:00,149828.2662,199900.2211,344598.7765,340702.9144,406210.1046,717466.4805
2021-01-29 21:00:00,147508.7984,198799.7554,342618.968,333882.1797,403896.6337,702372.2647
2021-02-01 21:00:00,149359.123,200815.0406,346795.2597,339439.8153,408840.0532,719922.6398
2021-02-02 21:00:00,150342.733,202646.4582,350112.2829,344239.5916,412770.9637,731667.5474
2021-02-03 21:00:00,148735.5827,203103.706,352456.0692,344510.2557,415554.8499,728764.8136
2021-02-04 21:00:00,149762.1657,203721.1857,354144.6802,348425.8626,417566.5438,737383.7001
2021-02-05 21:00:00,149777.2791,204808.2317,355274.4258,349797.2272,418919.4877,739884.5169
2021-02-08 21:00:00,149949.6057,205637.9106,357208.0124,352323.4253,421220.4096,744841.4931
2021-02-09 21:00:00,150298.1439,205122.1041,356269.2368,352088.8497,420134.4645,744685.192
2021-02-10 21:00:00,149285.6204,206084.2398,357832.4208,351935.4734,421998.8734,742988.2092
2021-02-11 21:00:00,149340.6486,206739.6096,359631.92,352503.868,424142.1584,747074.3652
2021-02-12 21:00:00,150541.3306,206290.0879,358721.7916,354245.1402,423089.9796,751249.8361
2021-02-16 21:00:00,149726.097,207025.8307,359663.4323,353938.3876,424221.7406,749217.9225
2021-02-17 21:00:00,150367.068,206028.6369,356376.1713,354019.5868,420365.6391,745622.9983
2021-02-18 21:00:00,151429.9562,204532.4132,352292.2512,352512.8901,415569.445,742363.005
2021-02-19 21:00:00,150075.7966,205244.583,353885.2607,351890.3628,417469.3624,739125.3404
2021-02-22 21:00:00,148247.5202,203671.4246,348928.4392,349183.722,411642.8007,719967.2973
2021-02-23 21:00:00,150411.1358,202445.6221,342850.9529,349607.7624,404493.5647,717823.74
2021-02-24 21:00:00,152985.5173,201772.0006,339826.3459,353460.2144,400945.3755,723740.8512
2021-02-25 21:00:00,148880.0417,201112.9784,336989.0884,344943.3182,397617.874,698509.3959
2021-02-26 21:00:00,148075.9436,202212.8235,340203.9215,343165.9574,401430.9789,701434.4584
2021-03-01 21:00:00,149973.4857,205015.0639,345969.9665,351484.3666,408254.82,722535.1003
2021-03-02 21:00:00,147255.6786,205157.4246,346669.0062,348741.6374,409100.1203,710946.4938
2021-03-03 21:00:00,143547.5377,204770.3318,345268.9163,344122.3038,407468.3453,690314.7551
2021-03-04 21:00:00,141419.6554,204652.7207,344693.2545,339863.8557,406809.3527,679016.422
2021-03-05 21:00:00,142209.6393,206658.0484,347906.4564,346116.1958,410621.9362,689242.9764
2021-03-08 21:00:00,138431.6264,207218.728,347246.6266,344392.9679,409863.693,669727.6738
2021-03-09 21:00:00,140278.5592,209466.6452,356155.2878,349310.0319,420399.2971,696142.5514
2021-03-10 21:00:00,137876.5022,210765.4398,361289.5483,351484.3666,426480.7059,694155.2952
2021-03-11 21:00:00,138755.306,212193.9797,367233.3192,355048.1103,433518.296,710142.6598
2021-03-12 21:00:00,139491.2738,211406.9125,362296.0356,355526.2835,427711.5172,704381.8496
2021-03-15 20:00:00,140822.6734,211578.7467,362668.4003,357646.4854,428172.5009,711906.6288
2021-03-16 20:00:00,140530.6815,211915.0969,365380.2614,357195.3786,431395.579,715814.1551
2021-03-17 20:00:00,142507.0758,211181.8991,361760.3902,358413.3669,427143.255,718761.5463
2021-03-18 20:00:00,140305.5969,209698.8186,356145.6363,353198.5724,420535.0742,696745.4269
2021-03-19 20:00:00,140842.8376,209547.4241,356002.281,352544.8592,420386.8276,699201.5862
2021-03-22 20:00:00,142264.72,209822.0965,359017.6958,355359.9319,423968.6126,712313.1396
2021-03-23 20:00:00,141162.852,209437.4862,360205.4476,352562.9626,425392.4424,709205.5307
2021-03-24 20:00:00,138199.9446,210190.5605,361686.3063,350770.7298,427162.5642,697244.5901
2021-03-25 20:00:00,138790.4343,209350.1801,359487.9216,352743.9962,424587.563,696037.3176
2021-03-26 20:00:00,141005.7839,210027.3396,359111.9951,358428.4517,424164.7892,706477.9891
2021-03-29 20:00:00,141173.0244,209152.288,358548.5529,358247.4181,423520.4883,706276.777
2021-03-30 20:00:00,141287.3373,208386.1385,356419.5802,357296.9916,421026.9043,702722.0302
2021-03-31 20:00:00,142616.5453,208703.03,358465.5275,358745.2605,423464.7669,713475.6983
2021-04-01 20:00:00,143267.1421,209751.0388,362884.4758,362619.3799,428706.1602,725637.851
2021-04-05 20:00:00,144914.728,211248.4591,365885.0581,367824.0962,432272.4375,740125.1212
2021-04-06 20:00:00,144946.9172,210962.3733,365513.0916,367606.8559,431854.5937,739610.9125
2021-04-07 20:00:00,145505.7145,210863.5173,364953.4296,368032.2849,431214.9445,741399.4644
2021-04-08 20:00:00,145728.952,211542.7316,368159.6966,369779.2593,435024.9071,749134.9512
2021-04-09 20:00:00,147179.9592,211490.7283,366701.9631,372467.6084,433324.1711,753673.4016
2021-04-12 20:00:00,147426.5929,211156.3569,365574.091,372603.3836,432013.0541,752689.6981
2021-04-13 20:00:00,148461.0286,211109.8916,367228.0258,373707.6887,433989.1734,761475.9592
2021-04-14 20:00:00,146550.3707,211099.3361,367511.5547,372431.4017,434345.9467,752331.9877
2021-04-15 20:00:00,147432.1427,212289.3461,370813.2443,376432.2446,438269.7875,763734.0059
2021-04-16 20:00:00,147463.5781,213003.5997,371131.2046,377690.4282,438667.5031,764628.2818
2021-04-19 20:00:00,146819.2975,212482.4678,369311.3036,375834.8336,436538.3605,757630.5726
2021-04-20 20:00:00,146026.2462,211816.8075,368573.5703,373083.1227,435688.1619,752108.4187
2021-04-21 20:00:00,147853.6426,211487.5947,367097.9827,376613.2782,433965.6648,758547.2055
2021-04-22 20:00:00,146279.5137,211395.6926,366538.6481,373173.6395,433326.1445,749403.234
2021-04-23 20:00:00,147774.3109,211667.141,367362.3103,377219.7408,434321.5536,758837.8451
2021-04-26 20:00:00,148580.2551,212001.9376,367711.9322,378007.237,434756.6173,763778.7197
2021-04-27 20:00:00,147799.3553,212174.0935,368016.4503,377925.7719,435138.3958,760469.8987
2021-04-28 20:00:00,147448.3369,212326.1014,367608.5569,377817.1517,434677.8642,757898.8554
2021-04-29 20:00:00,146485.0735,213831.3734,371320.4815,380224.8988,439088.7546,760626.397
2021-04-30 20:00:00,146712.1601,212604.0533,368278.7019,377726.6349,435513.7859,755640.8087
2021-05-03 20:00:00,145454.3876,213668.4161,369447.9675,378541.2862,436918.295,751616.567
2021-05-04 20:00:00,144029.1757,212528.5906,366352.502,376205.9526,433279.367,738090.6434
2021-05-05 20:00:00,142613.2381,213443.5134,368708.9173,376323.6244,436087.9265,735609.0277
2021-05-06 20:00:00,143777.166,213458.5109,368443.9513,379328.7824,435796.3441,741153.5385
2021-05-07 20:00:00,143666.8001,213845.1406,371681.9641,382089.545,439648.0629,747167.5442
2021-05-10 20:00:00,140624.7371,214052.2855,370095.2425,378305.9425,437793.1743,728298.3219
2021-05-11 20:00:00,143174.9194,211572.9701,362964.765,374929.6656,429380.2775,727292.2615
2021-05-12 20:00:00,141727.5581,210040.247,357144.7147,366964.1866,422516.7398,708467.7531
2021-05-13 20:00:00,141366.3078,210863.8754,360789.7068,371372.3551,426850.0397,713945.1932
2021-05-14 20:00:00,142997.8881,212369.4881,364511.2988,377074.9139,431274.395,729706.8065
2021-05-17 20:00:00,142876.2236,211752.2162,362572.1828,376115.4357,429001.6785,725280.1407
2021-05-18 20:00:00,141468.4617,211879.2227,363671.6898,372874.9341,430324.0843,720383.9799
2021-05-19 20:00:00,144169.8168,209291.7609,357231.5215,371897.3526,422725.1021,721211.1852
2021-05-20 20:00:00,146257.6343,209744.8496,358907.9599,375898.1954,424730.0291,735161.8897
2021-05-21 20:00:00,144653.3519,210517.2186,360843.7452,375590.4383,427042.065,731092.9342
2021-05-24 20:00:00,145994.1213,211749.6849,363507.1204,379419.2992,430215.3998,743389.2284
2021-05-25 20:00:00,145488.6823,212325.0879,365238.0996,378577.4929,432285.547,744417.6457
2021-05-26 20:00:00,145686.3461,212644.4528,365976.7056,379328.7824,433181.3545,747011.0459
2021-05-27 20:00:00,145316.7122,213186.9083,365498.3756,379527.9194,432636.8474,744216.4336
2021-05-28 20:00:00,145179.0122,214060.9474,366962.385,380206.7954,434391.4128,746563.9079
2021-06-01 20:00:00,144080.7677,215354.8725,368493.5142,379871.8832,436225.6053,744082.2922
2021-06-02 20:00:00,144220.6157,215693.0488,368818.317,380469.2942,436631.9208,745535.4906
2021-06-03 20:00:00,143982.1491,214394.2534,365548.2317,379057.232,432782.4056,737777.6469
2021-06-04 20:00:00,145549.3549,215386.9788,367712.1665,382524.0257,435365.9854,750297.51
2021-06-07 20:00:00,146211.0501,215350.7259,367102.1105,382152.9068,434665.4561,752533.1998
2021-06-08 20:00:00,145499.4516,215834.7361,369035.9621,382234.3719,436976.9569,752890.9102
2021-06-09 20:00:00,144915.6515,216268.6167,370573.6069,381664.116,438819.537,753069.7654
2021-06-10 20:00:00,146249.143,216929.7157,370984.1356,383438.2454,439327.6109,760917.0367
2021-06-11 20:00:00,146594.1139,217180.0391,371041.887,384071.8631,439417.9677,762906.8007
2021-06-14 20:00:00,147831.2528,217230.6012,371425.6485,384931.7727,439894.4202,770217.5064
2021-06-15 20:00:00,146990.6462,217321.9033,371072.8577,384225.7416,439498.5906,765187.2043
2021-06-16 20:00:00,146232.8193,217377.5936,371596.3961,382080.4933,440140.6442,762392.592
2021-06-17 20:00:00,148544.0689,217114.3852,370422.7412,381953.7698,438772.5052,772073.129
2021-06-18 20:00:00,148035.4313,215330.7929,368741.6404,376800.9122,436803.1493,766014.4095
2021-06-21 20:00:00,148831.9591,216321.6373,369010.6635,382195.1988,437143.6682,770774.7763
2021-06-22 20:00:00,150238.0537,216310.8212,368927.9179,384238.4892,437067.5019,777959.6614
2021-06-23 20:00:00,150291.052,216346.0173,368941.315,383775.3434,437105.2268,778340.1694
2021-06-24 20:00:00,150317.9083,217528.0211,371119.0735,386045.6661,439707.1932,783152.4756
2021-06-25 20:00:00,149817.35,217957.2156,371864.2025,387416.941,440612.0181,782190.0143
2021-06-28 20:00:00,151035.4201,218211.9883,373314.0824,388197.932,442351.9729,791702.7127
2021-06-29 20:00:00,151651.6109,218405.267,373105.4403,388406.8017,442126.8637,794567.7136
2021-06-30 20:00:00,151494.4199,218128.8084,372866.0686,388733.7281,441865.3165,793314.2757
2021-07-01 20:00:00,151696.4935,218535.7538,372479.2196,390885.994,441428.9741,793627.6352
2021-07-02 20:00:00,152560.9965,219154.3935,374582.6252,393873.7386,443943.8132,802737.4428
2021-07-06 20:00:00,152918.4993,219158.5945,375284.5687,393156.3167,444797.9322,806206.7798
2021-07-07 20:00:00,152240.1952,219547.5518,377714.2864,394545.7541,447699.9427,807907.8741
2021-07-08 20:00:00,153572.4544,216646.0621,372138.7783,391330.9773,441113.7487,803028.4194
2021-07-09 20:00:00,154791.1257,217459.7437,371477.0684,395508.371,440351.4483,808042.171
2021-07-12 20:00:00,154702.2789,217428.8983,373104.8847,396925.0523,442303.0904,811198.1486
2021-07-13 20:00:00,154844.0889,216985.2385,372725.9108,395571.94,441875.9449,811198.1486
2021-07-14 20:00:00,154110.4752,217866.0616,375134.3843,396162.2239,444753.3447,812653.0318
2021-07-15 20:00:00,153054.1103,217131.0123,375032.9693,394809.1116,444655.3463,806945.4128
2021-07-16 20:00:00,151399.4397,217764.4318,376023.2656,391712.3915,445851.7173,800409.6295
2021-07-19 20:00:00,151678.4167,215158.5856,372218.9954,385927.6093,441363.2772,793851.4634
2021-07-20 20:00:00,152949.7761,215532.609,373375.8018,391458.1153,442757.0429,803073.185
2021-07-21 20:00:00,154251.9443,216186.8404,373044.9372,394627.4858,442386.8344,809273.2261
2021-07-22 20:00:00,155135.1469,216305.38,373335.8144,395453.8832,442753.8995,814622.72
2021-07-23 20:00:00,156341.8383,217342.6618,374742.994,399522.3014,444444.8678,824135.4183
2021-07-26 20:00:00,156759.4528,217045.2585,374001.64,400503.0808,443587.8448,824784.5201
2021-07-27 20:00:00,155154.9829,216502.8909,373668.3031,398677.7414,443214.6672,815697.0953
2021-07-28 20:00:00,155270.3168,216842.2105,374787.7582,398514.2782,444564.6336,818830.6901
2021-07-29 20:00:00,155683.1329,217330.447,374420.6935,400167.0731,444151.4582,820285.5733
2021-07-30 20:00:00,156590.2728,216002.7251,370274.4359,398223.6769,439255.224,816010.4548
2021-08-02 20:00:00,155864.2177,216913.0558,371992.6786,397388.1981,441315.5319,816077.6032
2021-08-03 20:00:00,156513.5573,217328.5116,372657.664,400621.1376,442126.5067,821024.2064
2021-08-04 20:00:00,156744.6966,216662.4328,372608.5528,398650.4975,442090.3468,822210.4958
2021-08-05 20:00:00,157332.7335,217263.6126,373533.2609,401175.0963,443209.5934,827425.6928
2021-08-06 20:00:00,157145.5314,217444.5568,372302.0435,401838.0306,441770.8737,823799.676
2021-08-09 20:00:00,157180.3037,217423.8563,372870.1291,401511.1041,442467.0484,825321.7077
2021-08-10 20:00:00,156125.4273,217653.9497,373427.8856,402010.5751,443151.0345,821091.3548
2021-08-11 20:00:00,155345.5419,218178.991,374620.5848,403009.517,444588.5815,819681.2372
2021-08-12 20:00:00,156119.4088,218074.6708,374069.9112,404217.3287,443957.2878,822635.7694
2021-08-13 20:00:00,156502.0074,218279.3382,374427.7915,404952.9132,444404.2288,825523.1531
2021-08-16 20:00:00,157000.5511,217622.2798,373363.4093,405906.4488,443163.1454,825881.2782
2021-08-17 20:00:00,156834.028,216301.6823,370430.5273,403245.6306,439704.1236,818606.8619
2021-08-18 20:00:00,155618.8453,215750.1617,369692.8805,398832.1233,438850.516,810728.1094
2021-08-19 20:00:00,157235.5143,214324.5546,367622.8714,399449.6511,436415.2173,814645.1028
2021-08-20 20:00:00,158342.9507,214450.2702,368796.3657,402628.1028,437830.1254,823083.4258
2021-08-23 20:00:00,160219.6598,215368.2388,369891.1447,406169.8062,439151.724,835393.9766
2021-08-24 20:00:00,160391.5987,215670.4637,370586.2092,406814.5778,439998.8939,837945.618
2021-08-25 20:00:00,160447.7957,215780.04,370844.8499,407668.2192,440327.9793,838908.0793
2021-08-26 20:00:00,159753.4024,215620.2416,370054.5387,405261.6771,439411.6084,833580.9682
2021-08-27 20:00:00,161060.3809,216015.3249,370582.5426,408885.1121,440060.5434,841683.5489
2021-08-30 20:00:00,162492.4655,216354.7544,371401.6775,410683.2077,441055.2553,851129.0988
2021-08-31 20:00:00,162236.6715,216310.4475,371646.8176,410074.7612,441368.4224,850435.2314
2021-09-01 20:00:00,162062.4776,216797.8224,372625.9449,410292.7122,442553.304,851845.349
2021-09-02 20:00:00,161384.0286,217521.1584,373978.0538,411555.0116,444181.2788,851442.4582
2021-09-03 20:00:00,162247.6849,216948.7082,373094.2111,411455.1174,443153.7301,854061.2481
2021-09-07 20:00:00,162413.8495,216784.6349,373202.6688,409983.9483,443304.7115,855269.9204
2021-09-08 20:00:00,161954.8628,216509.6935,372920.3026,409484.4773,442991.4712,852293.0054
2021-09-09 20:00:00,161317.5665,216407.6373,373068.1476,407731.7882,443189.2456,849360.856
2021-09-10 20:00:00,159321.0075,217404.1936,374838.7898,404517.0113,445314.8535,842914.604
2021-09-13 20:00:00,158169.7803,218955.1351,377268.6085,405552.2784,448223.7851,842332.6507
2021-09-14 20:00:00,156994.5826,219699.2389,378974.0349,403363.6874,450272.3725,839937.689
2021-09-15 20:00:00,157947.711,219920.7294,379449.9358,406732.8462,450860.3208,846182.4956
2021-09-16 20:00:00,158505.4689,219634.7588,378336.927,406088.0746,449560.3928,846764.4489
2021-09-17 20:00:00,156894.2313,219233.593,377657.9632,402132.4664,448776.0893,836736.9457
2021-09-20 20:00:00,156219.9514,215999.1922,371413.0512,395427.2218,441377.6143,819446.999
2021-09-21 20:00:00,155494.4051,217277.3009,373567.9121,395053.6959,443960.4639,820455.3423
2021-09-22 20:00:00,156477.4452,218484.0277,374651.1136,398907.3895,445269.9745,828118.7515
2021-09-23 20:00:00,157402.3159,219451.1071,375848.8795,403754.1152,446715.7736,835759.753
2021-09-24 20:00:00,158549.6609,218603.2909,373441.8576,404419.1734,443877.2396,836544.0201
2021-09-27 20:00:00,158674.558,218035.8928,370132.1997,403262.1543,439965.5365,829866.5466
2021-09-28 20:00:00,156282.3367,216591.5813,365126.6277,395135.6894,434037.5548,806383.3512
2021-09-29 20:00:00,155461.0028,217304.8544,366417.2144,395800.7476,435593.4179,805061.3011
2021-09-30 20:00:00,154173.9812,218059.2703,368081.6714,390963.1323,437593.8887,802103.494
2021-10-01 20:00:00,154871.4806,218978.2468,368659.6674,395609.4295,438302.9189,807077.9877
2021-10-04 20:00:00,152357.5862,218341.9916,366839.7989,390507.613,436161.1755,790137.82
2021-10-05 20:00:00,153943.8472,219191.932,367924.2026,394570.8454,437472.306,800803.8515
2021-10-06 20:00:00,156415.1169,217252.7312,364395.1972,396210.715,433298.0921,805935.1986
2021-10-07 20:00:00,156463.3373,219045.2311,367588.6236,399636.2204,437117.0232,813329.7162
2021-10-08 20:00:00,155128.2068,219488.6881,368866.5316,398907.3895,438658.4999,809273.9354
2021-10-11 20:00:00,154615.6667,219096.7439,367213.947,396019.3969,436715.1684,803067.0221
2021-10-12 20:00:00,153439.2742,219579.7383,368701.7793,395044.5856,438506.433,800266.0684
2021-10-13 20:00:00,153649.2829,220110.5939,371109.4213,396465.8059,441391.8284,806674.6504
2021-10-14 20:00:00,154875.1544,222062.0617,374915.3546,403134.6089,445940.6164,821530.9085
2021-10-15 20:00:00,155212.4004,223205.1794,376420.2809,406204.8092,447752.9381,826707.0709
2021-10-18 20:00:00,157298.3968,222257.886,375126.116,407407.3802,446235.9132,835020.3013
2021-10-19 20:00:00,157946.8007,223106.6004,376375.7319,410550.4636,447744.7211,841339.2527
2021-10-20 20:00:00,157531.3801,223352.891,376838.071,412163.0021,448317.1169,840241.2789
2021-10-21 20:00:00,158828.6516,223035.632,376005.2155,413238.0277,447348.7003,845372.626
2021-10-22 20:00:00,158034.9317,222808.1269,374680.8069,412809.8395,445795.365,838269.4075
2021-10-25 20:00:00,159011.6188,223347.7128,376154.3862,415023.6635,447570.9199,846851.5295
2021-10-26 20:00:00,158572.8331,224170.0239,378345.1483,415397.1893,450199.9979,849518.0374
2021-10-27 20:00:00,158702.7322,224419.3867,378875.107,413556.8912,450853.1156,851489.9087
2021-10-28 20:00:00,159642.1768,225179.4004,380790.4204,417547.2406,453154.8394,860945.9282
2021-10-29 20:00:00,161856.0469,223979.1596,377391.8188,418394.5065,449133.0342,865180.9702
2021-11-01 20:00:00,162203.8381,224499.5606,377832.3368,419114.2271,449679.7503,868138.7772
2021-11-02 20:00:00,163122.3913,224590.8156,377238.061,420808.759,448994.9529,871768.8131
2021-11-03 20:00:00,164625.8296,224292.7089,377723.4114,423377.888,449595.0746,881023.164
2021-11-04 20:00:00,166182.6016,224600.037,378943.8131,425373.0627,451070.1691,892316.6091
2021-11-05 20:00:00,165592.6534,225762.5323,380618.7035,426848.9453,453086.4036,893168.099
2021-11-08 21:00:00,165326.8554,226290.9194,380676.0637,427213.3608,453177.3392,891958.087
2021-11-09 21:00:00,163678.9017,226482.2837,381823.7504,425801.2509,454566.2663,885818.3966
2021-11-10 21:00:00,162498.3643,225613.2557,378907.0794,422375.7455,451116.6589,872799.5641
2021-11-11 21:00:00,161703.603,226346.5251,381787.015,422512.4013,454567.9892,875219.588
2021-11-12 21:00:00,162904.8794,227008.7274,382921.3312,425701.0366,455941.2712,884429.1236
2021-11-15 21:00:00,162365.9251,227672.6656,384066.3746,425846.8028,457327.4621,884227.455
2021-11-16 21:00:00,163742.2394,227529.7722,383511.8668,427532.2243,456690.0476,890523.9988
2021-11-17 21:00:00,163668.1915,227368.0926,383849.7427,426493.6402,457115.2283,890994.559
2021-11-18 21:00:00,164454.1761,227886.1198,385935.0002,427942.1917,459621.3551,900226.5022
2021-11-19 21:00:00,164645.6623,227816.5083,387596.8142,427176.9192,461623.4395,905245.8111
2021-11-22 21:00:00,162028.1292,228757.4098,389246.8283,425974.3482,463611.6688,894736.633
2021-11-23 21:00:00,161775.8134,228550.273,388038.0819,426539.1922,462195.1744,890658.4445
2021-11-24 21:00:00,163336.6137,227538.1234,385529.2538,427677.9905,459229.9995,893526.6211
2021-11-26 18:00:00,161299.7279,224133.8382,382957.5718,418139.4157,456189.6565,876586.4534
2021-11-29 21:00:00,162823.4665,226632.704,387568.7647,423268.5634,461705.4465,895610.5306
2021-11-30 21:00:00,160798.2024,225353.0877,386647.59,415032.7738,460631.1488,882457.2523
2021-12-01 21:00:00,156178.6371,228369.2169,391272.1129,410422.9182,466163.5883,867444.1407
2021-12-02 21:00:00,158014.8514,228509.8756,389473.6722,416709.085,464044.225,873695.8692
2021-12-03 21:00:00,154632.652,229392.7061,391032.4304,413083.1511,465924.633,858503.4967
2021-12-06 21:00:00,155677.0626,230726.9746,391482.3667,417975.4287,466484.0393,865382.6388
2021-12-07 21:00:00,157586.5718,233546.7834,398345.6649,426621.1857,474685.5583,891442.7116
2021-12-08 21:00:00,158136.6961,233739.5867,398696.2272,427750.8736,475127.0374,895431.2695
2021-12-09 21:00:00,156271.206,233030.9424,397479.0364,424862.881,473700.2652,882255.5836
2021-12-10 21:00:00,156815.0167,234483.3857,400366.5853,428862.3408,477165.2203,891846.0489
2021-12-13 21:00:00,154530.041,234222.6033,400376.7446,425063.3095,477201.1866,878961.6621
2021-12-14 21:00:00,154881.4083,232433.7783,395294.0922,422138.8754,471167.133,869864.1647
2021-12-15 21:00:00,158502.5745,232477.3355,395029.9417,428734.7954,470875.8395,889694.9165
2021-12-16 21:00:00,154019.2451,233453.7157,396034.9499,424953.9849,472097.3535,866816.7271
2021-12-17 21:00:00,154658.4812,231761.2467,392391.0045,420431.6601,467777.1575,862492.0547
2021-12-20 21:00:00,155156.1548,228997.9757,387299.7678,415961.0253,461731.1813,854126.5233
2021-12-21 21:00:00,157089.8671,230868.9216,391054.8181,423348.0865,466230.9651,873242.2289
2021-12-22 21:00:00,159121.8785,230732.7351,390723.796,427581.0188,465859.6191,883877.0229
2021-12-23 21:00:00,160122.5038,231254.0115,391170.4108,430241.4579,466415.4105,890540.5964
2021-12-27 21:00:00,162221.3727,231974.6385,392451.7314,436330.2979,467966.5249,905258.7923
2021-12-28 21:00:00,161054.2511,232225.5095,393424.2292,435973.7442,469149.5472,901063.209
2021-12-29 21:00:00,160913.9502,232296.6846,393669.0548,436531.4308,469464.9537,900928.5913
2021-12-30 21:00:00,160464.9895,232528.3226,393551.334,435324.6336,469348.0405,898236.2384
2021-12-31 21:00:00,159710.2627,232252.9922,392902.5248,434227.5453,468597.7401,892627.1699
2022-01-03 21:00:00,160746.8152,232969.9819,394087.7083,436741.706,470034.6868,901220.2629
2022-01-04 21:00:00,158432.9178,233714.2386,394617.4191,436595.4276,470689.9831,889530.964
2022-01-05 21:00:00,154140.9656,233555.732,393104.6973,428211.8446,468909.1801,862203.582
2022-01-06 21:00:00,154814.6025,233354.5688,391080.0843,427809.5788,466517.5956,861597.8026
2022-01-07 21:00:00,153137.7668,233372.8222,391040.1626,426118.2344,466493.2991,852264.3125
2022-01-10 21:00:00,155424.1096,231683.7974,385502.8534,425587.9751,459910.8633,852825.2194
2022-01-11 21:00:00,158000.5289,231537.8345,384875.0657,429464.3537,459184.8984,865636.332
2022-01-12 21:00:00,157504.6591,232462.7597,387579.1357,430625.4388,462434.0165,869069.0819
2022-01-13 21:00:00,152893.468,233033.5026,389240.7505,424692.0196,464439.6681,847328.3322
2022-01-14 21:00:00,154982.2099,231301.1765,386345.7346,424865.7253,461008.5749,852600.8567
2022-01-18 21:00:00,153503.7662,228860.7301,380317.8826,417341.5281,453838.867,831376.1412
2022-01-19 21:00:00,151210.1632,229701.5801,381807.6166,413008.0293,455639.2803,822244.5776
2022-01-20 21:00:00,147950.7272,230707.0361,385111.9444,408436.8281,459605.3611,811564.9111
2022-01-21 21:00:00,144757.3446,230024.1653,382654.5976,400418.9412,456695.6623,789061.3281
2022-01-24 21:00:00,148065.2884,226872.0081,375780.7804,402119.428,448514.643,792673.5682
2022-01-25 21:00:00,147391.5977,223430.5561,368710.1188,397209.9579,440097.8525,774298.2596
2022-01-26 21:00:00,143831.7684,227096.3438,377206.7065,396213.4361,450261.5101,773086.7008
2022-01-27 21:00:00,140343.5814,229574.0463,382650.485,394256.962,456782.1153,765301.3137
2022-01-28 21:00:00,143857.5241,230339.8102,384975.9421,404048.475,459580.9269,789308.1271
2022-01-31 21:00:00,147866.3996,230062.4864,386477.775,411325.8273,461396.781,814548.9356
2022-02-01 21:00:00,148272.7888,230424.2704,388002.0203,414105.1176,463239.5722,820090.6953
2022-02-02 21:00:00,147740.1254,231709.9827,392525.8699,418127.7747,468663.8044,826754.2688
2022-02-03 21:00:00,145668.4311,228445.7939,381928.5295,408299.6921,456034.3394,793234.4751
2022-02-04 21:00:00,147257.1534,228250.2237,382535.9881,410219.5966,456782.4653,803241.0534
2022-02-07 21:00:00,145784.1981,228645.765,383254.1308,408903.0906,457662.8315,796779.4064
2022-02-08 21:00:00,147927.2155,228327.604,381907.5596,412267.4947,456077.7069,805731.4798
2022-02-09 21:00:00,149107.1077,230518.7536,386876.0629,418301.4803,462033.9456,822805.4845
2022-02-10 21:00:00,148676.5358,227413.7601,379176.7973,410786.4255,452862.0559,804183.3769
2022-02-11 21:00:00,143936.7693,227392.2668,379200.1537,402686.257,452912.5943,778673.3331
2022-02-14 21:00:00,144365.8201,227081.4659,378503.7774,401369.7511,452103.4956,779638.0929
2022-02-15 21:00:00,145667.56,229573.5838,384410.3769,407842.572,459181.2331,799023.0338
2022-02-16 21:00:00,146545.2557,228450.5182,381973.2774,408299.6921,456293.0575,798821.1074
2022-02-17 21:00:00,143521.5168,226689.6537,378381.6278,399577.8402,452025.4026,775061.093
2022-02-18 21:00:00,141488.3008,226911.7205,379403.2719,396990.5403,453268.4888,766221.2009
2022-02-22 21:00:00,141330.7247,225708.9355,375973.6606,392730.1808,449193.8372,758525.5589
2022-02-23 21:00:00,136360.2553,227315.9743,379658.1046,385763.6701,453618.2796,739095.7454
2022-02-24 21:00:00,145690.3086,221405.5448,367249.696,391569.0957,438815.3031,763932.7009
2022-02-25 21:00:00,147569.5076,222087.1746,368158.9224,400208.6659,439923.6504,775779.0537
2022-02-28 21:00:00,149458.4663,219275.5649,364552.3039,399184.7169,435635.9947,778089.99
2022-03-01 21:00:00,147652.2165,218506.2792,363325.2091,393105.0193,434191.4117,766176.3284
2022-03-02 21:00:00,149457.0721,219674.3263,364924.2331,400336.6596,436124.0333,779032.3135
2022-03-03 21:00:00,146215.4854,221017.8396,367649.0669,398343.6158,439402.3114,767903.9215
2022-03-04 21:00:00,145047.0517,218967.6073,365203.0362,395107.2054,436500.8644,756775.5295
2022-03-07 21:00:00,139661.3169,218657.7236,365260.5668,383459.7847,436591.4516,728864.8043
2022-03-08 21:00:00,139447.3196,218876.172,364084.2099,380552.5007,435207.1963,725476.9269
2022-03-09 21:00:00,140827.7154,223550.3614,373456.6421,390755.4218,446432.2713,751592.7501
2022-03-10 21:00:00,141042.0811,220929.2395,368711.0934,388990.9382,440781.736,743246.4561
2022-03-11 21:00:00,136858.1921,222330.5451,372065.1172,384044.8985,444813.398,727832.7357
2022-03-14 20:00:00,134696.402,222801.0645,370739.0101,381238.1809,443250.2436,713854.9369
2022-03-15 20:00:00,137668.4695,224211.1494,374076.3155,389621.7639,447262.4406,736246.3386
2022-03-16 20:00:00,140958.7368,226199.1466,378856.8233,398261.3342,453000.5935,763551.2843
2022-03-17 20:00:00,143437.9466,225102.5875,376778.392,403243.9435,450538.055,772795.0293
2022-03-18 20:00:00,147268.8595,224121.7423,374451.4518,407660.6512,447778.1104,788612.6026
2022-03-21 20:00:00,147194.2193,224075.243,373562.0257,407541.4307,446736.9021,786419.4356
2022-03-22 20:00:00,149878.387,224870.809,374044.8734,412310.2496,447336.6689,801874.6622
2022-03-23 20:00:00,149023.7157,223514.1118,370746.3626,407000.3532,443414.202,790350.6343
2022-03-24 20:00:00,151501.7484,224520.2829,372751.0553,413135.6221,445833.9936,807917.4761
2022-03-25 20:00:00,151393.057,224808.0917,372670.2321,415153.1993,445759.6156,807243.5563
2022-03-28 20:00:00,153749.2921,224474.0581,372599.7452,418106.1988,445697.5925,819733.5359
2022-03-29 20:00:00,154654.1005,227338.2451,376757.3038,423278.5331,450693.0795,833840.923
2022-03-30 20:00:00,153654.2977,226706.2603,374982.5185,420664.8535,448592.5406,824630.6862
2022-03-31 20:00:00,151692.5136,226309.4205,375086.3494,414190.2648,448739.1834,814409.5698
2022-04-01 20:00:00,151308.5726,227129.9039,375284.8625,415364.1279,448999.114,812859.5544
2022-04-04 20:00:00,154050.1001,227258.9616,376158.0285,418922.4005,450066.2392,829595.2285
2022-04-05 20:00:00,151273.1741,226466.5203,374519.6938,413630.8456,448128.5047,811174.7549
2022-04-06 20:00:00,150325.1268,224366.4208,368661.738,409494.8123,441141.6217,793562.9851
2022-04-07 20:00:00,151158.6082,223928.0963,367464.0382,411558.2435,439730.5079,795449.9605
2022-04-08 20:00:00,149795.2523,223552.6431,365588.1089,410457.7469,437507.6398,784330.2844
2022-04-11 20:00:00,148106.2808,221813.2617,360973.1467,403442.0806,432006.6845,765775.0269
2022-04-12 20:00:00,145421.2236,223365.2305,366048.4737,401947.2393,438102.3522,762540.212
2022-04-13 20:00:00,148256.3679,223185.8847,366310.5442,406550.9837,438437.9145,778040.3666
2022-04-14 20:00:00,144842.0418,223240.1744,366334.5339,401488.699,438488.5497,760248.8848
2022-04-18 20:00:00,145384.2731,222688.4916,365212.1153,401653.7735,437166.9815,760832.9486
2022-04-19 20:00:00,148929.8858,222626.5116,364449.8222,408137.5331,436276.3582,777838.1907
2022-04-20 20:00:00,146327.7673,223570.8374,365484.132,407834.8965,437536.3257,766493.8746
2022-04-21 20:00:00,141648.7471,225505.2394,369707.5774,401736.3107,442614.2655,750634.2962
2022-04-22 20:00:00,137915.9623,224917.4087,369733.3485,390713.0024,442667.2494,730978.3031
2022-04-25 20:00:00,140422.982,223670.817,367760.5245,392978.1914,440327.398,740368.2518
2022-04-26 20:00:00,136027.8767,222307.7224,365276.1168,381597.2216,437374.7809,712423.0456
2022-04-27 20:00:00,135798.135,222980.4664,365419.1025,382670.2059,437567.8579,711569.4139
2022-04-28 20:00:00,138351.7436,225587.7761,371376.5575,392336.235,444723.4379,736841.4051
2022-04-29 20:00:00,133915.6549,223335.4363,366376.2599,377837.1913,438757.8176,703684.5527
2022-05-02 20:00:00,136301.4565,223329.6903,365936.8862,380111.5511,438253.5787,715433.2206
2022-05-03 20:00:00,136435.8687,223550.216,365930.0794,381854.0042,438267.3395,716196.9963
2022-05-04 20:00:00,140786.1098,223941.7059,366577.486,393482.5857,439064.6391,740413.1798
2022-05-05 20:00:00,135514.096,221592.2372,361621.0381,379497.1071,433150.0548,703122.9529
2022-05-06 20:00:00,134649.5259,220162.1019,359546.454,377231.9181,430686.7733,694698.9559
2022-05-09 20:00:00,131795.1802,216864.7727,352924.6808,365153.9671,422776.342,667517.5254
2022-05-10 20:00:00,130114.2729,220301.5875,361791.0212,365997.6813,433418.6676,675627.0266
2022-05-11 20:00:00,127213.239,219683.3617,359030.2679,360183.3905,430133.0094,655589.1456
2022-05-12 20:00:00,128830.8959,217899.2489,353648.5145,359807.3875,423706.9543,654039.1302
2022-05-13 20:00:00,131520.8644,220326.4885,359218.2721,368409.6031,430401.2768,678277.7776
2022-05-16 20:00:00,130760.6373,219394.063,357082.6437,366914.7618,427863.9704,670415.3804
2022-05-17 20:00:00,131479.8792,222903.5759,364291.633,374462.3348,436523.327,687780.0463
2022-05-18 20:00:00,126968.0903,220272.0909,358681.1962,359367.1888,429822.2798,654016.6662
2022-05-19 20:00:00,127080.2355,218439.8105,356408.7228,357166.1954,427120.5735,650512.2834
2022-05-20 20:00:00,125178.8443,220414.3991,360661.7024,357322.0991,432238.7045,648490.5241
2022-05-23 20:00:00,126674.7315,222213.6242,362292.8083,364007.6164,434215.132,659273.2403
2022-05-24 20:00:00,126255.2038,219739.1961,355731.9927,361228.8623,426373.5748,645255.7092
2022-05-25 20:00:00,128714.9511,218874.6689,353782.2262,364420.3027,424057.9406,654286.2341
2022-05-26 20:00:00,132721.435,219585.2839,352574.1691,371701.9223,422631.1165,672414.6757
2022-05-27 20:00:00,135597.091,221015.416,356325.7494,380826.8739,427149.2723,694361.996
2022-05-31 20:00:00,135221.8408,220025.055,356330.9888,378690.0762,427176.9106,692519.9486
2022-06-01 20:00:00,133186.7085,221223.5975,359064.1381,375627.0271,430474.825,687398.1584
2022-06-02 20:00:00,136945.9399,221207.1352,357708.495,382780.2555,428871.0952,704201.2245
2022-06-03 20:00:00,135671.8131,218588.5876,352646.9973,376498.2537,422824.1058,687847.4383
2022-06-06 20:00:00,134110.9023,220824.5618,357904.098,377644.6044,429148.516,690138.7655
2022-06-07 20:00:00,136801.7791,218850.8263,353855.3839,381267.0726,424315.322,696091.7234
2022-06-08 20:00:00,136175.2054,217887.0767,352889.8744,377121.8685,423178.7753,691082.2531
2022-06-09 20:00:00,133266.1269,216890.6516,350899.2401,368152.8206,420812.8038,672571.9237
2022-06-10 20:00:00,131094.4167,213335.5597,344095.768,357478.0028,412674.8407,648849.948
2022-06-13 20:00:00,129095.6169,207961.4027,333142.4077,343905.2105,399559.0845,618680.8066
2022-06-14 20:00:00,128284.7556,208971.4019,335823.211,342868.9095,402794.322,619804.0062
2022-06-15 20:00:00,129783.6862,210894.8904,340200.3229,347756.9489,408064.4735,635281.6968
2022-06-16 20:00:00,127808.5655,206068.0225,331485.8294,336247.5878,397631.9906,609650.2818
2022-06-17 20:00:00,128914.4925,206259.1443,332605.1916,336972.3076,398994.597,617063.3992
2022-06-21 20:00:00,129962.2973,209653.9733,338214.4839,345455.1014,405743.4775,632632.4941
2022-06-22 20:00:00,130959.0267,207189.5995,335117.2078,344828.7931,402048.0766,631709.6988
2022-06-23 20:00:00,131724.7847,208452.0733,338097.3672,348209.016,405643.5469,641117.7101
2022-06-24 20:00:00,134788.2689,210299.7777,341700.6026,359279.937,409986.9305,663084.7413
2022-06-27 20:00:00,133155.9836,210849.9471,343318.8927,357907.5849,411949.1232,658223.1852
2022-06-28 20:00:00,128858.9562,211767.2551,343923.9152,350594.514,412695.6885,638169.2664
2022-06-29 20:00:00,129020.7305,212040.3953,343773.2929,350308.991,412535.5823,638754.4537
2022-06-30 20:00:00,128775.3521,209760.7593,340122.1371,347462.9723,408174.741,630831.9178
2022-07-01 20:00:00,130269.6302,209388.8544,338406.2192,351137.9285,406135.9061,634995.7506
2022-07-05 20:00:00,134311.9554,206500.4141,333807.3269,351801.0786,400636.8838,645866.7302
2022-07-06 20:00:00,134982.9928,206549.5588,334244.3055,352989.2223,401181.3792,650008.0557
2022-07-07 20:00:00,137460.1358,207547.0531,335211.3456,358276.0015,402362.1416,663917.5079
2022-07-08 20:00:00,139030.2883,206560.2724,331808.1527,357981.2682,398297.3264,664750.2744
2022-07-11 20:00:00,137181.7503,205083.1311,329061.6019,353891.8432,395020.3245,650548.2286
2022-07-12 20:00:00,135284.2938,204768.6389,330411.3055,350760.3015,396660.3203,644246.2115
2022-07-13 20:00:00,137746.6258,201672.0575,323803.6427,348918.2181,388747.6232,642918.2864
2022-07-14 20:00:00,139461.997,199085.3755,320930.8616,348070.8598,385318.0975,645214.0213
2022-07-15 20:00:00,140451.1811,201556.679,324418.8915,354720.7807,389525.1846,656917.7674
2022-07-18 20:00:00,137908.8698,203189.9111,327570.4982,351791.8681,393328.7504,651358.488
2022-07-19 20:00:00,140348.6687,205424.7089,331742.1322,361297.0182,398357.4871,671389.8997
2022-07-20 20:00:00,142376.1667,205534.8845,332170.3888,363599.6224,398891.6573,682035.8072
2022-07-21 20:00:00,144174.9591,205196.6016,332701.8619,367302.21,399549.8292,691826.441
2022-07-22 20:00:00,142097.2852,205253.2331,331613.671,363894.3558,398262.9715,679695.058
2022-07-25 20:00:00,141266.8234,205570.2617,331630.0331,364336.4558,398302.5354,675823.8189
2022-07-26 20:00:00,139347.2305,204660.9349,329559.1943,360025.9807,395835.2802,662544.5684
2022-07-27 20:00:00,142946.6013,206504.1637,334804.5576,369374.5537,402155.3054,690543.5304
2022-07-28 20:00:00,144440.7686,206905.7758,334547.7437,374007.3934,401866.9374,697295.6916
2022-07-29 20:00:00,146283.865,207725.9681,336323.5641,379459.9601,404020.1898,710012.262
2022-08-01 20:00:00,147018.0432,206288.6916,334409.0242,378336.2892,401740.4842,709584.6251
2022-08-02 20:00:00,147710.9125,205404.5492,331814.7863,375840.2663,398643.9974,707468.9479
2022-08-03 20:00:00,150914.6337,206572.1613,333582.2028,381725.7226,400787.3129,726735.1147
2022-08-04 20:00:00,151612.8426,206462.1477,333565.5236,381467.8309,400787.3129,730133.7025
2022-08-05 20:00:00,152826.0308,204213.5769,328181.3607,380823.1018,394338.1459,724169.2934
2022-08-08 20:00:00,151885.3683,205082.5114,329113.5411,380381.0018,395477.9578,721828.5442
2022-08-09 20:00:00,151105.7179,204729.6172,327034.4175,378870.4934,392999.3613,713658.4291
2022-08-10 20:00:00,151698.6012,208382.4656,334815.4046,386828.2935,402369.4734,733577.3047
2022-08-11 20:00:00,149686.3517,209865.4898,337356.5455,386828.2935,405443.4463,729413.472
2022-08-12 20:00:00,151582.982,210909.3458,339588.1661,393376.8998,408145.7354,743615.5178
2022-08-15 20:00:00,153203.8435,209718.5771,338676.9656,394997.9332,407070.985,749624.9413
2022-08-16 20:00:00,153325.3914,209101.7138,337582.1552,395771.6082,405775.4369,747869.3794
2022-08-17 20:00:00,153070.7417,207261.5579,334253.2566,392962.4311,401794.373,739339.149
2022-08-18 20:00:00,153440.5574,207314.3472,334216.193,394104.5227,401769.9099,741117.2181
2022-08-19 20:00:00,151852.4787,205840.7799,331093.6102,388808.5331,398036.2609,726667.5931
2022-08-22 20:00:00,149979.353,203343.6637,326370.0008,380712.5768,392377.5035,707536.4695
2022-08-23 20:00:00,150000.5089,203141.6396,326021.4569,379791.5351,391978.0862,706951.2822
2022-08-24 20:00:00,150696.2708,203008.3216,325423.9014,381007.3101,391279.2396,708999.4378
2022-08-25 20:00:00,151395.2599,203783.3703,323889.0335,386386.1935,389453.3278,708999.4378
2022-08-26 20:00:00,145277.4404,203748.8929,329383.9188,373307.4017,396080.0058,691961.4843
2022-08-29 20:00:00,145222.468,202190.3928,326228.3171,370839.01,392305.2386,685141.8014
2022-08-30 20:00:00,142823.7763,202792.9358,327980.268,366768.0058,394431.659,677511.8592
2022-08-31 20:00:00,140663.8199,203653.633,331047.3324,363977.2495,398139.8565,673573.0985
2022-09-01 20:00:00,141979.9115,202458.1591,328088.3337,365119.3412,394601.072,673865.6921
2022-09-02 20:00:00,138573.6704,204429.6155,331370.3457,361269.387,398568.1703,664345.1448
2022-09-06 20:00:00,137366.6856,204883.2487,331847.7399,359906.2453,399162.3025,659573.6175
2022-09-07 20:00:00,139910.4048,204668.5198,332363.3721,366371.9579,399802.4877,672897.8823
2022-09-08 20:00:00,141829.0416,203459.4386,329534.1663,368766.6662,396419.2042,676386.499
2022-09-09 20:00:00,143798.1068,204663.782,332094.574,374495.5454,399519.1147,691173.7321
2022-09-12 20:00:00,144811.5548,205760.9278,333656.8487,378520.4976,401418.5511,699388.8616
2022-09-13 20:00:00,141039.2331,201079.3756,323761.6725,362061.4828,389533.8543,661036.5858
2022-09-14 20:00:00,141596.625,201795.6831,325013.1927,363443.0453,391059.0976,666280.7643
2022-09-15 20:00:00,140183.307,200911.1113,322790.1505,359316.7786,388403.864,655184.7127
2022-09-16 20:00:00,141004.862,198654.9306,318915.1661,356575.9685,383760.6299,651178.4303
2022-09-19 20:00:00,143467.5166,196949.8668,315849.861,359341.1987,380091.24,656248.4384
2022-09-20 20:00:00,143604.5866,195191.2687,313001.6749,355216.4741,376682.7599,651017.3909
2022-09-21 20:00:00,140553.8021,196182.6464,314037.5665,349020.1389,377948.2407,639360.2721
2022-09-22 20:00:00,139703.731,195710.1791,312028.3972,346088.44,375549.0771,631491.1532
2022-09-23 20:00:00,138649.9366,193796.7406,309249.8065,340289.7801,372223.6166,621209.4391
2022-09-26 20:00:00,138335.431,192975.9433,308639.4385,336923.4129,371507.5681,618639.0106
2022-09-27 20:00:00,136650.665,194926.194,312538.6665,336063.3246,376219.6224,618887.0344
2022-09-28 20:00:00,139382.4225,195485.0584,312477.4933,342675.8315,376164.7959,631198.0341
2022-09-29 20:00:00,137334.5524,193523.2298,307963.4615,335517.6772,370749.5493,613002.106
2022-09-30 20:00:00,135377.4145,193022.7976,307087.1658,330329.4025,369713.1361,602607.6538
2022-10-03 20:00:00,137558.3704,195142.3525,309277.9304,339050.513,372369.1611,616745.0106
2022-10-04 20:00:00,139019.9644,198241.1613,315616.9503,349556.538,380019.9295,636135.9626
2022-10-05 20:00:00,140876.6054,195792.3747,311260.6393,348742.691,374793.6957,635797.7483
2022-10-06 20:00:00,140212.9694,195034.9094,310240.5824,345145.1173,373584.1693,630792.177
2022-10-07 20:00:00,137257.6506,192861.5871,304813.3817,335517.6772,367067.5452,606756.4156
2022-10-10 20:00:00,135777.8036,193495.1881,305024.6838,332955.9087,367340.3565,600691.1062
2022-10-11 20:00:00,134816.6036,192561.0877,302948.5324,330847.3051,364858.4202,592438.6778
2022-10-12 20:00:00,134390.2878,192750.62,303775.0688,329756.0103,365872.1087,592235.7493
2022-10-13 20:00:00,141561.5127,188886.6187,295120.5754,338458.6243,355466.7761,606125.0823
2022-10-14 20:00:00,136069.4153,190203.6181,297773.5635,330745.5743,358680.0202,587906.6065
2022-10-17 20:00:00,137301.3675,193576.6402,304816.4359,339244.7265,367181.3722,607320.1061
2022-10-18 20:00:00,134650.753,197920.6152,313243.4844,343230.7272,377350.9398,612122.7488
2022-10-19 20:00:00,135023.4168,196764.1416,311208.6086,340798.4344,374918.4802,609890.5346
2022-10-20 20:00:00,134851.294,196524.7007,309984.9849,337940.7217,373463.1051,606778.9632
2022-10-21 20:00:00,138650.5538,196353.5286,308529.6238,346153.1778,371728.3911,621006.5105
2022-10-24 20:00:00,139940.3133,197209.3053,309018.2941,350388.8816,372335.7463,627838.439
2022-10-25 20:00:00,142271.1615,197121.3669,310212.5036,355984.0798,373793.2646,640825.8673
2022-10-26 20:00:00,142064.6884,195457.3956,303768.1141,353302.0839,366046.731,626665.9628
2022-10-27 20:00:00,139853.6015,195995.0794,302922.2714,351415.4386,365045.7756,615256.8678
2022-10-28 20:00:00,144512.8493,195938.8574,302096.7274,359775.8669,364069.1808,634084.1293
2022-10-31 20:00:00,143946.2792,194654.7678,299729.0451,357177.1055,361233.9931,626711.058
2022-11-01 20:00:00,140561.6685,196620.7651,303779.4607,355614.1493,366133.6231,620307.5344
2022-11-02 20:00:00,135731.6463,196324.5832,303775.3139,346689.577,366146.9317,599045.1301
2022-11-03 20:00:00,134531.7847,194497.4802,300467.1678,343119.7481,362177.8593,587342.916
2022-11-04 20:00:00,133983.3874,197627.9399,306519.3919,348058.3197,369491.2131,596790.3682
2022-11-07 21:00:00,134884.059,198326.9671,307789.5296,351387.6938,371040.7644,603351.7252
2022-11-08 21:00:00,135042.6569,198891.2306,309637.5096,353283.5874,373287.0593,607748.5108
2022-11-09 21:00:00,132846.242,197819.1444,307462.3538,346005.2056,370683.4395,593723.8921
2022-11-10 21:00:00,135970.3159,205195.8128,322532.8595,365019.6312,388871.3099,637533.915
2022-11-11 21:00:00,138508.1205,205658.6539,322425.4768,368552.4671,388761.2844,649281.2242
2022-11-14 21:00:00,138239.658,204714.2861,320192.3725,365417.3064,386088.1793,643599.2244
2022-11-15 21:00:00,136790.9769,207797.1469,328028.6142,368533.9705,395556.4293,652505.5337
2022-11-16 21:00:00,135979.0081,206921.1311,325450.4633,365722.4991,392467.3193,643599.2244
2022-11-17 21:00:00,137879.7012,204315.441,320223.6085,364603.4594,386183.7723,642178.7244
2022-11-18 21:00:00,136378.7992,206088.0101,323726.7852,366258.8982,390427.848,642201.272
2022-11-21 21:00:00,135640.5461,205396.0016,322107.991,364927.1486,388495.0369,635594.8198
2022-11-22 21:00:00,137164.0135,206463.2293,323086.0108,369837.9754,389694.0531,644749.1529
2022-11-23 21:00:00,138514.4551,206277.3685,323115.0512,372168.5373,389748.5653,651220.3194
2022-11-25 18:00:00,138324.3219,205980.0029,321398.4077,372085.3029,387697.3991,646936.2719
2022-11-28 21:00:00,137307.1364,204269.9709,318996.3814,366147.9191,384819.2608,637443.7245
2022-11-29 21:00:00,136183.8345,204306.1929,319160.9679,365519.0373,385037.0496,632618.5341
2022-11-30 21:00:00,142263.3724,204358.0092,319418.0206,377033.1228,385366.4109,661456.9383
2022-12-01 21:00:00,142198.1609,204914.2271,319924.6862,376755.675,385996.9531,662268.6525
2022-12-02 21:00:00,144187.247,202268.2345,314222.9796,376321.0067,379137.0046,659630.5812
2022-12-05 21:00:00,142888.3934,200766.8707,311726.1367,369551.2793,376143.3061,648559.7004
2022-12-06 21:00:00,140032.5294,200711.6135,311461.2909,364224.2807,375842.5379,635121.3198
2022-12-07 21:00:00,140080.4581,200222.5161,310052.5013,363604.6472,374161.3337,632528.3436
2022-12-08 21:00:00,141052.4469,201159.7373,311529.0704,366453.1117,375961.9176,640014.153
2022-12-09 21:00:00,140626.5451,200515.09,310448.9063,363715.6263,374677.1438,635933.034
2022-12-12 21:00:00,142308.8862,200918.0454,310598.4928,368959.3906,374876.4119,643914.891
2022-12-13 21:00:00,138515.3773,206533.4026,322503.1236,371752.3655,389263.4329,650837.0099
2022-12-14 21:00:00,137753.56,206327.8308,321850.1483,369375.5623,388494.7506,646011.8195
2022-12-15 21:00:00,135106.7618,203729.3761,317104.7649,360340.0109,382786.1788,624321.0105
2022-12-16 21:00:00,134243.3512,202207.116,316069.6485,356086.152,381555.7996,618368.4392
2022-12-19 21:00:00,132226.7879,202270.8674,316348.8895,353066.6618,381911.9741,609679.0046
2022-12-20 21:00:00,132707.6259,201866.8787,314925.774,353549.7802,380213.0144,609204.3703
2022-12-21 21:00:00,134108.5997,203342.1148,316125.1453,358836.2107,381680.038,618041.6082
2022-12-22 21:00:00,132433.7286,201699.8617,312259.6527,353717.0135,377032.0419,602921.1168
2022-12-23 21:00:00,133354.8913,201128.2043,310769.1291,355751.6853,375251.1888,604277.2147
2022-12-27 21:00:00,131723.9556,201070.8743,310137.5387,354348.7838,374507.3112,595733.7981
2022-12-28 21:00:00,130170.8554,201060.8207,309663.1441,349944.9735,373953.1802,587868.4304
2022-12-29 21:00:00,131861.9479,202630.8134,313112.1736,356244.0945,378136.9701,602197.8646
2022-12-30 21:00:00,133206.0918,201156.8613,309735.5331,355305.7299,374078.001,601836.2385
2023-01-03 21:00:00,131083.0035,202214.5765,312593.1377,353809.9209,377547.9298,597767.9449
2023-01-04 21:00:00,130604.6095,203478.8605,315201.3615,356541.3982,380717.0028,600615.7504
2023-01-05 21:00:00,129435.1921,202408.238,313038.7117,352472.0545,378123.875,591213.4718
2023-01-06 21:00:00,132132.4558,204084.0526,315081.4227,360554.9974,380610.2006,607531.8496
2023-01-09 21:00:00,131974.6176,205204.4934,317468.6334,360350.6011,383512.9198,611464.5335
2023-01-10 21:00:00,133628.4775,204860.9201,316161.9508,362877.6821,381953.5784,616640.307
2023-01-11 21:00:00,135303.7305,205674.1489,317617.8492,367467.3072,383731.5392,627308.277
2023-01-12 21:00:00,135749.4048,206241.0757,318254.255,368805.1736,384519.6026,630698.5217
2023-01-13 21:00:00,137942.1809,204511.0489,315318.6831,370235.9474,380992.0262,635038.0349
2023-01-17 21:00:00,138338.2212,204459.7672,315022.3546,369557.7234,380653.0291,636326.3279
2023-01-18 21:00:00,135679.8747,205050.9418,316987.1021,363723.1394,383046.138,628054.1308
2023-01-19 21:00:00,135245.4351,203851.7301,314849.4879,361075.2788,380482.2046,621883.8855
2023-01-20 21:00:00,138206.533,204528.6664,316504.3987,367801.7738,382501.1179,638902.9139
2023-01-23 21:00:00,140791.8478,204936.9208,317563.4434,372214.8748,383800.1171,653096.7383
2023-01-24 21:00:00,141235.4205,204031.4849,315888.094,371815.373,381794.5171,651763.2421
2023-01-25 21:00:00,143355.9085,201839.2374,310493.7563,371954.7341,375293.8024,650316.7377
2023-01-26 21:00:00,144303.1348,203195.4108,314438.5836,376042.6592,380080.6799,662996.2528
2023-01-27 21:00:00,146396.1502,202638.0417,312997.2009,376906.698,378357.3987,669595.9292
2023-01-30 21:00:00,145133.7777,201164.3684,309304.9486,372177.7118,373913.0466,656057.552
2023-01-31 21:00:00,147235.5587,201400.3736,309428.0083,377649.9571,374080.5069,665889.2616
2023-02-01 21:00:00,150509.4351,200761.0513,309139.4689,381663.5563,373750.3836,680128.2894
2023-02-02 21:00:00,152438.54,202720.5045,316150.8429,387219.4182,382245.8396,704538.0512
2023-02-03 21:00:00,153201.5173,200190.8325,308954.399,383103.6208,373564.008,692016.7474
2023-02-06 21:00:00,153279.6929,198928.2648,306153.942,380762.3546,370196.588,686162.9249
2023-02-07 21:00:00,156447.7899,198496.0273,306138.6343,385742.1907,370196.588,700379.351
2023-02-08 21:00:00,154350.5484,197525.152,304750.1097,381524.1952,368536.0315,687925.8522
2023-02-09 21:00:00,150696.1255,199362.3392,309350.6293,378216.6921,374117.8927,681846.0134
2023-02-10 21:00:00,150794.2577,198745.1115,307089.478,379099.3123,371402.0409,677370.8904
2023-02-13 21:00:00,152504.6716,199042.03,308477.9026,383549.5763,373099.808,688219.6734
2023-02-14 21:00:00,154430.3531,198289.5816,306851.7074,383373.0523,371151.6021,693305.0404
2023-02-15 21:00:00,156498.5806,197193.6492,305085.7846,384618.0113,369034.1928,698616.4238
2023-02-16 21:00:00,155945.7152,194687.7879,300392.0877,379322.2901,363375.1113,685507.4776
2023-02-17 21:00:00,156020.8127,193648.0603,298099.1195,378374.6347,360619.5467,680670.7285
2023-02-21 21:00:00,154322.8955,191655.5846,294213.9543,370784.101,355937.5755,664555.7654
2023-02-22 21:00:00,154058.6203,191866.9083,294909.6878,370273.1103,356797.065,665053.0013
2023-02-23 21:00:00,153476.9401,193200.4892,298583.1927,372242.747,361259.3018,670861.6205
2023-02-24 21:00:00,153606.1159,190688.1822,293307.1959,368266.3107,354893.8745,659628.6098
2023-02-27 21:00:00,153015.3716,192376.8397,296518.5579,369520.5605,358797.2815,664352.3507
2023-02-28 21:00:00,153138.1421,192135.0511,295868.2054,368154.8219,358028.2732,663493.4887
2023-03-01 21:00:00,152096.2621,191732.6987,295470.4241,366742.6295,357564.822,658159.5037
2023-03-02 21:00:00,154745.0844,190732.2454,292787.0818,369594.8864,354335.4419,663606.4969
2023-03-03 21:00:00,156968.7941,191561.7561,294577.3695,375522.3778,356519.7924,677325.6871
2023-03-06 21:00:00,156434.2922,191973.9845,295889.6543,375782.5185,358125.8446,678094.1426
2023-03-07 21:00:00,154476.7762,191964.3858,295934.0338,370022.2604,358197.465,669776.7422
2023-03-08 21:00:00,155026.0537,191993.3472,296328.6754,370626.1584,358693.0476,673121.7837
2023-03-09 21:00:00,152097.4012,192363.961,296771.5555,363788.1745,359247.0695,661459.3419
2023-03-10 21:00:00,149917.9412,192079.2283,296827.7004,358538.907,359332.9962,652170.0714
2023-03-13 20:00:00,152033.9734,190088.6565,294837.7795,358027.9164,356942.009,657006.8205
2023-03-14 20:00:00,153643.6444,192584.9917,298423.6916,363946.1171,361301.0999,672104.7103
2023-03-15 20:00:00,155873.0354,189684.5965,295669.097,361669.8861,357984.1816,675630.5647
2023-03-16 20:00:00,160473.4345,188500.7907,294734.4586,368015.4608,356870.4583,693440.6502
2023-03-17 20:00:00,159759.0787,187782.5699,294623.6577,363712.5572,356754.1419,690163.4137
2023-03-20 20:00:00,160617.2924,188153.5706,294060.2891,367209.883,356089.8074,692613.2622
2023-03-21 20:00:00,161871.5824,189845.3533,295919.6835,372031.5295,358359.2297,702505.4737
2023-03-22 20:00:00,159703.5315,189735.9199,295828.6048,365689.7121,358266.8512,692952.8118
2023-03-23 20:00:00,159654.3099,191134.5368,299399.0875,366678.2895,362608.8413,701169.912
2023-03-24 20:00:00,160586.4729,190468.6949,298726.8411,369084.4496,361812.7993,703750.4889
2023-03-27 20:00:00,159119.9253,191623.8821,299384.5182,369774.5886,362627.4571,698928.8847
2023-03-28 20:00:00,158616.1399,191290.4895,298710.1971,368944.5566,361828.8217,695216.4758
2023-03-29 20:00:00,159541.8754,193316.6503,302362.0285,374307.1228,366270.3906,707892.994
2023-03-30 20:00:00,159766.7175,194588.2161,304764.1049,376498.7803,369198.4924,714593.4393
2023-03-31 20:00:00,162348.9119,194993.0169,304874.3714,381805.3894,369350.5318,726477.6751
2023-04-03 20:00:00,163099.9104,194759.4056,302702.6923,383260.2769,366738.044,724712.0172
2023-04-04 20:00:00,162328.5839,195038.7618,303084.6683,381133.9028,367219.1622,722267.2601
2023-04-05 20:00:00,161228.2737,194637.6628,302110.1148,380135.9992,366056.7484,715136.7186
2023-04-06 20:00:00,163206.1866,194250.6892,300431.0703,381618.8653,364040.6091,719958.3229
2023-04-10 20:00:00,164570.0725,193035.1878,297742.8215,382010.5658,360801.3859,719550.8634
2023-04-11 20:00:00,163572.5797,193308.2955,297606.1658,382113.154,360653.8282,714932.9889
2023-04-12 20:00:00,161084.0014,194279.9862,299504.1517,380555.6783,362971.9337,708617.3664
2023-04-13 20:00:00,163296.5252,194808.2857,301201.7769,385610.4798,365047.4504,722493.6265
2023-04-14 20:00:00,163833.5221,194468.7371,299620.1694,384668.5334,363148.8423,721135.4281
2023-04-17 20:00:00,164160.0103,194444.8691,299247.7923,386048.8113,362715.6673,721746.6174
2023-04-18 20:00:00,163057.4022,195210.2206,301260.1013,386300.6188,365172.9055,721791.8907
2023-04-19 20:00:00,164281.2524,194239.0423,298845.237,386235.3354,362263.9825,721452.3411
2023-04-20 20:00:00,164611.3547,192902.0099,295942.267,384127.6137,358763.0787,715951.6377
2023-04-21 20:00:00,164993.9889,193042.2353,295534.4771,384426.0522,358286.6638,716698.6468
2023-04-24 20:00:00,164787.5356,192934.2356,295258.3389,384827.0789,357969.8063,715204.6285
2023-04-25 20:00:00,162478.2043,191952.0391,293776.3958,378718.4165,356191.004,701713.1913
2023-04-26 20:00:00,161666.5541,192296.9629,297012.3055,377114.3097,360132.2122,705968.8796
2023-04-27 20:00:00,164055.2759,193419.178,300616.4203,384621.9024,364520.2662,725164.75
2023-04-28 20:00:00,165297.5257,192959.2696,300385.5575,387904.7256,364258.5535,730167.4473
2023-05-01 20:00:00,165361.1182,192694.4643,299895.5983,387513.0251,363682.6239,729329.8917
2023-05-02 20:00:00,163951.3542,192346.2891,299806.1392,383157.6887,363592.3213,722968.9959
2023-05-03 20:00:00,162681.7951,192575.4426,300138.4727,380527.6997,364013.541,718237.9383
2023-05-04 20:00:00,162201.6586,192041.921,299934.277,377832.4272,363784.0894,715702.6346
2023-05-05 20:00:00,164563.5765,193814.6545,301882.9832,384827.0789,366165.8241,730914.4564
2023-05-08 20:00:00,165218.9317,193931.7843,301400.4188,384929.6671,365598.8108,732725.3876
2023-05-09 20:00:00,165036.2052,193146.8117,299793.1009,383241.6245,363667.4136,728084.8765
2023-05-10 20:00:00,165516.678,194537.8248,302145.5856,385032.2553,366539.3052,736007.7004
2023-05-11 20:00:00,165782.8572,194094.5874,302613.7031,384360.7687,367125.5156,738407.1842
2023-05-12 20:00:00,164911.9877,194668.8666,303090.2501,383857.1538,367722.0102,735758.6973
2023-05-15 20:00:00,165552.224,194952.3733,303522.6953,385181.4745,368265.0572,739742.7459
2023-05-16 20:00:00,166046.435,194409.2338,302931.6629,382607.4427,367566.3689,740580.3016
2023-05-17 20:00:00,167495.0354,195408.8775,303916.5352,387251.8914,368779.7559,749544.4108
2023-05-18 20:00:00,170376.3352,195276.75,304296.0124,390982.3723,369258.6617,763465.9442
2023-05-19 20:00:00,169847.9146,195718.8108,304524.4004,390413.4739,369554.2701,761745.5596
2023-05-22 20:00:00,170541.5445,195709.0249,304273.8874,390572.0194,369268.7388,764303.4999
2023-05-23 20:00:00,169238.3821,194923.4879,302699.635,386188.7044,367376.6795,754615.0181
2023-05-24 20:00:00,169403.5976,194132.3344,300823.0462,383390.8437,365117.4937,750744.1527
2023-05-25 20:00:00,169634.8212,195832.1294,307692.5126,386710.9717,373473.4164,769011.9209
2023-05-26 20:00:00,173444.9028,196167.1044,308591.9091,391719.1422,374583.7665,788660.5241
2023-05-30 20:00:00,172044.9744,197082.0398,312482.5941,391868.3615,379325.1971,792237.1131
2023-05-31 20:00:00,171898.0525,196171.6252,310940.182,389695.3564,377471.8167,787732.4219
2023-06-01 20:00:00,173990.2361,196265.1019,310719.1227,393397.8586,377222.331,796832.351
2023-06-02 20:00:00,174350.2641,197474.3265,312371.8891,399086.8419,379247.7002,802808.4238
2023-06-05 20:00:00,174538.2747,197644.428,312224.1522,398322.0933,379087.2965,803374.3398
2023-06-06 20:00:00,174805.4353,197458.6973,311663.0944,399189.4301,378425.042,803238.52
2023-06-07 20:00:00,171671.3902,197628.7391,311937.3569,397809.1522,378776.976,789611.263
2023-06-08 20:00:00,173629.5417,197665.1895,312216.8673,400215.3124,379135.3167,799412.9279
2023-06-09 20:00:00,173522.958,198019.1948,313571.5981,400933.4299,380799.3681,802468.8743
2023-06-12 20:00:00,175604.1569,198460.6984,315059.6479,404570.6488,382625.4864,816028.2214
2023-06-13 20:00:00,175551.8804,199114.141,317543.4666,407237.9426,385661.1015,822298.5706
2023-06-14 20:00:00,176755.6712,199263.7831,317641.2288,407722.9051,385799.1182,828274.6434
2023-06-15 20:00:00,179480.9182,198911.9748,316514.1668,412777.7067,384449.5066,838144.2183
2023-06-16 20:00:00,177279.5092,199798.9538,318396.0925,411372.047,386754.5839,832869.8813
2023-06-20 20:00:00,177682.3037,198897.8567,317187.7209,409237.7725,385306.117,831677.384
2023-06-21 20:00:00,175846.3522,198478.451,316099.8725,407140.9415,384003.9104,820343.5412
2023-06-22 20:00:00,178543.8636,198035.0086,314966.0574,408610.5954,382645.7313,830022.6429
2023-06-23 20:00:00,178751.8911,196423.6233,311449.4438,405521.5139,378392.6027,821794.2731
2023-06-26 20:00:00,176595.1461,196159.8901,310995.7425,403864.6429,377860.3021,810777.7779
2023-06-27 20:00:00,178807.8244,196550.1857,312397.4458,408292.3264,379582.2667,824718.4045
2023-06-28 20:00:00,180028.6354,196026.6429,310853.4543,408498.2652,377725.2004,826327.8102
2023-06-29 20:00:00,179876.2439,195805.7173,310462.7113,410108.3319,377269.2859,824673.0691
2023-06-30 20:00:00,180787.3332,197275.2745,313630.2395,414947.8929,381137.2786,837389.6407
2023-07-03 17:00:00,180934.642,197122.9994,314123.9461,415518.9049,381756.3094,839475.0678
2023-07-05 20:00:00,181696.0311,196238.3042,312725.667,414807.4801,380076.0621,839339.0617
2023-07-06 20:00:00,182157.9054,194576.6771,309526.0193,411559.2641,376206.3237,832946.7744
2023-07-07 20:00:00,181672.5677,194115.5353,309291.5347,410520.2094,375940.1351,830181.3167
2023-07-10 20:00:00,181842.1784,193959.7615,309073.3889,411559.2641,375693.7786,830453.3289
2023-07-11 20:00:00,182447.6021,194320.6367,309538.8061,414180.3029,376278.3005,834556.18
2023-07-12 20:00:00,182600.1155,196032.5156,313155.3677,417512.7666,380693.4409,845096.6538
2023-07-13 20:00:00,184062.001,196849.0023,315911.591,420826.5086,384063.1324,859445.2988
2023-07-14 20:00:00,183723.207,197277.0303,316395.7215,420564.4047,384670.9073,859263.9573
2023-07-17 20:00:00,185073.321,197192.5201,316989.2057,422024.6978,385411.6934,867288.318
2023-07-18 20:00:00,186880.9341,197033.9482,316459.6914,425160.5835,384787.1534,874383.3036
2023-07-19 20:00:00,186320.7892,197379.8239,317305.2846,426106.0297,385834.5597,874179.2944
2023-07-20 20:00:00,183496.2534,196918.9992,314730.5721,423279.0521,382723.0713,854027.7219
2023-07-21 20:00:00,181764.3363,197701.7416,316744.7626,423279.0521,385191.5315,851466.2735
2023-07-24 20:00:00,181600.781,198229.636,317504.7025,425169.9444,386134.9498,852826.3346
2023-07-25 20:00:00,182444.2868,198075.7004,318147.078,426330.6902,386935.4847,858606.5944
2023-07-26 20:00:00,182391.6806,197652.6315,317148.4575,426396.2161,385740.2936,855750.4661
2023-07-27 20:00:00,179358.3367,199148.434,321711.0571,423569.2385,391308.9644,853710.3744
2023-07-28 20:00:00,180654.3584,200560.0537,325188.674,427716.0964,395558.4829,869260.4067
2023-07-31 20:00:00,180560.6131,200804.6104,325494.6522,428530.4906,395950.4517,869713.7604
2023-08-01 20:00:00,180759.3702,200119.0659,324350.073,427304.2189,394577.9171,867696.3364
2023-08-02 20:00:00,178466.8854,198714.9602,321274.9883,421360.0772,390856.7481,848655.4805
2023-08-03 20:00:00,179355.2869,197782.3704,319139.3454,420152.5272,388278.1104,847295.4193
2023-08-04 20:00:00,177565.9875,198596.5011,320813.8989,418252.274,390334.8552,843328.5744
2023-08-07 20:00:00,178174.4988,199368.8497,322393.1322,421903.0067,392275.8279,850468.8953
2023-08-08 20:00:00,177878.6746,198199.9401,320151.4782,420068.2795,389567.8816,843237.9036
2023-08-09 20:00:00,175814.8163,198300.4479,320316.2013,417260.0236,389787.7989,833966.8202
2023-08-10 20:00:00,174692.1936,199358.2189,322938.2168,417409.7972,392997.9781,835508.2228
2023-08-11 20:00:00,174817.1179,198467.5,320617.809,417166.4151,390193.8199,830181.3167
2023-08-14 20:00:00,177171.7403,198007.7793,319875.1705,419469.1849,389309.534,839497.7355
2023-08-15 20:00:00,175790.7219,197189.251,318935.0065,414582.8196,388184.7569,830589.3351
2023-08-16 20:00:00,174172.4352,196979.0367,318457.7434,411540.5424,387623.2757,821794.2731
2023-08-17 20:00:00,171617.4299,197560.6088,319636.4543,408404.6566,389077.3709,812817.8696
2023-08-18 20:00:00,173063.4798,196319.0618,316536.2454,408601.2345,385323.0965,811797.8237
2023-08-21 20:00:00,175134.0141,196772.4958,317802.0134,411259.7168,386883.1962,824877.0783
2023-08-22 20:00:00,173639.0864,197528.5355,320048.0283,410145.7753,389636.7754,823698.3586
2023-08-23 20:00:00,175812.0274,197969.4831,321044.8919,414713.8716,390869.871,836686.9425
2023-08-24 20:00:00,170415.2663,198687.9557,324099.1668,408966.3078,394607.9725,818802.1386
2023-08-25 20:00:00,171362.4155,199478.4306,324773.8327,411849.4505,395449.1445,825149.0905
2023-08-28 20:00:00,171223.1219,200479.5185,327451.9981,414461.1285,398729.8885,831360.0364
2023-08-29 20:00:00,175063.846,200406.1033,327230.276,420452.0745,398479.8397,849516.8525
2023-08-30 20:00:00,175951.5632,200579.0167,327362.3499,422183.8323,398660.5948,854254.3988
2023-08-31 20:00:00,176423.5331,200875.8535,327432.8476,421566.016,398766.3796,856815.8473
2023-09-01 20:00:00,175093.0657,202079.049,329538.782,422352.3276,401351.0449,855909.1399
2023-09-05 20:00:00,175693.1122,201871.8778,328797.9289,420526.9613,400468.8145,856997.1888
2023-09-06 20:00:00,174552.3863,201479.8255,327998.7818,417699.9837,399515.4939,849448.8495
2023-09-07 20:00:00,175392.2362,200065.5064,324061.171,416417.5468,394739.3039,843373.9097
2023-09-08 20:00:00,175661.6499,200091.4821,323983.9986,417044.724,394665.037,844552.6294
2023-09-11 20:00:00,176223.2121,201249.1868,326724.3329,419787.4539,398022.9418,854503.7433
2023-09-12 20:00:00,175082.4767,200565.9751,325173.9169,417484.6841,396154.0912,845028.6508
2023-09-13 20:00:00,175669.9438,200650.3859,325288.4988,417971.4484,396313.4922,848247.4621
2023-09-14 20:00:00,176301.4046,201772.7781,326741.2961,421575.3768,398103.3156,855183.7739
2023-09-15 20:00:00,173909.948,201004.2742,325529.7858,416496.2549,396647.1103,840540.449
2023-09-18 20:00:00,174503.8967,200826.4824,324730.0404,416740.4957,395692.4798,841423.1643
2023-09-19 20:00:00,174792.9114,200399.9671,323469.7618,415876.2592,394176.5802,839629.8111
2023-09-20 20:00:00,171796.1782,200982.9401,324336.8837,412052.9519,395252.9539,827530.3521
2023-09-21 20:00:00,170401.8665,199630.3777,320966.4394,405242.3922,391165.3267,812366.3022
2023-09-22 20:00:00,169550.0777,200129.4331,322591.7274,404331.1863,393165.6412,812479.8055
2023-09-25 20:00:00,170829.0216,199542.8723,321665.2638,406031.4777,392056.1519,816338.92
2023-09-26 20:00:00,169480.6822,198069.4361,319323.523,400066.3668,389221.5645,804080.5563
2023-09-27 20:00:00,169314.8268,198557.1712,320353.3073,400226.0627,390496.2236,805964.7122
2023-09-28 20:00:00,171185.6179,198290.9203,319471.0797,402546.3499,389440.3528,812706.8123
2023-09-29 20:00:00,169647.5163,199706.2275,322569.416,401569.3869,393236.7463,813297.0298
2023-10-02 20:00:00,170945.1069,199299.1469,322760.3687,401409.691,393489.194,820084.5312
2023-10-03 20:00:00,169078.5642,198230.4446,320564.2625,396036.3943,390831.5136,805692.3042
2023-10-04 20:00:00,170961.5927,198441.5257,321315.9556,398920.314,391767.5183,816656.7295
2023-10-05 20:00:00,170425.62,198282.0692,321344.548,398770.012,391821.9683,814250.4581
2023-10-06 20:00:00,174694.8646,197109.0872,318712.5002,403504.5252,388632.2497,827893.5629
2023-10-09 20:00:00,176774.3853,196181.4635,316538.0236,406087.841,386000.164,832115.8881
2023-10-10 20:00:00,177545.9224,196489.3278,316876.2468,408201.4629,386431.908,836724.1248
2023-10-11 20:00:00,178146.5418,197026.6384,318029.5928,409873.5728,387857.7399,842694.402
2023-10-12 20:00:00,177270.24,197323.851,318459.183,407374.8019,388401.0458,839766.0151
2023-10-13 20:00:00,174726.0743,198014.7151,319002.8212,405345.7248,389083.5011,829210.2019
2023-10-16 20:00:00,175970.2133,199064.87,320296.8366,409610.5443,390681.2487,838585.5801
2023-10-17 20:00:00,177115.9487,197603.1548,317150.7723,409591.7565,386863.3789,835838.7986
2023-10-18 20:00:00,176017.1337,196772.9872,314912.6198,404133.9149,384152.6034,824874.3733
2023-10-19 20:00:00,173725.4673,197074.1726,316049.5114,400583.03,385558.6715,817156.1443
2023-10-20 20:00:00,171449.0518,196805.5155,315436.6768,395660.6392,384830.3333,804965.8826
2023-10-23 20:00:00,172629.6821,196043.3855,314193.3172,394974.8863,383332.6857,807394.8547
2023-10-24 20:00:00,173393.5941,197031.3783,315820.7025,397952.7448,385337.3495,815249.2877
2023-10-25 20:00:00,170321.9488,196226.2014,313615.1931,392241.2686,382665.6429,795295.3957
2023-10-26 20:00:00,167683.3358,195675.9515,312444.7381,387544.3309,381256.6155,780131.3458
2023-10-27 20:00:00,167046.0363,196434.5474,315111.162,385787.6762,384529.3473,783876.9569
2023-10-30 20:00:00,167647.4287,197811.8402,317486.2762,390400.069,387446.9196,792707.5189
2023-10-31 20:00:00,168440.7966,198116.0953,317470.4019,392851.8705,387446.9196,796498.5314
2023-11-01 20:00:00,170961.2856,198575.1874,318187.4238,397041.5389,388341.3591,810323.2416
2023-11-02 20:00:00,171798.9167,200397.5665,322352.0922,404650.578,393443.6702,825033.278
2023-11-03 20:00:00,173175.0042,201471.506,323515.6144,408342.3711,394883.4679,834726.4656
2023-11-06 21:00:00,173485.8826,201818.3144,324220.8843,409281.7586,395764.0653,838131.5666
2023-11-07 21:00:00,174672.3697,201808.2235,325030.132,410446.5992,396771.6713,846054.1017
2023-11-08 21:00:00,174607.4503,202056.7846,325327.835,410747.2032,397154.9227,846598.9178
2023-11-09 21:00:00,172911.8945,202555.0007,325957.095,407543.8917,397942.9708,840083.8245
2023-11-10 21:00:00,175991.7089,203492.6571,327420.5386,413903.5453,399749.5052,858970.7849
2023-11-13 21:00:00,176151.0319,202826.6654,326071.6069,413509.0026,398122.5747,856292.1054
2023-11-14 21:00:00,176867.4847,205599.5792,331708.6749,421531.3722,405025.1532,874725.0523
2023-11-15 21:00:00,176091.4392,206217.0073,333387.9504,422423.7903,407095.8447,875383.3718
2023-11-16 21:00:00,176622.6661,206000.3326,332636.4131,422940.4535,406198.5067,876132.4941
2023-11-17 21:00:00,177012.7801,205971.7308,331947.5274,423466.5105,405377.5847,876336.8001
2023-11-20 21:00:00,179145.1207,205865.4806,331956.7264,426726.1853,405409.0875,887006.1167
2023-11-24 18:00:00,178548.9939,206074.5688,331916.9482,427703.1483,405421.3176,884213.9338
