0,025,050,100,none
2018-01-03 09:31:00-05:00,25022.8842,25048.7683,25100.5367,25262.4113
2018-01-04 09:31:00-05:00,25117.2606,25165.1148,25224.3317,25355.6726
2018-01-05 09:31:00-05:00,25095.1923,25143.0044,25202.1694,25333.3948
2018-01-08 09:31:00-05:00,25141.7185,25242.3231,25275.9984,25407.6082
2018-01-09 09:31:00-05:00,25143.4028,25244.0142,25277.6917,25409.3104
2018-01-10 09:31:00-05:00,25014.882,25109.4751,25142.9731,25273.8904
2018-01-11 09:31:00-05:00,25080.7989,25030.4342,25063.8267,25194.3319
2018-01-12 09:31:00-05:00,25126.6948,25079.4776,25123.4763,25254.292
2018-01-15 09:31:00-05:00,25172.0309,25176.0504,25244.3143,25360.9201
2018-01-16 09:31:00-05:00,25172.0309,25176.0504,25244.3143,25360.9201
2018-01-17 09:31:00-05:00,25193.7925,25226.187,25348.1498,25515.1273
2018-01-18 09:31:00-05:00,25127.198,25162.2094,25336.3774,25550.166
2018-01-19 09:31:00-05:00,25017.8403,25047.145,25220.5166,25433.3275
2018-01-22 09:31:00-05:00,25058.7106,25088.9178,25151.7168,25363.9472
2018-01-23 09:31:00-05:00,25107.4055,25192.5058,25260.2116,25559.5213
2018-01-24 09:31:00-05:00,25138.1995,25226.4618,25288.0065,25587.6455
2018-01-25 09:31:00-05:00,25241.5647,25193.4176,25311.1778,25621.7335
2018-01-26 09:31:00-05:00,25226.4797,25131.4706,25310.0396,25505.8287
2018-01-29 09:31:00-05:00,25275.4284,25183.3582,25417.5895,25680.025
2018-01-30 09:31:00-05:00,25261.4066,24978.8293,25211.1582,25471.4623
2018-01-31 09:31:00-05:00,25060.0474,24719.3503,24901.1693,25158.2728
2018-02-01 09:31:00-05:00,25177.6668,24817.3202,25005.3949,25158.8664
2018-02-02 09:31:00-05:00,25339.0932,24910.4332,25102.0575,25241.5842
2018-02-05 09:31:00-05:00,25179.5133,24830.3387,25074.4554,25388.7268
2018-02-06 09:31:00-05:00,25217.2216,24934.9459,25410.5153,26427.4603
2018-02-07 09:31:00-05:00,25331.9042,25420.079,26210.8199,26604.0701
2018-02-08 09:31:00-05:00,25364.5171,25563.7463,26452.0314,26671.487
2018-02-09 09:31:00-05:00,25499.8884,25795.7622,26691.9764,27764.9725
2018-02-12 09:31:00-05:00,25399.8639,25732.8866,26720.8598,27754.4629
2018-02-13 09:31:00-05:00,25470.5655,25702.0191,26827.0144,27754.6919
2018-02-14 09:31:00-05:00,25569.3244,25859.0293,27048.3821,27945.3458
2018-02-15 09:31:00-05:00,25672.7001,26023.1415,27277.04,28483.5233
2018-02-16 09:31:00-05:00,25543.5355,25924.5499,27280.5311,28451.2446
2018-02-19 09:31:00-05:00,25705.6742,26167.0571,27166.3781,28236.8901
2018-02-20 09:31:00-05:00,25672.8171,26127.1995,27124.9984,28193.8797
2018-02-21 09:31:00-05:00,25824.3888,26222.3148,27241.256,28221.3884
2018-02-22 09:31:00-05:00,25821.308,26304.2419,27446.68,28439.5507
2018-02-23 09:31:00-05:00,25845.0291,26258.9546,27461.7139,28340.0346
2018-02-26 09:31:00-05:00,25820.1309,26239.2276,27441.988,28520.1268
2018-02-27 09:31:00-05:00,25612.4391,26055.3797,27281.5617,28353.3977
2018-02-28 09:31:00-05:00,25524.0128,26037.5586,27273.585,28378.484
2018-03-01 09:31:00-05:00,25653.7978,26104.019,27190.5894,28323.754
2018-03-02 09:31:00-05:00,25399.0834,25820.4408,27015.092,28205.077
2018-03-05 09:31:00-05:00,25407.2187,25770.1801,27025.377,28423.5387
2018-03-06 09:31:00-05:00,25475.4926,25869.6972,27063.0137,28736.7716
2018-03-07 09:31:00-05:00,25409.0342,25726.6491,26918.146,28498.6219
2018-03-08 09:31:00-05:00,25283.9683,25653.6612,26872.4801,28467.9173
2018-03-09 09:31:00-05:00,24739.0505,25100.7759,26293.3269,27854.3794
2018-03-12 09:31:00-04:00,24783.6119,25150.2788,26400.1919,28107.3352
2018-03-13 09:31:00-04:00,24754.1578,24995.4257,26237.6429,27934.2751
2018-03-14 09:31:00-04:00,24827.7181,25104.091,26472.3462,28364.1335
2018-03-15 09:31:00-04:00,24385.5047,24637.2268,25962.62,27817.9809
2018-03-16 09:31:00-04:00,24265.4284,24569.8457,25729.2656,27567.9503
2018-03-19 09:31:00-04:00,24333.7447,24658.7612,25795.4457,27638.8598
2018-03-20 09:31:00-04:00,24357.006,24708.8642,25903.3663,27851.5962
2018-03-21 09:31:00-04:00,23969.6155,24201.3615,25223.6626,27120.771
2018-03-22 09:31:00-04:00,24132.6512,24454.6986,25364.8794,27164.3273
2018-03-23 09:31:00-04:00,23857.4704,24263.7755,25062.1611,26964.0233
2018-03-26 09:31:00-04:00,23699.9047,23961.4664,24917.4887,27127.2865
2018-03-27 09:31:00-04:00,23861.052,24156.9633,25131.1987,27665.2022
2018-03-28 09:31:00-04:00,23648.972,24008.5105,24982.0883,28061.7213
2018-03-29 09:31:00-04:00,23391.6337,23546.2962,24594.2311,26478.0777
2018-04-02 09:31:00-04:00,23386.1786,23649.0092,24811.5136,26854.8429
2018-04-03 09:31:00-04:00,23322.5647,23633.3674,24810.8975,27285.0677
2018-04-04 09:31:00-04:00,22767.9935,23219.9647,24256.8506,26590.0587
2018-04-05 09:31:00-04:00,22740.5502,23290.3312,24319.5987,27136.79
2018-04-06 09:31:00-04:00,22395.5285,22766.1888,23747.4718,26415.0469
2018-04-09 09:31:00-04:00,22432.6681,22926.6651,24027.8731,26806.098
2018-04-10 09:31:00-04:00,22522.8365,22956.0702,24225.0368,27166.7855
2018-04-11 09:31:00-04:00,22581.2116,22963.2397,24064.7641,26872.2344
2018-04-12 09:31:00-04:00,22587.5314,23047.4854,24101.5919,26870.8595
2018-04-13 09:31:00-04:00,22438.8983,22990.323,23933.3886,26652.7382
2018-04-16 09:31:00-04:00,22586.996,23151.0114,24254.8759,26850.858
2018-04-17 09:31:00-04:00,22522.2385,22904.3908,24044.2545,26553.8562
2018-04-18 09:31:00-04:00,22585.4005,22993.7675,24139.2003,26801.9836
2018-04-19 09:31:00-04:00,22678.8559,23140.5231,24124.6217,26735.4391
2018-04-20 09:31:00-04:00,22637.391,23175.0448,24074.9864,26625.1247
2018-04-23 09:31:00-04:00,22745.4135,23266.9145,24271.8504,26833.6957
2018-04-24 09:31:00-04:00,22751.0433,23352.5217,24209.0157,26744.7126
2018-04-25 09:31:00-04:00,22796.2584,23451.0048,24311.5331,27358.3185
2018-04-26 09:31:00-04:00,23008.1416,23837.4661,24779.2453,27548.0067
2018-04-27 09:31:00-04:00,23027.9186,23965.0669,24867.1365,27572.2921
2018-04-30 09:31:00-04:00,23242.9376,24252.546,25187.3713,27816.1168
2018-05-01 09:31:00-04:00,23308.4714,24350.121,25223.4674,28030.5566
2018-05-02 09:31:00-04:00,23157.8896,24374.5604,25141.5795,28081.6186
2018-05-03 09:31:00-04:00,22828.0669,24095.7047,24763.3922,27659.2062
2018-05-04 09:31:00-04:00,22573.8015,23903.533,24649.3866,27633.5581
2018-05-07 09:31:00-04:00,22660.6725,24004.7948,24754.7688,28188.0123
2018-05-08 09:31:00-04:00,22684.0905,23956.0078,24655.5515,28075.0345
2018-05-09 09:31:00-04:00,22684.8985,23646.6472,24148.2903,27497.4211
2018-05-10 09:31:00-04:00,22725.7773,23601.0676,24151.2887,27596.1113
2018-05-11 09:31:00-04:00,22786.7901,23691.7897,24290.1127,27703.1564
2018-05-14 09:31:00-04:00,22680.9706,23581.6624,24154.4519,27548.4337
2018-05-15 09:31:00-04:00,22695.3083,23626.683,24096.9536,27482.8562
2018-05-16 09:31:00-04:00,22625.449,23422.9034,23856.3267,27208.4184
2018-05-17 09:31:00-04:00,22696.8832,23462.536,23888.762,27245.4112
2018-05-18 09:31:00-04:00,22695.3314,23444.8592,23966.6643,27240.8377
2018-05-21 09:31:00-04:00,22534.8871,23269.1472,23787.0415,27036.676
2018-05-22 09:31:00-04:00,22576.4829,23360.6842,23876.194,27094.8941
2018-05-23 09:31:00-04:00,22660.9494,23457.3003,23936.2903,27163.0918
2018-05-24 09:31:00-04:00,22555.0379,23375.6185,23859.339,27215.8682
2018-05-25 09:31:00-04:00,22552.6562,23451.2133,23991.0335,27272.0815
2018-05-28 09:31:00-04:00,22339.6251,23222.6618,23757.2211,27006.2925
2018-05-29 09:31:00-04:00,22339.6251,23222.6618,23757.2211,27006.2925
2018-05-30 09:31:00-04:00,22511.284,23303.425,23766.4651,26922.0517
2018-05-31 09:31:00-04:00,22565.8939,23341.7681,23790.0213,26948.7355
2018-06-01 09:31:00-04:00,22411.6693,23162.8768,23562.3416,26690.8256
2018-06-04 09:31:00-04:00,22472.8055,23295.4009,23700.9737,26843.8922
2018-06-05 09:31:00-04:00,22514.6581,23361.2404,23739.6549,26887.7028
2018-06-06 09:31:00-04:00,22448.0428,23298.0215,23675.4119,26814.9407
2018-06-07 09:31:00-04:00,22449.2054,23390.4548,23702.7784,26863.9817
2018-06-08 09:31:00-04:00,22467.4267,23434.3443,23842.759,26979.4474
2018-06-11 09:31:00-04:00,22405.3094,23371.2476,23769.5586,26896.617
2018-06-12 09:31:00-04:00,22415.5712,23357.0417,23755.1105,26880.2682
2018-06-13 09:31:00-04:00,22460.1493,23406.1098,23783.6013,26912.5071
2018-06-14 09:31:00-04:00,22262.5005,23207.5048,23562.4645,26662.2782
2018-06-15 09:31:00-04:00,22338.8059,23291.5313,23613.7553,26720.3167
2018-06-18 09:31:00-04:00,22239.0769,23177.5024,23498.1489,26589.5014
2018-06-19 09:31:00-04:00,22340.9522,23286.2577,23634.0631,26721.32
2018-06-20 09:31:00-04:00,22383.8794,23343.4144,23739.7309,26707.1526
2018-06-21 09:31:00-04:00,22356.5371,23338.2177,23719.0248,26683.8582
2018-06-22 09:31:00-04:00,22219.2402,23272.9211,23701.6986,26648.5464
2018-06-25 09:31:00-04:00,22107.1107,23191.1315,23619.7056,26533.6178
2018-06-26 09:31:00-04:00,22215.7806,23367.7332,23808.9797,26802.8834
2018-06-27 09:31:00-04:00,22042.0104,23217.7995,23507.3529,26463.328
2018-06-28 09:31:00-04:00,22128.7151,23357.0459,23522.3269,26816.6133
2018-06-29 09:31:00-04:00,22319.488,23035.8184,23212.3729,26462.6621
2018-07-02 09:31:00-04:00,22381.4203,22988.909,23195.3862,26443.2968
2018-07-03 09:31:00-04:00,22465.0865,23172.1223,23482.0556,26823.633
2018-07-04 09:31:00-04:00,22550.1987,23266.7022,23582.0123,27151.4304
2018-07-05 09:31:00-04:00,22550.1987,23266.7022,23582.0123,27151.4304
2018-07-06 09:31:00-04:00,22635.3083,23453.8111,23770.0495,27201.9307
2018-07-09 09:31:00-04:00,22720.6532,23547.7418,23864.278,27486.7138
2018-07-10 09:31:00-04:00,22657.452,23531.6849,23851.6233,27472.1381
2018-07-11 09:31:00-04:00,22540.586,23393.3516,23711.4091,27310.6405
2018-07-12 09:31:00-04:00,22408.6087,23254.3573,23570.5251,27148.3712
2018-07-13 09:31:00-04:00,22449.676,23345.2224,23667.8831,27379.6386
2018-07-16 09:31:00-04:00,22322.6969,23213.1779,23534.0135,27224.7747
2018-07-17 09:31:00-04:00,22328.105,23241.8029,23546.3352,27239.0287
2018-07-18 09:31:00-04:00,22390.9797,23334.6955,23641.4786,27573.8792
2018-07-19 09:31:00-04:00,22346.0726,23297.9706,23604.2709,27530.4825
2018-07-20 09:31:00-04:00,22165.4573,23133.2046,23420.3989,27316.0262
2018-07-23 09:31:00-04:00,22092.7213,23082.1874,23354.7029,27239.4026
2018-07-24 09:31:00-04:00,22155.05,23095.0218,23369.1275,27295.1697
2018-07-25 09:31:00-04:00,22174.7575,23138.8806,23460.6904,27444.6623
2018-07-26 09:31:00-04:00,22194.376,23182.6002,23552.161,27713.153
2018-07-27 09:31:00-04:00,22091.9061,22956.2762,23322.2291,27442.5988
2018-07-30 09:31:00-04:00,22153.8881,23048.7397,23515.9124,27868.1541
2018-07-31 09:31:00-04:00,22331.3852,23287.4425,23732.5577,28162.3789
2018-08-01 09:31:00-04:00,22234.2545,23182.6253,23664.4141,27982.7838
2018-08-02 09:31:00-04:00,22245.0429,23194.6166,23538.6749,27834.0993
2018-08-03 09:31:00-04:00,22286.2414,23286.148,23730.3079,28285.9092
2018-08-06 09:31:00-04:00,22183.2671,23178.5536,23620.6613,28155.2132
2018-08-07 09:31:00-04:00,22224.1207,23269.5393,23710.1696,28261.9048
2018-08-08 09:31:00-04:00,22172.2639,23215.2433,23654.8454,28195.9598
2018-08-09 09:31:00-04:00,22176.6161,23238.917,23648.8439,28188.8062
2018-08-10 09:31:00-04:00,22092.199,23150.4562,23558.8227,28081.5032
2018-08-13 09:31:00-04:00,22112.2853,23195.3313,23548.8477,28069.6132
2018-08-14 09:31:00-04:00,22138.3311,23274.9361,23624.457,28105.2077
2018-08-15 09:31:00-04:00,22164.6399,23366.0214,23608.0818,28085.7267
2018-08-16 09:31:00-04:00,22059.2882,23265.6026,23554.9179,28094.0848
2018-08-17 09:31:00-04:00,22022.7245,23213.1896,23474.7482,27998.4659
2018-08-20 09:31:00-04:00,21882.0424,23093.7042,23390.5123,27876.8959
2018-08-21 09:31:00-04:00,21841.7171,23042.903,23331.0727,27806.0556
2018-08-22 09:31:00-04:00,21831.6145,23015.4662,23285.4324,27751.6614
2018-08-23 09:31:00-04:00,21786.0814,22994.9902,23213.2349,27665.6161
2018-08-24 09:31:00-04:00,21752.7577,23012.5523,23215.4452,27668.2504
2018-08-27 09:31:00-04:00,21816.1493,23063.8592,23253.7844,27713.9431
2018-08-28 09:31:00-04:00,21852.9535,23121.2729,23304.1199,27773.9331
2018-08-29 09:31:00-04:00,21812.7844,23078.7724,23261.2833,27722.8803
2018-08-30 09:31:00-04:00,21833.2601,23124.87,23356.9989,27877.7363
2018-08-31 09:31:00-04:00,21896.6266,23210.3383,23276.0549,27781.1257
2018-09-03 09:31:00-04:00,21800.6647,23110.9874,23154.5648,27636.1212
2018-09-04 09:31:00-04:00,21800.6647,23110.9874,23154.5648,27636.1212
2018-09-05 09:31:00-04:00,21811.9099,23146.0939,22989.2857,27438.8524
2018-09-06 09:31:00-04:00,21687.6622,23091.5647,22907.1665,27381.3025
2018-09-07 09:31:00-04:00,21693.7226,23171.5522,22958.9768,27550.3926
2018-09-10 09:31:00-04:00,21819.3707,23361.0798,23002.1075,27590.0738
2018-09-11 09:31:00-04:00,21761.0621,23299.3996,22949.4432,27526.9053
2018-09-12 09:31:00-04:00,21801.1706,23390.9292,23135.4594,27798.4085
2018-09-13 09:31:00-04:00,21595.4415,23122.1554,22917.9525,27532.5656
2018-09-14 09:31:00-04:00,21400.3197,22898.7097,22696.4802,27266.4991
2018-09-17 09:31:00-04:00,21411.7087,22940.7227,22693.0045,27262.3236
2018-09-18 09:31:00-04:00,21509.7886,23076.2834,22879.649,27503.3821
2018-09-19 09:31:00-04:00,21529.7353,23106.2621,22912.8595,27553.3757
2018-09-20 09:31:00-04:00,21564.2298,23103.6986,22913.7238,27543.0792
2018-09-21 09:31:00-04:00,21485.2847,22987.1259,22798.1097,27404.1071
2018-09-24 09:31:00-04:00,21544.1589,23077.0367,22893.0998,27554.9211
2018-09-25 09:31:00-04:00,21511.5048,23094.7258,22872.3563,27648.0941
2018-09-26 09:31:00-04:00,21419.2284,22989.7423,22768.3836,27522.4121
2018-09-27 09:31:00-04:00,21388.7746,22983.308,22854.8309,27546.471
2018-09-28 09:31:00-04:00,21412.3393,23027.2338,22899.7757,27582.7825
2018-10-01 09:31:00-04:00,21414.5492,23054.0402,22897.0277,27579.4726
2018-10-02 09:31:00-04:00,21452.7782,23141.9319,22987.431,27678.2529
2018-10-03 09:31:00-04:00,21438.9935,23179.0323,22994.3155,27526.3896
2018-10-04 09:31:00-04:00,21465.732,23183.8101,22999.0552,27532.0635
2018-10-05 09:31:00-04:00,21519.4825,23271.2285,23190.197,27794.5639
2018-10-08 09:31:00-04:00,21568.6299,23265.9588,23281.2607,27974.4428
2018-10-09 09:31:00-04:00,21464.3571,23282.4426,23280.8571,27830.8652
2018-10-10 09:31:00-04:00,21534.7571,23221.9277,23043.6803,27531.2626
2018-10-11 09:31:00-04:00,21728.1902,23569.0435,23420.9721,28478.9329
2018-10-12 09:31:00-04:00,21343.5255,23022.7159,22985.3906,27493.3606
2018-10-15 09:31:00-04:00,21162.841,22747.9309,22787.9893,27169.4926
2018-10-16 09:31:00-04:00,21412.6376,22813.5297,22713.2388,26853.5833
2018-10-17 09:31:00-04:00,21340.1076,22631.6161,22583.5939,26954.8045
2018-10-18 09:31:00-04:00,21659.4319,22716.7114,22625.9381,26739.8463
2018-10-19 09:31:00-04:00,21706.4304,22808.0424,22722.9304,27096.3622
2018-10-22 09:31:00-04:00,21789.7444,22852.8879,22824.4519,27375.5546
2018-10-23 09:31:00-04:00,21765.5644,22934.6194,22963.8358,27370.8622
2018-10-24 09:31:00-04:00,21767.9582,22890.9309,22956.7691,27586.0208
2018-10-25 09:31:00-04:00,21937.274,23165.9334,23239.9718,28734.6393
2018-10-26 09:31:00-04:00,22065.2772,23453.7816,23540.1953,29065.8983
2018-10-29 09:31:00-04:00,21973.9674,23358.0221,23663.442,28575.3738
2018-10-30 09:31:00-04:00,21858.8573,23454.7997,23567.0882,29169.0691
2018-10-31 09:31:00-04:00,21908.9707,23574.5709,23737.9168,28948.9705
2018-11-01 09:31:00-04:00,21648.3685,23338.7406,23530.9551,28526.1103
2018-11-02 09:31:00-04:00,21538.5232,23271.75,23615.0007,28549.106
2018-11-05 09:31:00-05:00,21645.9729,23384.5254,23878.7334,28796.9101
2018-11-06 09:31:00-05:00,21548.3711,23322.0879,23875.9511,28668.7367
2018-11-07 09:31:00-05:00,21451.3245,23315.3294,23880.0695,28673.1588
2018-11-08 09:31:00-05:00,21512.0326,23407.5361,23976.0563,29143.6962
2018-11-09 09:31:00-05:00,21587.6622,23542.9072,23947.2548,29031.2577
2018-11-12 09:31:00-05:00,21656.7458,23626.7836,24092.4037,29025.9426
2018-11-13 09:31:00-05:00,21755.2528,23736.064,24373.6545,29307.8265
2018-11-14 09:31:00-05:00,21627.1689,23728.4211,24349.5557,29278.4718
2018-11-15 09:31:00-05:00,21534.671,23474.69,24196.143,29149.094
2018-11-16 09:31:00-05:00,21691.7962,23663.5802,24527.2949,29468.146
2018-11-19 09:31:00-05:00,21404.2634,23320.3924,24266.5823,28928.3507
2018-11-20 09:31:00-05:00,21470.2808,23420.585,24481.1681,29619.8133
2018-11-21 09:31:00-05:00,21668.7165,23635.4152,24875.3625,29556.4983
2018-11-22 09:31:00-05:00,21460.146,23248.3568,24426.189,28833.0757
2018-11-23 09:31:00-05:00,21522.4798,23279.0519,24447.5812,28858.3273
2018-11-26 09:31:00-05:00,21643.795,23365.2068,24545.1734,28934.8798
2018-11-27 09:31:00-05:00,21435.2335,23212.5566,24446.3034,28803.6445
2018-11-28 09:31:00-05:00,21597.7221,23563.0464,24617.8004,28942.0488
2018-11-29 09:31:00-05:00,21531.9776,23529.9093,24641.4658,29445.5198
2018-11-30 09:31:00-05:00,21673.6384,23557.4113,24730.1782,29372.0278
2018-12-03 09:31:00-05:00,21411.9293,23326.5158,24499.9546,29098.5913
2018-12-04 09:31:00-05:00,21473.4898,23473.5188,24611.9011,28860.4149
2018-12-06 09:31:00-05:00,21494.7597,23522.8375,24718.2755,29736.3719
2018-12-07 09:31:00-05:00,21235.5246,23295.1528,24599.2459,29762.7158
2018-12-10 09:31:00-05:00,21177.9226,23245.154,24601.1913,30470.5496
2018-12-11 09:31:00-05:00,21267.4683,23539.0344,25160.9386,30423.4322
2018-12-12 09:31:00-05:00,21309.2935,23716.1999,25012.9019,30140.9485
2018-12-13 09:31:00-05:00,21376.0349,23844.5014,25310.5454,30383.7349
2018-12-14 09:31:00-05:00,21420.9949,23782.1534,25128.4651,30061.2085
2018-12-17 09:31:00-05:00,21483.6901,23789.2985,25042.6488,30147.4737
2018-12-18 09:31:00-05:00,21571.5954,23995.7639,25388.1958,30461.458
2018-12-19 09:31:00-05:00,21400.0935,23620.4278,24789.8147,29506.3842
2018-12-20 09:31:00-05:00,21325.5426,23625.4619,24880.5697,29840.247
2018-12-21 09:31:00-05:00,20954.6804,22933.3067,24290.9723,29040.3437
2018-12-24 09:31:00-05:00,20870.0128,22915.9793,24479.5342,29847.775
2018-12-26 09:31:00-05:00,20796.7073,22837.769,24515.9727,30169.4222
2018-12-27 09:31:00-05:00,20740.7682,22885.1455,24733.9914,31547.0056
2018-12-28 09:31:00-05:00,20702.9444,23024.3537,24679.4716,31948.2567
2018-12-31 09:31:00-05:00,20795.2668,23316.575,24627.2634,31303.2463
2019-01-02 09:31:00-05:00,20760.7914,23552.6648,24480.6712,31026.3864
2019-01-03 09:31:00-05:00,20865.6074,23702.2645,24690.2753,31652.2309
2019-01-04 09:31:00-05:00,20639.2495,23254.3479,24381.8862,31381.8042
2019-01-07 09:31:00-05:00,20680.7275,23353.454,24595.8057,32198.6739
2019-01-08 09:31:00-05:00,20690.0058,23293.49,24599.56,32164.0223
2019-01-09 09:31:00-05:00,20483.9712,23117.9575,24549.5789,32015.9453
2019-01-10 09:31:00-05:00,20258.647,22840.6006,24221.1962,31507.5451
2019-01-11 09:31:00-05:00,20217.5526,22739.6354,24222.5804,31395.6653
2019-01-14 09:31:00-05:00,20076.6758,22569.376,24041.2176,31160.5952
2019-01-15 09:31:00-05:00,20118.1271,22610.1033,24021.8328,31135.4699
2019-01-16 09:31:00-05:00,20180.7256,22741.8438,24269.2443,31478.0367
2019-01-17 09:31:00-05:00,20232.1756,22861.9697,24284.1944,31497.4275
2019-01-18 09:31:00-05:00,20364.6748,23047.7464,24437.6659,31747.2218
2019-01-21 09:31:00-05:00,20202.7506,22857.8091,24263.4608,31523.8539
2019-01-22 09:31:00-05:00,20202.7506,22857.8091,24263.4608,31523.8539
2019-01-23 09:31:00-05:00,20282.7853,22951.5073,24358.2972,31800.1321
2019-01-24 09:31:00-05:00,20238.1382,22886.9946,24259.1903,31762.9335
2019-01-25 09:31:00-05:00,20017.9878,22673.4598,23868.1724,31250.9677
2019-01-28 09:31:00-05:00,20089.9384,22806.3034,23968.9189,31363.8085
2019-01-29 09:31:00-05:00,20031.7734,22576.0299,23727.1017,31047.3859
2019-01-30 09:31:00-05:00,20127.7031,22674.3206,23857.8193,31243.4862
2019-01-31 09:31:00-05:00,20069.0128,22634.251,23865.4606,31503.3396
2019-02-01 09:31:00-05:00,19990.3287,22449.2791,23719.5501,31401.6721
2019-02-04 09:31:00-05:00,19781.0555,22225.093,23459.6282,31057.5686
2019-02-05 09:31:00-05:00,19839.0933,22314.9598,23559.8899,31328.329
2019-02-06 09:31:00-05:00,19821.661,22181.1694,23412.6574,31132.5493
2019-02-07 09:31:00-05:00,19831.5733,22196.6696,23482.7976,31146.5856
2019-02-08 09:31:00-05:00,19872.6219,22257.6965,23428.7869,31046.0065
2019-02-11 09:31:00-05:00,19737.3543,22013.1014,23218.5568,30848.414
2019-02-12 09:31:00-05:00,19865.3276,22137.1607,23299.8439,30936.9928
2019-02-13 09:31:00-05:00,19936.6653,22264.7494,23425.8189,31091.6647
2019-02-14 09:31:00-05:00,19991.5696,22352.1914,23481.252,31165.2377
2019-02-15 09:31:00-05:00,20053.0999,22445.5228,23587.9267,31241.5227
2019-02-18 09:31:00-05:00,19850.5154,22231.9955,23324.6413,30892.8089
2019-02-19 09:31:00-05:00,19850.5154,22231.9955,23324.6413,30892.8089
2019-02-20 09:31:00-05:00,19886.834,22197.9366,23288.9084,30845.4817
2019-02-21 09:31:00-05:00,19902.06,22235.3476,23424.6548,30857.0389
2019-02-22 09:31:00-05:00,19865.1167,22172.085,23223.602,30592.1943
2019-02-25 09:31:00-05:00,19734.1354,22027.9869,23074.1818,30395.3647
2019-02-26 09:31:00-05:00,19787.7019,22114.0199,23133.6248,30473.6684
2019-02-27 09:31:00-05:00,19815.393,22131.5542,23134.0945,30474.2871
2019-02-28 09:31:00-05:00,19852.7126,22220.2788,23325.3419,30563.4954
2019-03-01 09:31:00-05:00,19678.3112,22019.6163,23114.7,30287.4886
2019-03-04 09:31:00-05:00,19686.4457,22051.4337,23121.1344,30246.1757
2019-03-05 09:31:00-05:00,19604.1815,21981.596,23094.6915,30380.3587
2019-03-06 09:31:00-05:00,19674.8907,21900.4593,22992.9668,30246.5429
2019-03-07 09:31:00-05:00,19764.3657,22037.5827,23052.2267,30324.4975
2019-03-08 09:31:00-05:00,19858.3921,22129.7945,23057.2184,30247.1106
2019-03-11 09:31:00-04:00,19954.7468,22308.1114,23249.512,30452.8448
2019-03-12 09:31:00-04:00,20028.8019,22397.2284,23449.3561,30819.1502
2019-03-13 09:31:00-04:00,20061.5718,22463.0249,23471.796,30848.6426
2019-03-14 09:31:00-04:00,20097.9705,22549.9745,23568.2458,30833.2561
2019-03-15 09:31:00-04:00,20097.9705,22549.9745,23568.2458,30833.2561
2019-03-18 09:31:00-04:00,20121.3665,22601.7596,23625.6198,30901.1707
2019-03-19 09:31:00-04:00,20072.0155,22571.051,23510.9489,30751.1867
2019-03-20 09:31:00-04:00,19944.3926,22473.8368,23318.3841,30499.3212
2019-03-21 09:31:00-04:00,19825.6481,22375.1636,23225.631,30308.043
2019-03-22 09:31:00-04:00,19919.0393,22507.8019,23509.9619,30749.767
2019-03-25 09:31:00-04:00,19978.2967,22649.9879,23816.1556,31259.7203
2019-03-26 09:31:00-04:00,20121.9769,22679.532,23508.5278,30855.9456
2019-03-27 09:31:00-04:00,20198.3433,22674.3472,23508.9101,30825.7147
2019-03-28 09:31:00-04:00,20220.9907,22735.269,23574.7518,30964.2383
2019-03-29 09:31:00-04:00,20127.1892,22672.0064,23515.247,30814.8252
2019-04-01 09:31:00-04:00,20146.9642,22717.4033,23434.658,30709.2199
2019-04-02 09:31:00-04:00,20093.7409,22660.2409,23391.5143,30652.6835
2019-04-03 09:31:00-04:00,20111.4198,22670.3262,23401.925,30666.326
2019-04-04 09:31:00-04:00,20064.6508,22641.1056,23392.7886,30618.5211
2019-04-05 09:31:00-04:00,19976.5666,22570.4746,23327.8638,30472.1521
2019-04-08 09:31:00-04:00,19976.5666,22570.4746,23327.8638,30472.1521
2019-04-09 09:31:00-04:00,19928.7746,22519.6144,23323.1614,30460.839
2019-04-10 09:31:00-04:00,19946.3912,22504.304,23307.3046,30440.1295
2019-04-11 09:31:00-04:00,19978.5908,22534.0655,23338.1281,30480.386
2019-04-12 09:31:00-04:00,19964.4381,22510.6336,23313.8601,30448.6912
2019-04-15 09:31:00-04:00,19896.5873,22434.1294,23234.6261,30345.2089
2019-04-16 09:31:00-04:00,19940.1572,22497.9989,23196.2184,30295.0472
2019-04-17 09:31:00-04:00,19958.9031,22451.2588,23148.0277,30232.1085
2019-04-18 09:31:00-04:00,19971.6694,22462.3945,23138.4851,30219.6455
2019-04-22 09:31:00-04:00,20035.3272,22515.2782,23076.4138,30138.5783
2019-04-23 09:31:00-04:00,20090.6164,22603.8257,23170.8236,30257.2496
2019-04-24 09:31:00-04:00,20147.3669,22694.1413,23270.8246,30467.6915
2019-04-25 09:31:00-04:00,20165.3124,22717.5599,23294.8384,30499.1319
2019-04-26 09:31:00-04:00,20127.2454,22697.2689,23320.368,30355.9261
2019-04-29 09:31:00-04:00,20219.9067,22690.7564,23509.6704,30433.8113
2019-04-30 09:31:00-04:00,20192.4127,22659.9027,23477.7032,30392.4289
2019-05-01 09:31:00-04:00,20223.2703,22698.305,23567.4298,30298.2185
2019-05-02 09:31:00-04:00,20014.8011,22444.4658,23357.185,30121.0183
2019-05-03 09:31:00-04:00,19953.4161,22384.027,23341.1123,30133.1204
2019-05-06 09:31:00-04:00,20027.0295,22514.8512,23472.9656,30300.173
2019-05-07 09:31:00-04:00,20121.4352,22698.5337,23678.9411,30637.9363
2019-05-08 09:31:00-04:00,20215.247,22912.9341,23969.3504,30835.073
2019-05-09 09:31:00-04:00,20119.1425,22438.5866,23473.1328,30196.72
2019-05-10 09:31:00-04:00,20161.9701,22567.5102,23687.5396,30417.8349
2019-05-13 09:31:00-04:00,20123.6373,22597.5189,23768.1785,30791.5981
2019-05-14 09:31:00-04:00,19938.0951,22479.8094,23763.9644,30638.999
2019-05-15 09:31:00-04:00,19857.3026,22434.3684,23712.6892,30614.2724
2019-05-16 09:31:00-04:00,19905.4944,22487.5149,23827.8843,31061.0821
2019-05-17 09:31:00-04:00,19826.1459,22408.7526,23792.3947,31174.0651
2019-05-20 09:31:00-04:00,19716.2358,22337.7156,23771.8336,31000.1992
2019-05-21 09:31:00-04:00,19719.6481,22374.5178,23675.3999,30822.5623
2019-05-22 09:31:00-04:00,19639.3599,22329.1857,23569.3938,30684.5549
2019-05-23 09:31:00-04:00,19433.2347,22067.3264,23292.9902,30324.7103
2019-05-24 09:31:00-04:00,19145.5031,21881.7274,23030.956,29792.2793
2019-05-27 09:31:00-04:00,19198.944,21969.509,23201.8944,29945.8258
2019-05-28 09:31:00-04:00,19198.944,21969.509,23201.8944,29945.8258
2019-05-29 09:31:00-04:00,19307.9403,21936.6806,23222.4343,30034.2362
2019-05-30 09:31:00-04:00,19270.9602,21731.8944,22883.4755,29516.0575
2019-05-31 09:31:00-04:00,19262.9414,21699.0473,22897.3564,29469.7166
2019-06-03 09:31:00-04:00,19260.1446,21642.9726,22792.2977,29334.5023
2019-06-04 09:31:00-04:00,19129.6217,21542.3348,22783.4263,29601.22
2019-06-05 09:31:00-04:00,19071.9589,21499.5572,22785.053,29947.2094
2019-06-06 09:31:00-04:00,19108.4602,21529.2901,22816.9859,30033.5159
2019-06-07 09:31:00-04:00,19160.2768,21482.4618,22812.5717,30080.1329
2019-06-10 09:31:00-04:00,19200.3853,21576.5717,22911.3307,30405.3519
2019-06-11 09:31:00-04:00,19218.228,21638.9245,22930.971,30519.6984
2019-06-12 09:31:00-04:00,19312.334,21746.2002,23063.1177,30723.6942
2019-06-13 09:31:00-04:00,19344.7501,21766.6577,23067.2899,30729.2522
2019-06-14 09:31:00-04:00,19284.3654,21698.713,22995.2853,30633.3308
2019-06-17 09:31:00-04:00,19292.1739,21709.7522,22981.0071,30614.31
2019-06-18 09:31:00-04:00,19284.2903,21725.3364,22988.9375,30624.8745
2019-06-19 09:31:00-04:00,19375.8381,21861.1168,23036.6424,30699.7619
2019-06-20 09:31:00-04:00,19466.0135,21887.884,22969.9704,30610.9115
2019-06-21 09:31:00-04:00,19486.042,21919.7156,23006.4615,30624.9722
2019-06-24 09:31:00-04:00,19447.0917,21919.5547,23008.2486,30569.0648
2019-06-25 09:31:00-04:00,19447.0917,21919.5547,23008.2486,30569.0648
2019-06-26 09:31:00-04:00,19500.4533,22004.6544,23192.6182,30940.7505
2019-06-27 09:31:00-04:00,19429.7244,21946.2601,23124.6392,30850.0612
2019-06-28 09:31:00-04:00,19407.4446,21909.2997,23085.6943,30798.1057
2019-07-01 09:31:00-04:00,19361.5879,21816.3825,22987.788,30667.4912
2019-07-02 09:31:00-04:00,19395.6308,21882.437,23057.2038,30743.291
2019-07-03 09:31:00-04:00,19248.1665,21738.3508,22913.3279,30551.4544
2019-07-04 09:31:00-04:00,19283.5322,21779.8816,22980.5049,30641.0247
2019-07-05 09:31:00-04:00,19283.5322,21779.8816,22980.5049,30641.0247
2019-07-08 09:31:00-04:00,19234.7575,21744.1233,22990.7458,30653.3825
2019-07-09 09:31:00-04:00,19231.2181,21740.1222,22986.5153,30647.742
2019-07-10 09:31:00-04:00,19300.5348,21864.571,23117.7017,30809.9028
2019-07-11 09:31:00-04:00,19135.5555,21699.3803,22924.7093,30552.694
2019-07-12 09:31:00-04:00,19003.6253,21542.4722,22737.0825,30302.6361
2019-07-15 09:31:00-04:00,19020.3645,21573.7462,22770.0907,30346.6275
2019-07-16 09:31:00-04:00,19013.916,21566.432,22762.371,30336.3391
2019-07-17 09:31:00-04:00,19034.7291,21605.7518,22783.9552,30365.1053
2019-07-18 09:31:00-04:00,19069.5492,21647.6164,22852.2953,30456.185
2019-07-19 09:31:00-04:00,18941.1594,21546.6447,22775.3042,30329.0819
2019-07-22 09:31:00-04:00,19027.7183,21672.5395,22960.4129,30643.5796
2019-07-23 09:31:00-04:00,19056.9047,21708.6358,22999.0369,30695.1282
2019-07-24 09:31:00-04:00,19019.2538,21688.7607,22960.5419,30643.7518
2019-07-25 09:31:00-04:00,19070.4327,21770.6056,23049.8086,30846.6854
2019-07-26 09:31:00-04:00,19128.5183,21853.9555,23099.1342,30912.696
2019-07-29 09:31:00-04:00,19017.7515,21727.4066,22965.3748,30733.6909
2019-07-30 09:31:00-04:00,18972.3436,21693.7706,22977.6064,30719.5459
2019-07-31 09:31:00-04:00,19007.8039,21734.8551,23067.3954,30730.3258
2019-08-01 09:31:00-04:00,19046.796,21786.9532,23180.7479,31090.7964
2019-08-02 09:31:00-04:00,19125.0895,21971.7955,23385.9328,31691.808
2019-08-05 09:31:00-04:00,19047.2647,21855.0371,23171.7959,31451.7732
2019-08-06 09:31:00-04:00,19199.7092,22060.8428,23389.1581,31791.6426
2019-08-07 09:31:00-04:00,19041.7412,21931.6768,23163.7009,31385.8166
2019-08-08 09:31:00-04:00,18667.7579,21495.502,22798.9765,31138.0171
2019-08-09 09:31:00-04:00,18687.0594,21542.5318,22901.4758,31590.9006
2019-08-12 09:31:00-04:00,18815.7712,21815.7115,23296.6444,31651.9798
2019-08-13 09:31:00-04:00,18799.4144,21469.355,22976.8501,31152.0916
2019-08-14 09:31:00-04:00,18919.5538,21684.3037,23209.2824,31695.2406
2019-08-15 09:31:00-04:00,18898.1662,21722.7688,23287.1515,31895.2357
2019-08-16 09:31:00-04:00,18767.8926,21649.0793,23206.048,31221.449
2019-08-19 09:31:00-04:00,18853.7101,21732.0118,23319.0445,31293.762
2019-08-20 09:31:00-04:00,18787.8766,21620.5789,23199.474,31133.3004
2019-08-21 09:31:00-04:00,18686.4434,21503.9708,23039.0666,30918.0364
2019-08-22 09:31:00-04:00,18594.2472,21419.3315,22929.6802,30771.2417
2019-08-23 09:31:00-04:00,18562.6163,21407.0423,22893.1863,30820.2944
2019-08-26 09:31:00-04:00,18619.825,21346.8054,22887.3641,31293.2797
2019-08-27 09:31:00-04:00,18656.2332,21386.3607,22858.5108,31253.8294
2019-08-28 09:31:00-04:00,18710.3724,21470.9015,22972.2315,31429.6515
2019-08-29 09:31:00-04:00,18738.7647,21595.7982,23153.2273,31521.8532
2019-08-30 09:31:00-04:00,18773.0642,21611.6033,23218.1755,31382.3666
2019-09-02 09:31:00-04:00,18827.4338,21702.9325,23290.7684,31466.0819
2019-09-03 09:31:00-04:00,18727.233,21504.6028,23077.9285,31178.5329
2019-09-04 09:31:00-04:00,18800.056,21617.916,23116.7325,31183.2651
2019-09-05 09:31:00-04:00,18763.9124,21620.0847,23098.6288,31158.8441
2019-09-06 09:31:00-04:00,18773.7146,21654.044,23183.3404,31240.5099
2019-09-09 09:31:00-04:00,18558.1894,21405.4521,22917.192,30881.8638
2019-09-10 09:31:00-04:00,18592.8434,21423.0307,22986.6753,30905.7152
2019-09-11 09:31:00-04:00,18711.3582,21456.9563,23007.7949,30934.1106
2019-09-12 09:31:00-04:00,18814.4194,21578.6051,23138.8822,31108.8379
2019-09-13 09:31:00-04:00,18615.9406,21343.248,22886.5072,30769.5348
2019-09-16 09:31:00-04:00,18530.7512,21238.3968,22774.0745,30618.3759
2019-09-17 09:31:00-04:00,18418.5903,21109.8474,22636.2302,30433.0525
2019-09-18 09:31:00-04:00,18435.0505,21150.1111,22679.5078,30491.2366
2019-09-19 09:31:00-04:00,18504.6388,21278.9157,22930.7174,30512.6927
2019-09-20 09:31:00-04:00,18499.8656,21291.6784,22875.5384,30439.2689
2019-09-23 09:31:00-04:00,18551.9735,21377.3784,23041.0004,30722.1803
2019-09-24 09:31:00-04:00,18582.3331,21254.8988,22908.9892,30546.1606
2019-09-25 09:31:00-04:00,18618.7121,21299.352,23007.5636,31036.1154
2019-09-26 09:31:00-04:00,18584.3473,21329.3707,23093.4816,31353.0856
2019-09-27 09:31:00-04:00,18685.1365,21366.5837,23181.3468,31350.5651
2019-09-30 09:31:00-04:00,18652.6712,21397.9838,23200.4205,31354.9026
2019-10-01 09:31:00-04:00,18720.8547,21454.1632,23312.1224,31452.3796
2019-10-02 09:31:00-04:00,18651.1288,21399.386,23307.2113,31703.6014
2019-10-03 09:31:00-04:00,18585.3271,21327.2169,23226.922,31687.0847
2019-10-04 09:31:00-04:00,18645.8124,21471.2689,23209.2625,31939.7018
2019-10-07 09:31:00-04:00,18680.6283,21512.2731,23300.694,32142.8597
2019-10-08 09:31:00-04:00,18721.7358,21603.6253,23402.1409,32085.4272
2019-10-09 09:31:00-04:00,18478.9117,21419.189,23191.5499,31735.1822
2019-10-10 09:31:00-04:00,18497.6099,21464.6925,23241.9746,31743.7419
2019-10-11 09:31:00-04:00,18419.7332,21423.1225,23246.7583,31661.1396
2019-10-14 09:31:00-04:00,18278.454,21296.846,23009.9198,31338.5752
2019-10-15 09:31:00-04:00,18295.8829,21250.9931,22960.3786,31271.102
2019-10-16 09:31:00-04:00,18328.5239,21331.9627,23141.0419,31435.3568
2019-10-17 09:31:00-04:00,18300.9474,21299.8674,23106.2247,31388.0604
2019-10-18 09:31:00-04:00,18307.1943,21352.9574,23172.0787,31405.9829
2019-10-21 09:31:00-04:00,18351.1022,21448.2166,23280.2901,31610.1812
2019-10-22 09:31:00-04:00,18400.5127,21397.0911,23211.0995,31516.2336
2019-10-23 09:31:00-04:00,18434.2465,21480.7269,23302.8963,31780.9489
2019-10-24 09:31:00-04:00,18462.7693,21503.3422,23327.43,31814.4084
2019-10-25 09:31:00-04:00,18436.2744,21497.4322,23295.8189,31771.2967
2019-10-28 09:31:00-04:00,18487.002,21581.0887,23436.4727,32021.5509
2019-10-29 09:31:00-04:00,18519.7775,21585.8135,23441.6037,32028.5614
2019-10-30 09:31:00-04:00,18587.8599,21658.1785,23504.8152,32114.9281
2019-10-31 09:31:00-04:00,18459.3199,21420.1566,23293.956,31780.6471
2019-11-01 09:31:00-04:00,18509.4698,21393.5494,23313.8661,31741.4429
2019-11-04 09:31:00-05:00,18468.0094,21367.499,23174.3213,31551.4551
2019-11-05 09:31:00-05:00,18468.0094,21367.499,23174.3213,31551.4551
2019-11-06 09:31:00-05:00,18428.0609,21321.2786,23124.1925,31483.2055
2019-11-07 09:31:00-05:00,18446.536,21239.1362,23035.1043,31361.9134
2019-11-08 09:31:00-05:00,18483.4658,21195.4162,22956.4797,31254.8674
2019-11-11 09:31:00-05:00,18551.7854,21145.5147,22925.1722,31212.2427
2019-11-12 09:31:00-05:00,18569.0968,21166.7153,22948.1572,31243.5363
2019-11-13 09:31:00-05:00,18568.1259,21101.7868,22851.2946,31111.6596
2019-11-14 09:31:00-05:00,18463.3279,20983.8583,22723.589,30937.7905
2019-11-15 09:31:00-05:00,18412.8892,20933.5265,22644.9579,30830.7356
2019-11-18 09:31:00-05:00,18412.8892,20933.5265,22644.9579,30830.7356
2019-11-19 09:31:00-05:00,18449.9969,20977.6729,22698.7661,30903.9945
2019-11-20 09:31:00-05:00,18341.2132,20845.1421,22555.3619,30708.7521
2019-11-21 09:31:00-05:00,18374.3295,20844.9483,22600.5394,30779.8696
2019-11-22 09:31:00-05:00,18269.9395,20726.5219,22472.139,30604.9999
2019-11-25 09:31:00-05:00,18286.7142,20767.0696,22437.4985,30557.8227
2019-11-26 09:31:00-05:00,18305.0365,20795.613,22468.3379,30599.8231
2019-11-27 09:31:00-05:00,18305.0365,20795.613,22468.3379,30599.8231
2019-11-28 09:31:00-05:00,18334.2254,20822.6944,22497.5976,30639.6722
2019-11-29 09:31:00-05:00,18334.2254,20822.6944,22497.5976,30639.6722
2019-12-02 09:31:00-05:00,18304.7746,20789.2464,22461.4591,30590.4549
2019-12-03 09:31:00-05:00,18202.0671,20715.177,22383.6682,30661.8085
2019-12-04 09:31:00-05:00,18144.5681,20693.1288,22363.524,30661.3446
2019-12-05 09:31:00-05:00,18144.5681,20693.1288,22363.524,30661.3446
2019-12-06 09:31:00-05:00,18088.868,20614.5577,22278.6105,30544.9246
2019-12-09 09:31:00-05:00,18077.0118,20601.046,22264.0082,30524.9041
2019-12-10 09:31:00-05:00,18042.9799,20603.6855,22253.3789,30510.331
2019-12-11 09:31:00-05:00,18091.145,20556.4978,22184.9489,30416.5104
2019-12-12 09:31:00-05:00,18105.9406,20579.132,22209.3761,30450.0013
2019-12-13 09:31:00-05:00,18206.4426,20487.8069,22127.4195,30406.4665
2019-12-16 09:31:00-05:00,18017.6918,20295.8654,21964.3137,30163.7753
2019-12-17 09:31:00-05:00,17990.3411,20265.0564,21930.972,30117.987
2019-12-18 09:31:00-05:00,17990.3411,20265.0564,21930.972,30117.987
2019-12-19 09:31:00-05:00,17929.8836,20196.9546,21857.2719,30016.7739
2019-12-20 09:31:00-05:00,17964.4576,20235.96,21899.4838,30074.7438
2019-12-23 09:31:00-05:00,17964.4576,20235.96,21899.4838,30074.7438
2019-12-24 09:31:00-05:00,17964.4576,20235.96,21899.4838,30074.7438
2019-12-26 09:31:00-05:00,17964.4576,20235.96,21899.4838,30074.7438
2019-12-27 09:31:00-05:00,17980.988,20273.2711,21939.862,30130.1956
2019-12-30 09:31:00-05:00,18013.5934,20351.7032,21958.4187,30155.6797
2019-12-31 09:31:00-05:00,17947.539,20306.6853,21931.3936,30122.527
2020-01-02 09:31:00-05:00,17979.3153,20345.3201,21969.579,30174.9743
2020-01-03 09:31:00-05:00,17918.8698,20297.6672,21962.9284,30181.1335
2020-01-06 09:31:00-05:00,17880.5355,20256.6001,21924.2034,30127.9182
2020-01-07 09:31:00-05:00,17913.6717,20336.5848,22102.7954,30421.2226
2020-01-08 09:31:00-05:00,17831.4197,20220.9764,21977.1466,30248.2856
2020-01-09 09:31:00-05:00,17704.8614,20098.6333,21890.2063,30099.6858
2020-01-10 09:31:00-05:00,17664.7338,20073.3398,21842.5216,30034.1179
2020-01-13 09:31:00-05:00,17715.6408,20150.9329,21929.1444,30113.0389
2020-01-14 09:31:00-05:00,17732.6598,20192.068,22014.3604,30230.0572
2020-01-15 09:31:00-05:00,17667.9175,19996.5208,21801.1654,29937.2985
2020-01-16 09:31:00-05:00,17716.2558,20034.8244,21815.3939,29956.837
2020-01-17 09:31:00-05:00,17655.8179,19983.9342,21759.9809,29880.744
2020-01-20 09:31:00-05:00,17597.0213,19920.4293,21690.8322,29785.7891
2020-01-21 09:31:00-05:00,17597.0213,19920.4293,21690.8322,29785.7891
2020-01-22 09:31:00-05:00,17496.858,19797.518,21556.9972,29602.0074
2020-01-23 09:31:00-05:00,17544.0114,19858.3731,21577.2294,29629.7902
2020-01-24 09:31:00-05:00,17591.5337,19934.5478,21664.4257,29736.6222
2020-01-27 09:31:00-05:00,17624.9732,19974.6902,21754.2771,30025.8273
2020-01-28 09:31:00-05:00,17622.3421,19779.289,21509.4942,29687.9715
2020-01-29 09:31:00-05:00,17642.1241,19826.0691,21613.8199,29844.3392
2020-01-30 09:31:00-05:00,17551.4921,19748.4511,21553.6772,29718.7877
2020-01-31 09:31:00-05:00,17445.8658,19703.4009,21565.8083,29678.5416
2020-02-03 09:31:00-05:00,17500.8267,19824.9822,21745.279,30109.003
2020-02-04 09:31:00-05:00,17511.6129,19855.1506,21827.3882,30254.5018
2020-02-05 09:31:00-05:00,17547.1951,19935.5269,21918.9752,30476.0241
2020-02-06 09:31:00-05:00,17545.7909,19940.8832,21896.0661,30487.9542
2020-02-07 09:31:00-05:00,17583.1084,20022.2076,21984.1489,30610.6001
2020-02-10 09:31:00-05:00,17532.5387,19951.7355,21951.314,30518.8077
2020-02-11 09:31:00-05:00,17628.3929,20106.8997,22124.1296,30830.7735
2020-02-12 09:31:00-05:00,17693.9405,20100.767,22154.6435,30849.1107
2020-02-13 09:31:00-05:00,17680.1693,20069.5761,22120.0948,30801.0035
2020-02-14 09:31:00-05:00,17675.9372,20105.2859,22183.1562,30843.877
2020-02-17 09:31:00-05:00,17539.6682,19868.3725,21921.7579,30480.424
2020-02-18 09:31:00-05:00,17539.6682,19868.3725,21921.7579,30480.424
2020-02-19 09:31:00-05:00,17501.7639,19830.9419,21855.7483,30388.643
2020-02-20 09:31:00-05:00,17548.1398,19868.1732,21853.6873,30385.7773
2020-02-21 09:31:00-05:00,17509.7487,19848.0626,21882.9473,30525.7452
2020-02-24 09:31:00-05:00,17583.1671,19973.377,22075.7725,30873.2463
2020-02-25 09:31:00-05:00,17683.444,20216.5586,22102.5364,30676.3823
2020-02-26 09:31:00-05:00,17757.2231,20350.8696,22404.894,31693.4021
2020-02-27 09:31:00-05:00,17578.0065,20287.2924,22565.1637,31712.6611
2020-02-28 09:31:00-05:00,17364.7893,19879.7269,22069.1372,31039.0499
2020-03-02 09:31:00-05:00,17209.0341,19444.5058,21609.0738,29656.0016
2020-03-03 09:31:00-05:00,17123.5027,19442.3861,21858.3962,30181.1856
2020-03-04 09:31:00-05:00,17131.6466,19620.4896,22197.1172,29783.5123
2020-03-05 09:31:00-05:00,16885.3333,19262.8423,21896.4404,29767.7414
2020-03-06 09:31:00-05:00,16823.6228,19126.0445,21879.6815,29805.1075
2020-03-09 09:31:00-04:00,16709.3145,18775.5577,21419.631,29346.9504
2020-03-10 09:31:00-04:00,16866.235,18907.7085,21398.8328,30098.5477
2020-03-11 09:31:00-04:00,17156.425,19359.7476,21784.6535,30753.0885
2020-03-12 09:31:00-04:00,17243.7369,19563.6291,21792.3751,30653.9445
2020-03-13 09:31:00-04:00,17462.9741,20090.3905,22011.282,30733.4987
2020-03-16 09:31:00-04:00,17505.8345,19937.5975,21084.4398,30037.408
2020-03-17 09:31:00-04:00,17364.5276,20084.871,21056.5589,31246.4587
2020-03-18 09:31:00-04:00,16803.7927,19526.0293,20673.3105,31763.9946
2020-03-19 09:31:00-04:00,16438.9706,18881.6664,20113.2036,30108.4351
2020-03-20 09:31:00-04:00,15930.4857,18537.3753,19792.5109,29876.2064
2020-03-23 09:31:00-04:00,16089.0161,18843.2588,19808.7501,31356.8061
2020-03-24 09:31:00-04:00,15575.1166,18079.7885,18751.5795,27467.5291
2020-03-25 09:31:00-04:00,15156.8052,17827.7012,17916.0069,26098.2461
2020-03-26 09:31:00-04:00,14876.7126,17513.9178,17684.0201,25574.4612
2020-03-27 09:31:00-04:00,14910.9912,17517.0773,17469.5518,25422.7507
2020-03-30 09:31:00-04:00,14695.5903,17383.7802,17166.5489,24977.8865
2020-03-31 09:31:00-04:00,14698.2579,17432.4759,17181.6995,25349.3939
2020-04-01 09:31:00-04:00,14829.8123,17484.3988,17245.748,25524.6494
2020-04-02 09:31:00-04:00,14827.7072,17530.2887,17370.2246,25663.8311
2020-04-03 09:31:00-04:00,14830.6876,17557.4457,17515.5916,25856.5287
2020-04-06 09:31:00-04:00,14797.2321,17425.8985,17470.2796,25831.8846
2020-04-07 09:31:00-04:00,14840.3293,17432.8613,17553.098,26588.5875
2020-04-08 09:31:00-04:00,14878.8573,17567.9374,17842.6431,26862.845
2020-04-09 09:31:00-04:00,14952.238,17591.7317,17990.5894,27110.4747
2020-04-13 09:31:00-04:00,14909.0006,17620.6107,18074.8989,26778.9552
2020-04-14 09:31:00-04:00,15008.7454,17500.725,17796.224,26595.4922
2020-04-15 09:31:00-04:00,15014.952,17499.3362,17878.0593,26898.1907
2020-04-16 09:31:00-04:00,15025.5632,17509.7223,18001.1226,26979.6648
2020-04-17 09:31:00-04:00,15089.675,17657.7003,18233.6723,26927.562
2020-04-20 09:31:00-04:00,15256.7615,17833.841,18519.6563,26823.1784
2020-04-21 09:31:00-04:00,15269.9898,17679.0289,18435.6984,26794.2849
2020-04-22 09:31:00-04:00,15241.6195,17679.9663,18563.3675,26989.3699
2020-04-23 09:31:00-04:00,15246.3271,17584.4117,18462.5673,26939.9885
2020-04-24 09:31:00-04:00,15173.278,17519.0589,18620.1226,26928.3212
2020-04-27 09:31:00-04:00,15191.7355,17560.1013,18703.764,27307.938
2020-04-28 09:31:00-04:00,15274.6054,17546.7256,18692.3769,27223.5693
2020-04-29 09:31:00-04:00,15321.458,17615.3915,18843.3222,27805.8382
2020-04-30 09:31:00-04:00,15291.483,17642.8921,18929.5289,27965.5049
2020-05-01 09:31:00-04:00,14999.7137,17325.4948,18607.7916,27212.5002
2020-05-04 09:31:00-04:00,14974.5247,17353.0484,18692.8713,27413.7206
2020-05-05 09:31:00-04:00,15032.8565,17382.3681,18849.7566,27550.1399
2020-05-06 09:31:00-04:00,15145.4219,17591.8019,19134.3181,27681.5092
2020-05-07 09:31:00-04:00,15185.1059,17667.48,19187.9576,27505.6186
2020-05-08 09:31:00-04:00,15209.3628,17719.3622,19123.5212,27413.2502
2020-05-11 09:31:00-04:00,15264.5995,17822.4979,19230.4348,27554.3393
2020-05-12 09:31:00-04:00,15365.0883,17964.3512,19391.3934,27830.5175
2020-05-13 09:31:00-04:00,15524.5357,18024.0604,19410.1661,28263.2855
2020-05-14 09:31:00-04:00,15583.1616,18134.5924,19655.761,28583.0863
2020-05-15 09:31:00-04:00,15597.0863,18281.2455,19967.6953,29013.6972
2020-05-18 09:31:00-04:00,15554.8353,18187.7925,19945.0251,29132.6143
2020-05-19 09:31:00-04:00,15539.1016,18127.5522,19897.1357,28956.6694
2020-05-20 09:31:00-04:00,15583.2893,18095.4563,19789.5358,28858.592
2020-05-21 09:31:00-04:00,15495.0754,17978.7041,19664.3472,28639.8225
2020-05-22 09:31:00-04:00,15602.7926,18081.0826,19778.3935,28776.0182
2020-05-25 09:31:00-04:00,15673.6784,18111.5192,19816.1218,28789.7786
2020-05-26 09:31:00-04:00,15673.6784,18111.5192,19816.1218,28789.7786
2020-05-27 09:31:00-04:00,15746.6106,18254.7809,20056.194,29185.5099
2020-05-28 09:31:00-04:00,15867.2276,18437.0784,20389.6168,29799.4426
2020-05-29 09:31:00-04:00,15961.4323,18630.4437,20738.4136,30065.5536
2020-06-01 09:31:00-04:00,15797.947,18436.8065,20271.1342,29462.9639
2020-06-02 09:31:00-04:00,15888.2194,18524.0118,20368.6302,29585.8854
2020-06-03 09:31:00-04:00,15745.4342,18405.7208,20241.5606,29434.446
2020-06-04 09:31:00-04:00,15711.0663,18293.3525,20074.1171,29190.9565
2020-06-05 09:31:00-04:00,15695.1363,18351.0289,20267.4589,29315.4024
2020-06-08 09:31:00-04:00,15752.4722,18481.9027,20470.1272,29622.7552
2020-06-09 09:31:00-04:00,15812.3449,18560.014,20493.2833,29801.1563
2020-06-10 09:31:00-04:00,15828.6092,18579.7291,20557.1508,30001.5997
2020-06-11 09:31:00-04:00,15683.2768,18334.5324,20373.8775,29521.262
2020-06-12 09:31:00-04:00,15677.6134,18389.0359,20433.2529,30222.1994
2020-06-15 09:31:00-04:00,15721.2978,18471.4773,20494.4009,30324.4765
2020-06-16 09:31:00-04:00,15751.0102,18482.7982,20486.1725,30594.282
2020-06-17 09:31:00-04:00,15423.4861,18068.0154,20019.6714,29951.8281
2020-06-18 09:31:00-04:00,15485.3313,18218.1151,20050.3249,29792.0084
2020-06-19 09:31:00-04:00,15292.9277,17956.3682,19762.2539,29363.9747
2020-06-22 09:31:00-04:00,15349.3402,18004.5341,19855.7253,29597.3337
2020-06-23 09:31:00-04:00,15393.1003,18113.7983,20010.5657,29881.8591
2020-06-24 09:31:00-04:00,15370.9981,18091.8726,19989.431,29882.7443
2020-06-25 09:31:00-04:00,15456.7823,18202.6215,20193.7801,30288.9756
2020-06-26 09:31:00-04:00,15567.7942,18401.2708,20468.1117,30596.4202
2020-06-29 09:31:00-04:00,15611.4181,18376.5543,20613.0471,30929.0303
2020-06-30 09:31:00-04:00,15674.1841,18494.2897,20885.2226,31350.0962
2020-07-01 09:31:00-04:00,15780.486,18642.3727,21137.8048,31795.0668
2020-07-02 09:31:00-04:00,15746.6752,18544.7925,21116.6191,31754.9406
2020-07-03 09:31:00-04:00,15619.1138,18420.9645,21015.5662,31471.8699
2020-07-06 09:31:00-04:00,15632.995,18418.308,21012.5356,31467.3313
2020-07-07 09:31:00-04:00,15654.9365,18385.4001,20948.1646,31398.0194
2020-07-08 09:31:00-04:00,15583.3977,18310.2901,20996.4789,31467.1072
2020-07-09 09:31:00-04:00,15377.6448,18097.8069,20815.7128,31133.2039
2020-07-10 09:31:00-04:00,15465.4166,18280.4378,21081.5166,31387.5925
2020-07-13 09:31:00-04:00,15547.9987,18450.3508,21296.5806,31600.1866
2020-07-14 09:31:00-04:00,15442.5604,18299.8868,21210.7336,32392.7668
2020-07-15 09:31:00-04:00,15454.7996,18412.4945,21555.4565,32470.2023
2020-07-16 09:31:00-04:00,15302.3494,17899.1154,20962.2008,31579.5729
2020-07-17 09:31:00-04:00,15321.2479,17966.286,21134.2993,31688.3551
2020-07-20 09:31:00-04:00,15298.1489,17983.8758,21203.471,31674.6593
2020-07-21 09:31:00-04:00,15328.7678,18060.2254,21220.2247,32347.4464
2020-07-22 09:31:00-04:00,15362.6151,18168.4837,21405.1461,32368.9587
2020-07-23 09:31:00-04:00,15309.079,18118.4249,21341.9467,32209.1596
2020-07-24 09:31:00-04:00,15370.3959,18105.1248,21335.186,32726.5157
2020-07-27 09:31:00-04:00,15542.023,18218.6214,21325.9458,32464.8861
2020-07-28 09:31:00-04:00,15528.2433,18166.2137,21398.401,32530.3566
2020-07-29 09:31:00-04:00,15586.5724,18201.8562,21324.6992,32465.1365
2020-07-30 09:31:00-04:00,15486.9043,18116.4388,21235.9255,32227.639
2020-07-31 09:31:00-04:00,15485.3927,18066.5356,21164.8356,32305.7589
2020-08-03 09:31:00-04:00,15543.4742,18091.3381,21240.1684,32476.2708
2020-08-04 09:31:00-04:00,15501.9169,18047.1544,21057.5875,32197.1042
2020-08-05 09:31:00-04:00,15597.0043,18144.4019,20965.5061,32056.3115
2020-08-06 09:31:00-04:00,15506.1295,18031.409,20834.945,31856.6832
2020-08-07 09:31:00-04:00,15388.4096,17913.3533,20743.7359,31908.6337
2020-08-10 09:31:00-04:00,15359.1422,17906.5381,20741.3362,31973.2437
2020-08-11 09:31:00-04:00,15354.2683,17940.2867,20767.3382,32132.1529
2020-08-12 09:31:00-04:00,15297.2838,17994.7323,20638.4779,31982.8868
2020-08-13 09:31:00-04:00,15313.6902,18035.4906,20734.4472,32332.2626
2020-08-14 09:31:00-04:00,15398.7351,18153.8056,20916.2623,32365.585
2020-08-17 09:31:00-04:00,15272.4038,18015.4842,20755.4101,32065.3322
2020-08-18 09:31:00-04:00,15313.9457,18051.3053,20778.702,32101.3162
2020-08-19 09:31:00-04:00,15306.9458,18122.0436,20870.4552,31947.347
2020-08-20 09:31:00-04:00,15352.9261,18108.5999,20910.0478,31873.001
2020-08-21 09:31:00-04:00,15409.4373,18216.1137,21080.0042,32307.7794
2020-08-24 09:31:00-04:00,15469.2862,18310.8874,21199.7356,32417.5437
2020-08-25 09:31:00-04:00,15494.8228,18404.5567,21410.2544,32511.6442
2020-08-26 09:31:00-04:00,15568.3468,18478.8021,21588.3287,32749.5794
2020-08-27 09:31:00-04:00,15613.4656,18552.7189,21766.4129,33184.6128
2020-08-28 09:31:00-04:00,15403.4762,18257.0524,21398.4626,32385.3884
2020-08-31 09:31:00-04:00,15222.3431,18027.1941,21104.1752,31940.0007
2020-09-01 09:31:00-04:00,15279.942,18137.513,21285.7507,32060.7911
2020-09-02 09:31:00-04:00,15287.925,18164.4791,21378.7595,32180.0606
2020-09-03 09:31:00-04:00,15361.2502,18278.9947,21656.6445,32468.8905
2020-09-04 09:31:00-04:00,15408.9564,18359.4317,21767.1223,33549.3344
2020-09-07 09:31:00-04:00,15463.8577,18384.1003,21763.8839,33812.4015
2020-09-08 09:31:00-04:00,15465.8658,18388.4665,21761.2722,33808.344
2020-09-09 09:31:00-04:00,15564.4096,18535.6267,21967.4488,34240.428
2020-09-10 09:31:00-04:00,15633.9766,18668.346,22065.2217,34368.8654
2020-09-11 09:31:00-04:00,15635.2687,18659.8598,22014.1962,34846.5168
2020-09-14 09:31:00-04:00,15520.2047,18479.0638,21991.3557,34274.2963
2020-09-15 09:31:00-04:00,15389.6781,18328.3843,21822.9461,33927.5691
2020-09-16 09:31:00-04:00,15447.4106,18426.3462,21704.3573,33549.6927
2020-09-17 09:31:00-04:00,15502.5764,18450.9528,21782.1079,33811.69
2020-09-18 09:31:00-04:00,15654.8053,18649.8148,21929.7652,33880.8433
2020-09-21 09:31:00-04:00,15548.23,18504.2744,21854.8957,34057.4281
2020-09-22 09:31:00-04:00,15730.8061,18491.4092,21709.5595,34092.2853
2020-09-23 09:31:00-04:00,15681.4892,18417.7926,21672.0315,34164.167
2020-09-24 09:31:00-04:00,15765.9354,18627.7278,21944.7582,35033.0541
2020-09-25 09:31:00-04:00,15572.4091,18471.6124,21916.6989,34496.2851
2020-09-28 09:31:00-04:00,15536.6258,18245.6162,21664.8361,34677.119
2020-09-29 09:31:00-04:00,15525.8695,18333.9212,21531.6832,34487.7795
2020-09-30 09:31:00-04:00,15387.9283,18167.6775,21260.0012,34052.6204
2020-10-01 09:31:00-04:00,15386.5093,18271.6133,21528.6357,34209.7396
2020-10-02 09:31:00-04:00,15326.5376,18216.7182,21286.826,33825.4958
2020-10-05 09:31:00-04:00,15435.5457,18452.2177,21676.2109,34146.0513
2020-10-06 09:31:00-04:00,15495.0022,18564.9072,21863.5445,34467.5043
2020-10-07 09:31:00-04:00,15508.5607,18550.3663,21988.2433,34403.68
2020-10-08 09:31:00-04:00,15596.0678,18540.5101,22004.6016,34435.1696
2020-10-09 09:31:00-04:00,15453.2747,18356.2122,21785.1587,34091.7617
2020-10-12 09:31:00-04:00,15509.6433,18461.5891,21930.773,34288.9812
2020-10-13 09:31:00-04:00,15485.9753,18314.6114,21801.7384,34388.626
2020-10-14 09:31:00-04:00,15332.5536,17998.6217,21355.2532,33601.8961
2020-10-15 09:31:00-04:00,15424.6373,18128.7116,21493.1888,33832.1541
2020-10-16 09:31:00-04:00,15498.9332,18190.1356,21398.7468,33574.5569
2020-10-19 09:31:00-04:00,15586.789,18373.0331,21504.1105,33803.2074
2020-10-20 09:31:00-04:00,15660.969,18559.3558,21868.2677,34560.5773
2020-10-21 09:31:00-04:00,15810.5101,18594.2136,21770.5296,34074.6223
2020-10-22 09:31:00-04:00,15749.5637,18599.1642,21808.713,33958.771
2020-10-23 09:31:00-04:00,15841.7093,18774.0233,21840.0038,34124.0901
2020-10-26 09:31:00-04:00,15878.909,18841.2318,21916.2162,34235.2319
2020-10-27 09:31:00-04:00,15866.9077,18842.1043,22001.8739,34556.4229
2020-10-28 09:31:00-04:00,15908.0064,18973.2562,22020.7509,34385.6172
2020-10-29 09:31:00-04:00,16050.453,19202.3112,22300.0445,35060.1694
2020-10-30 09:31:00-04:00,16142.1459,19398.4122,22487.8128,35141.9575
2020-11-02 09:31:00-05:00,16209.2574,19569.3328,22786.3525,35673.0283
2020-11-03 09:31:00-05:00,16138.0469,19535.1299,22777.9553,35788.2615
2020-11-04 09:31:00-05:00,16053.1529,19471.3759,22600.9611,35778.7413
2020-11-05 09:31:00-05:00,16061.9215,19470.6227,22530.3373,35838.7943
2020-11-06 09:31:00-05:00,15944.4488,19135.0992,22020.0435,34983.312
2020-11-09 09:31:00-05:00,16055.0689,19335.1821,22309.1815,35342.753
2020-11-10 09:31:00-05:00,16091.1625,19400.5792,22483.8162,35350.5709
2020-11-11 09:31:00-05:00,16199.2959,19399.5295,22385.3815,35029.906
2020-11-12 09:31:00-05:00,16349.8245,19557.4537,22609.997,35412.5138
2020-11-13 09:31:00-05:00,16330.0902,19368.5063,22482.9371,35178.9261
2020-11-16 09:31:00-05:00,16367.7927,19404.7372,22567.7764,35241.1836
2020-11-17 09:31:00-05:00,16258.367,19325.1903,22530.583,35073.3264
2020-11-18 09:31:00-05:00,16099.4375,19048.3711,22171.9152,34514.9887
2020-11-19 09:31:00-05:00,15850.0099,18815.5268,21957.4876,34095.5462
2020-11-20 09:31:00-05:00,15939.0838,18969.1488,22137.1098,34342.289
2020-11-23 09:31:00-05:00,15912.0941,18936.6103,22131.3359,34333.3316
2020-11-24 09:31:00-05:00,15862.8692,18939.0989,22196.9882,34345.0461
2020-11-25 09:31:00-05:00,15812.241,18919.8793,22225.1052,34621.5773
2020-11-26 09:31:00-05:00,15843.0654,18880.0952,22155.2629,34512.7792
2020-11-27 09:31:00-05:00,15859.9282,18922.5514,22158.0717,34517.1546
2020-11-30 09:31:00-05:00,15749.0055,18809.3751,22024.5184,34309.1095
2020-12-01 09:31:00-05:00,15809.5439,18959.4453,22110.1265,34513.5645
2020-12-02 09:31:00-05:00,15746.8586,18923.9181,22000.2309,34320.5973
2020-12-03 09:31:00-05:00,15724.3227,18929.7987,22048.685,34418.5961
2020-12-04 09:31:00-05:00,15769.9008,18843.2596,21947.8876,34261.2487
2020-12-07 09:31:00-05:00,15812.5897,18893.3112,22003.2149,34347.616
2020-12-08 09:31:00-05:00,15700.1859,18766.1226,21855.0906,34116.39
2020-12-09 09:31:00-05:00,15728.2796,18837.8246,21862.6673,34165.5457
2020-12-10 09:31:00-05:00,15758.8604,18878.2994,21959.2389,34779.1694
2020-12-11 09:31:00-05:00,15721.7534,18854.6055,21938.8169,34905.5928
2020-12-14 09:31:00-05:00,15663.4442,18830.4349,21914.1101,34638.3327
2020-12-15 09:31:00-05:00,15713.2794,18903.8003,21988.2391,34735.5231
2020-12-16 09:31:00-05:00,15755.9668,19013.4339,22046.5986,34746.1321
2020-12-17 09:31:00-05:00,15798.0791,19085.8398,22131.7908,34865.149
2020-12-18 09:31:00-05:00,15821.6123,19114.817,22055.166,34744.4388
2020-12-21 09:31:00-05:00,15898.495,19228.6724,22236.2709,34823.4946
2020-12-22 09:31:00-05:00,15799.9847,19115.7764,22209.9122,34957.9249
2020-12-23 09:31:00-05:00,15702.1281,19003.7515,22125.6554,34750.4331
2020-12-24 09:31:00-05:00,15744.7404,18835.9755,21930.3174,34443.6364
2020-12-28 09:31:00-05:00,15706.5134,18790.2433,21877.0723,34360.01
2020-12-29 09:31:00-05:00,15742.4905,18854.887,21825.7646,34279.4263
2020-12-30 09:31:00-05:00,15748.4576,18920.9282,21834.6073,34293.3145
2020-12-31 09:31:00-05:00,15742.672,18910.9198,21823.0577,34275.1748
2021-01-04 09:31:00-05:00,15771.3194,18874.0097,21753.8223,34166.4342
2021-01-05 09:31:00-05:00,15816.8867,18918.3981,21851.5125,34654.6536
2021-01-06 09:31:00-05:00,15811.8449,18895.656,21866.2809,34474.6695
2021-01-07 09:31:00-05:00,15748.2279,18903.3743,21837.794,34613.2442
2021-01-08 09:31:00-05:00,15795.9674,18984.6243,22030.9843,34950.5108
2021-01-11 09:31:00-05:00,15611.1901,18535.1599,21601.008,34129.5584
2021-01-12 09:31:00-05:00,15649.8047,18558.9038,21627.2395,34041.6231
2021-01-13 09:31:00-05:00,15457.9819,18369.1315,21441.5225,33690.8718
2021-01-14 09:31:00-05:00,15338.5691,18250.0559,21326.1757,33448.7607
2021-01-15 09:31:00-05:00,15342.8439,18240.3344,21317.864,33486.3151
2021-01-18 09:31:00-05:00,15431.0013,18269.5333,21449.9942,33413.6787
2021-01-19 09:31:00-05:00,15431.0013,18269.5333,21449.9942,33413.6787
2021-01-20 09:31:00-05:00,15398.372,18339.4997,21476.5088,33495.4976
2021-01-21 09:31:00-05:00,15441.5693,18414.0158,21656.3856,33768.5631
2021-01-22 09:31:00-05:00,15342.0609,18332.8622,21556.2022,33612.3482
2021-01-25 09:31:00-05:00,15181.833,18141.3993,21331.0756,33261.3108
2021-01-26 09:31:00-05:00,15075.3292,18068.8536,21339.4478,33155.1084
2021-01-27 09:31:00-05:00,14996.1831,17975.4879,21196.8671,32933.5807
2021-01-28 09:31:00-05:00,15031.5508,18126.5079,21473.9731,32905.9955
2021-01-29 09:31:00-05:00,14995.1524,18102.1057,21551.686,33048.7881
2021-02-01 09:31:00-05:00,14733.6952,17884.6712,21392.9591,32539.5118
2021-02-02 09:31:00-05:00,14790.8656,17905.3379,21553.9344,32870.6474
2021-02-03 09:31:00-05:00,14831.8302,17975.7297,21644.3304,32947.5595
2021-02-04 09:31:00-05:00,14626.0686,17783.5055,21426.0499,32519.3466
2021-02-05 09:31:00-05:00,14573.3454,17737.5023,21414.2431,32581.2376
2021-02-08 09:31:00-05:00,14529.2914,17691.8307,21341.7003,32470.8655
2021-02-09 09:31:00-05:00,14385.7551,17517.0514,21130.8635,32150.0826
2021-02-10 09:31:00-05:00,14317.6576,17429.8202,21025.6362,31989.982
2021-02-11 09:31:00-05:00,14295.3609,17427.3642,20984.3525,32020.5913
2021-02-12 09:31:00-05:00,14128.049,17234.3113,20721.0257,31618.7738
2021-02-15 09:31:00-05:00,14179.5857,17302.4406,20803.1006,31815.5215
2021-02-16 09:31:00-05:00,14179.5857,17302.4406,20803.1006,31815.5215
2021-02-17 09:31:00-05:00,14233.4713,17408.0723,20925.2633,31907.9135
2021-02-18 09:31:00-05:00,14216.4785,17413.3724,20933.5309,31874.4689
2021-02-19 09:31:00-05:00,14119.2545,17314.6356,20755.509,31644.984
2021-02-22 09:31:00-05:00,14027.5181,17239.2494,20683.4299,31515.1568
2021-02-23 09:31:00-05:00,13892.3949,17126.3044,20608.0561,31438.8661
2021-02-24 09:31:00-05:00,14012.585,17069.6576,20505.7046,31678.2407
2021-02-25 09:31:00-05:00,14018.9205,17001.7847,20513.8614,31785.9191
2021-02-26 09:31:00-05:00,14088.2358,17141.6078,20732.0691,32660.0439
2021-03-01 09:31:00-05:00,14050.4519,17187.7541,20896.7089,32228.7535
2021-03-02 09:31:00-05:00,13995.278,17138.8837,20882.5764,32469.0826
2021-03-03 09:31:00-05:00,14103.9532,17352.8605,21152.3257,32905.4575
2021-03-04 09:31:00-05:00,14182.0625,17524.779,21233.5886,33438.1494
2021-03-05 09:31:00-05:00,14073.1391,17452.7315,21289.7425,33861.7689
2021-03-08 09:31:00-05:00,14200.102,17546.8959,21652.5788,34853.6539
2021-03-09 09:31:00-05:00,14162.3828,17490.6684,21688.5921,35088.9383
2021-03-10 09:31:00-05:00,14068.3336,17416.0873,21699.3872,35159.033
2021-03-11 09:31:00-05:00,14115.8792,17570.3492,21992.1721,35142.5246
2021-03-12 09:31:00-05:00,13943.4489,17243.116,21628.8117,34570.5995
2021-03-15 09:31:00-04:00,13933.1495,17309.9371,21578.7198,34421.3409
2021-03-16 09:31:00-04:00,13953.2991,17155.0437,21279.2574,34064.8165
2021-03-17 09:31:00-04:00,13952.9179,17212.8995,21410.8879,34212.6202
2021-03-18 09:31:00-04:00,13972.2437,17149.2917,21291.7765,34039.9434
2021-03-19 09:31:00-04:00,13900.1514,17075.4723,21206.147,34145.6593
2021-03-22 09:31:00-04:00,14003.0389,17272.8964,21222.6317,34073.1087
2021-03-23 09:31:00-04:00,14055.8968,17340.3868,21308.5817,34257.0917
2021-03-24 09:31:00-04:00,14010.6599,17124.1132,21066.7888,33923.2073
2021-03-25 09:31:00-04:00,14105.8126,17336.902,21340.8789,34215.2806
2021-03-26 09:31:00-04:00,13898.3602,17187.8336,20877.7068,33468.9179
2021-03-29 09:31:00-04:00,13925.3155,17207.1384,20712.6665,33308.1141
2021-03-30 09:31:00-04:00,13959.2312,17141.2701,20720.3301,33319.4081
2021-03-31 09:31:00-04:00,14028.3767,17247.3529,20700.4484,33287.4372
2021-04-01 09:31:00-04:00,14002.8876,17251.6576,20737.3937,33478.5625
2021-04-05 09:31:00-04:00,14010.8451,17259.9595,20747.373,33494.6731
2021-04-06 09:31:00-04:00,14036.7485,17294.1309,20832.0144,33779.819
2021-04-07 09:31:00-04:00,14026.9046,17244.7243,20813.7156,33692.2283
2021-04-08 09:31:00-04:00,14078.4971,17292.3673,20888.1691,33773.2196
2021-04-09 09:31:00-04:00,14017.9438,17217.9908,20798.3266,33627.9569
2021-04-12 09:31:00-04:00,14057.6172,17288.3153,20973.4077,33884.2852
2021-04-13 09:31:00-04:00,14096.7341,17225.966,20897.7684,33762.0837
2021-04-14 09:31:00-04:00,14010.2311,17221.3035,20811.0816,33622.0338
2021-04-15 09:31:00-04:00,14063.1169,17322.6213,20976.8849,33907.0691
2021-04-16 09:31:00-04:00,14101.261,17364.8325,21014.8549,33968.4439
2021-04-19 09:31:00-04:00,14060.8781,17308.2578,20946.3884,33857.7746
2021-04-20 09:31:00-04:00,14164.5265,17442.0339,21174.2411,33984.0948
2021-04-21 09:31:00-04:00,14101.1829,17403.1636,21222.2195,33917.3633
2021-04-22 09:31:00-04:00,14071.6112,17391.0211,21217.8717,34087.638
2021-04-23 09:31:00-04:00,14115.9401,17374.9395,21239.3629,34168.2692
2021-04-26 09:31:00-04:00,14142.8285,17410.4303,21328.6804,34356.0182
2021-04-27 09:31:00-04:00,14187.627,17463.4707,21437.0892,34461.9537
2021-04-28 09:31:00-04:00,14226.5341,17565.6497,21525.1061,34512.6911
2021-04-29 09:31:00-04:00,14132.5053,17469.6682,21278.251,34116.8913
2021-04-30 09:31:00-04:00,14105.4852,17462.6315,21358.7507,34201.3485
2021-05-03 09:31:00-04:00,14108.003,17467.6527,21312.5472,34127.3637
2021-05-04 09:31:00-04:00,14012.6524,17372.5433,21236.8335,33944.7231
2021-05-05 09:31:00-04:00,14026.6717,17463.4842,21358.056,34276.7102
2021-05-06 09:31:00-04:00,14017.4123,17457.5293,21441.8588,34264.2489
2021-05-07 09:31:00-04:00,13824.0168,17255.0837,21266.9271,33989.8499
2021-05-10 09:31:00-04:00,13828.7758,17312.4848,21282.6114,33994.7002
2021-05-11 09:31:00-04:00,13922.0327,17488.5721,21557.7026,34520.5451
2021-05-12 09:31:00-04:00,13887.2504,17521.9998,21550.6974,34701.5381
2021-05-13 09:31:00-04:00,13983.9981,17578.8711,21816.173,34873.8741
2021-05-14 09:31:00-04:00,14090.404,17688.0754,21727.7737,34416.2508
2021-05-17 09:31:00-04:00,14103.6642,17723.4899,21817.3862,34716.2763
2021-05-18 09:31:00-04:00,13998.2351,17507.341,21471.7756,34166.3335
2021-05-19 09:31:00-04:00,13974.5297,17505.8496,21496.2524,34349.9381
2021-05-20 09:31:00-04:00,14058.6194,17687.0921,21783.3836,34808.9199
2021-05-21 09:31:00-04:00,14097.2676,17790.8187,21957.8935,35139.5943
2021-05-24 09:31:00-04:00,14163.8379,17967.3236,22192.368,35390.3328
2021-05-25 09:31:00-04:00,14202.4494,18038.0176,22283.5432,35587.6975
2021-05-26 09:31:00-04:00,14239.2678,18041.3601,22292.2856,35601.6594
2021-05-27 09:31:00-04:00,14219.9141,18016.8386,22261.9863,35553.2704
2021-05-28 09:31:00-04:00,14237.5903,17964.1925,22196.9358,35449.382
2021-05-31 09:31:00-04:00,14191.2329,17897.8127,22114.9154,35318.3922
2021-06-01 09:31:00-04:00,14191.2329,17897.8127,22114.9154,35318.3922
2021-06-02 09:31:00-04:00,14221.7474,17920.7028,22187.7291,35493.0563
2021-06-03 09:31:00-04:00,14197.5914,17908.4609,22157.4482,35444.6168
2021-06-04 09:31:00-04:00,14081.6787,17801.0956,22080.2492,35023.6084
2021-06-07 09:31:00-04:00,14134.5456,17913.9715,22231.0415,35214.475
2021-06-08 09:31:00-04:00,14147.9526,17950.1051,22273.5638,35281.8312
2021-06-09 09:31:00-04:00,14174.6928,18040.6705,22349.6201,35392.833
2021-06-10 09:31:00-04:00,14213.8539,18076.9684,22395.7664,35465.9102
2021-06-11 09:31:00-04:00,14201.8675,18096.2065,22322.8752,35394.4861
2021-06-14 09:31:00-04:00,14201.8675,18096.2065,22322.8752,35394.4861
2021-06-15 09:31:00-04:00,14254.2075,18169.2959,22415.1348,35664.1108
2021-06-16 09:31:00-04:00,14241.5762,18127.6941,22349.0505,35558.9658
2021-06-17 09:31:00-04:00,14254.1725,18069.6373,22369.1337,35516.5757
2021-06-18 09:31:00-04:00,14307.932,18175.4447,22545.2158,35906.7802
2021-06-21 09:31:00-04:00,14069.4953,17837.2369,22099.5208,35196.9413
2021-06-22 09:31:00-04:00,14047.2963,17879.1083,22173.3604,35301.617
2021-06-23 09:31:00-04:00,14072.2443,17913.1507,22260.4587,35526.0214
2021-06-24 09:31:00-04:00,14086.335,17898.1187,22241.7786,35496.2094
2021-06-25 09:31:00-04:00,14032.8744,17819.9308,22144.6155,35341.1444
2021-06-28 09:31:00-04:00,14031.756,17813.4416,22136.5514,35328.2748
2021-06-29 09:31:00-04:00,14083.311,17865.5076,22182.8182,35402.113
2021-06-30 09:31:00-04:00,14121.3105,17895.3147,22219.8283,35461.1784
2021-07-01 09:31:00-04:00,14121.3105,17895.3147,22219.8283,35461.1784
2021-07-02 09:31:00-04:00,14085.4943,17868.0664,22168.5618,35379.3609
2021-07-05 09:31:00-04:00,14122.838,17901.7677,22225.192,35469.7384
2021-07-06 09:31:00-04:00,14122.838,17901.7677,22225.192,35469.7384
2021-07-07 09:31:00-04:00,14100.6265,17877.3487,22243.8145,35418.3093
2021-07-08 09:31:00-04:00,14128.6177,17874.4251,22288.9316,35414.6573
2021-07-09 09:31:00-04:00,14123.3085,17838.4867,22145.8602,35161.7439
2021-07-12 09:31:00-04:00,14136.0454,17872.8022,22233.7207,35329.8977
2021-07-13 09:31:00-04:00,14088.6065,17818.2145,22165.8137,35221.992
2021-07-14 09:31:00-04:00,14170.7146,17967.2019,22284.9006,35235.4026
2021-07-15 09:31:00-04:00,14138.3447,17950.6622,22190.3761,35085.9466
2021-07-16 09:31:00-04:00,14121.4473,17968.164,22133.0832,34830.6023
2021-07-19 09:31:00-04:00,14186.9427,18110.094,22400.9592,35150.9478
2021-07-20 09:31:00-04:00,14214.7059,18094.9127,22056.1574,34609.8946
2021-07-21 09:31:00-04:00,14171.5346,18043.7654,22043.7866,34718.512
2021-07-22 09:31:00-04:00,14210.235,18112.2209,22129.0981,34884.3414
2021-07-23 09:31:00-04:00,14095.2213,17965.6256,21949.9913,34601.9972
2021-07-26 09:31:00-04:00,14120.4254,17999.9303,22036.4506,34827.9636
2021-07-27 09:31:00-04:00,14125.3115,18003.7258,22041.0972,34835.3075
2021-07-28 09:31:00-04:00,14081.4384,17971.0077,22057.8506,35005.6759
2021-07-29 09:31:00-04:00,14125.4313,18088.4432,21885.4104,34651.3279
2021-07-30 09:31:00-04:00,14100.4624,18059.2439,21850.0819,34595.3921
2021-08-02 09:31:00-04:00,14125.8446,18083.3422,21880.0173,34642.7891
2021-08-03 09:31:00-04:00,14099.9398,18108.054,21772.7007,34472.8739
2021-08-04 09:31:00-04:00,14156.1888,18225.2216,21852.6067,34625.6692
2021-08-05 09:31:00-04:00,14104.4383,18195.246,21760.3628,34479.5078
2021-08-06 09:31:00-04:00,14127.2184,18212.8795,21781.4513,34512.9228
2021-08-09 09:31:00-04:00,14140.3102,18248.8211,21760.4258,34479.6077
2021-08-10 09:31:00-04:00,14130.9847,18148.1881,21640.4281,34289.4702
2021-08-11 09:31:00-04:00,14149.5268,18183.6198,21730.4806,34399.4909
2021-08-12 09:31:00-04:00,14163.2938,18192.7548,21786.859,34443.3854
2021-08-13 09:31:00-04:00,14189.5576,18264.6324,21927.9716,34595.3097
2021-08-16 09:31:00-04:00,14184.5724,18258.2155,21920.2676,34583.1552
2021-08-17 09:31:00-04:00,14211.8771,18332.9325,22105.1394,34847.6248
2021-08-18 09:31:00-04:00,14146.8539,18324.1182,21930.2143,34495.6079
2021-08-19 09:31:00-04:00,13999.1178,18170.5761,21748.593,34313.1168
2021-08-20 09:31:00-04:00,14050.9651,18281.5711,21857.7985,34500.8346
2021-08-23 09:31:00-04:00,14013.886,18250.6984,21869.9229,34326.8468
2021-08-24 09:31:00-04:00,14040.0219,18285.4548,21955.845,34583.7253
2021-08-25 09:31:00-04:00,14018.7071,18257.6948,21922.5128,34531.2221
2021-08-26 09:31:00-04:00,13994.6322,18226.3402,21884.8644,34471.9203
2021-08-27 09:31:00-04:00,14001.0333,18210.2665,21738.3419,34241.1255
2021-08-30 09:31:00-04:00,14045.4365,18294.7927,21820.9789,34371.2912
2021-08-31 09:31:00-04:00,14096.0455,18365.7763,21908.6516,34510.9865
2021-09-01 09:31:00-04:00,14088.9291,18356.5043,21897.591,34493.5636
2021-09-02 09:31:00-04:00,14045.9512,18302.9796,21833.741,34392.9857
2021-09-03 09:31:00-04:00,14057.358,18319.6875,21898.0956,34431.2327
2021-09-06 09:31:00-04:00,14077.6138,18368.2396,21942.4354,34500.9499
2021-09-07 09:31:00-04:00,14077.6138,18368.2396,21942.4354,34500.9499
2021-09-08 09:31:00-04:00,14075.7326,18364.5706,21938.0525,34494.0584
2021-09-09 09:31:00-04:00,14117.874,18440.0192,21891.4495,34420.7828
2021-09-10 09:31:00-04:00,14158.6568,18500.1959,21964.1641,34535.1147
2021-09-13 09:31:00-04:00,14240.328,18611.4085,22134.8977,34916.2417
2021-09-14 09:31:00-04:00,14256.4522,18693.3357,22176.7847,35054.5257
2021-09-15 09:31:00-04:00,14239.4162,18716.2342,22175.7304,34888.6194
2021-09-16 09:31:00-04:00,14278.8083,18789.56,22221.8187,35050.7673
2021-09-17 09:31:00-04:00,14259.4375,18784.4888,22249.1851,35117.175
2021-09-20 09:31:00-04:00,14310.2025,18873.5028,22406.7823,35280.6146
2021-09-21 09:31:00-04:00,14286.2669,18903.7409,22537.4847,35355.4955
2021-09-22 09:31:00-04:00,14051.7364,18603.7457,22001.9098,34515.3167
2021-09-23 09:31:00-04:00,14094.212,18696.7431,22178.2353,34705.766
2021-09-24 09:31:00-04:00,14109.9066,18738.8019,22246.9207,34815.9653
2021-09-27 09:31:00-04:00,14137.9891,18817.936,22347.647,34940.127
2021-09-28 09:31:00-04:00,14199.9801,18885.3994,22341.412,34930.3786
2021-09-29 09:31:00-04:00,14215.1711,18913.1387,22371.3316,35060.4179
2021-09-30 09:31:00-04:00,14133.2549,18842.0234,22378.5686,34828.0745
2021-10-01 09:31:00-04:00,14083.6761,18840.0352,22380.5811,34847.223
2021-10-04 09:31:00-04:00,14148.1265,18914.0506,22570.0237,35144.0379
2021-10-05 09:31:00-04:00,14215.845,19106.8948,22720.9311,35591.2229
2021-10-06 09:31:00-04:00,14242.7791,19146.3324,22817.4517,35790.2397
2021-10-07 09:31:00-04:00,14326.472,19227.1056,22868.8235,35964.8886
2021-10-08 09:31:00-04:00,14317.4859,19226.8504,22926.5775,36027.9006
2021-10-11 09:31:00-04:00,14399.734,19324.5026,23048.4527,36163.509
2021-10-12 09:31:00-04:00,14411.9849,19355.7805,23139.2669,36459.9788
2021-10-13 09:31:00-04:00,14254.8366,19134.7417,22842.5884,35947.7757
2021-10-14 09:31:00-04:00,14274.6863,19173.9255,22782.325,35852.9382
2021-10-15 09:31:00-04:00,14327.0218,19270.3213,22898.5851,36059.6907
2021-10-18 09:31:00-04:00,14352.9818,19308.4716,22942.8343,36129.3725
2021-10-19 09:31:00-04:00,14379.534,19384.5865,23036.1713,36547.6762
2021-10-20 09:31:00-04:00,14412.7776,19416.9376,23074.6166,36608.6709
2021-10-21 09:31:00-04:00,14409.3092,19431.834,23138.8299,36608.4421
2021-10-22 09:31:00-04:00,14434.9664,19505.7375,23230.4836,36771.588
2021-10-25 09:31:00-04:00,14339.7771,19398.9585,23114.0542,36557.6279
2021-10-26 09:31:00-04:00,14378.8544,19474.5467,23136.6235,36653.5324
2021-10-27 09:31:00-04:00,14448.2654,19498.1859,23220.3529,36673.4162
2021-10-28 09:31:00-04:00,14463.3258,19407.2888,23160.1049,36357.3228
2021-10-29 09:31:00-04:00,14529.1182,19538.5177,23244.3466,36489.5676
2021-11-01 09:31:00-04:00,14542.4303,19576.6663,23337.9043,36810.5683
2021-11-02 09:31:00-04:00,14444.8729,19379.6516,23103.0374,36440.1159
2021-11-03 09:31:00-04:00,14460.2941,19423.955,23153.2154,36519.261
2021-11-04 09:31:00-04:00,14519.1133,19503.6849,23254.7122,36797.8013
2021-11-05 09:31:00-04:00,14564.7893,19626.6339,23451.62,37056.5673
2021-11-08 09:31:00-05:00,14607.2461,19677.6362,23564.8001,37113.774
2021-11-09 09:31:00-05:00,14463.6197,19484.1549,23333.0981,36748.8511
2021-11-10 09:31:00-05:00,14563.3523,19635.4728,23512.022,36990.3452
2021-11-11 09:31:00-05:00,14500.3363,19549.6225,23502.8798,37140.0763
2021-11-12 09:31:00-05:00,14516.8511,19560.9934,23516.5502,37161.6787
2021-11-15 09:31:00-05:00,14473.5326,19523.13,23520.3378,37269.6897
2021-11-16 09:31:00-05:00,14464.5894,19534.7519,23539.3901,37269.8213
2021-11-17 09:31:00-05:00,14505.6469,19591.9828,23662.3777,37438.729
2021-11-18 09:31:00-05:00,14474.5926,19571.4647,23613.2116,37360.9382
2021-11-19 09:31:00-05:00,14393.7308,19525.3206,23580.828,37254.1823
2021-11-22 09:31:00-05:00,14317.3297,19440.8239,23468.2062,37076.2568
2021-11-23 09:31:00-05:00,14373.2621,19455.1492,23587.1891,37596.9481
2021-11-24 09:31:00-05:00,14495.6035,19687.9627,24027.1955,37661.3626
2021-11-25 09:31:00-05:00,14474.7835,19711.264,24120.177,37808.9995
2021-11-26 09:31:00-05:00,14474.7835,19711.264,24120.177,37808.9995
2021-11-29 09:31:00-05:00,14547.7802,19876.3882,24419.873,38239.5038
2021-11-30 09:31:00-05:00,14441.6347,19779.0072,24334.0644,38130.0222
2021-12-01 09:31:00-05:00,14441.5811,19801.3797,24471.7761,38491.3206
2021-12-02 09:31:00-05:00,14496.8131,19919.7009,24676.8464,39402.3864
2021-12-03 09:31:00-05:00,14483.1249,20047.0526,24886.9207,39393.1924
2021-12-06 09:31:00-05:00,14500.556,20097.7135,25015.6906,40074.9938
2021-12-07 09:31:00-05:00,14447.3575,20091.0335,25112.7572,40144.1288
2021-12-08 09:31:00-05:00,14496.3108,20163.5988,25254.7234,40484.1305
2021-12-09 09:31:00-05:00,14479.6508,20046.0478,25090.2339,40220.4486
2021-12-10 09:31:00-05:00,14606.6972,20169.623,25304.6038,40679.051
2021-12-13 09:31:00-05:00,14531.95,20012.0369,25073.9195,40308.2088
2021-12-14 09:31:00-05:00,14574.4659,20094.7303,25287.3962,40735.2809
2021-12-15 09:31:00-05:00,14557.8005,20132.852,25591.5752,40891.9093
2021-12-16 09:31:00-05:00,14473.3372,20094.9488,25497.1405,41399.5171
2021-12-17 09:31:00-05:00,14517.8999,20185.3751,25733.0164,42368.7229
2021-12-20 09:31:00-05:00,14378.2996,19963.7874,25266.821,41002.4074
2021-12-21 09:31:00-05:00,14355.3574,19921.0088,25182.4552,40752.6288
2021-12-22 09:31:00-05:00,14413.4411,20053.2491,25397.7049,41380.8715
2021-12-23 09:31:00-05:00,14468.161,20176.86,25610.5938,41820.8475
2021-12-27 09:31:00-05:00,14520.8411,20252.5958,25683.0376,41940.0391
2021-12-28 09:31:00-05:00,14587.7586,20417.4484,25862.1621,42271.3436
2021-12-29 09:31:00-05:00,14637.8154,20529.1407,25976.6159,42371.7193
2021-12-30 09:31:00-05:00,14625.3221,20472.1935,25956.6473,42293.4991
2021-12-31 09:31:00-05:00,14524.6479,20373.1784,25878.2679,42147.3278
2022-01-03 09:31:00-05:00,14565.7829,20455.9441,25989.4704,42324.1419
2022-01-04 09:31:00-05:00,14548.3164,20425.0678,25871.2246,42126.9899
2022-01-05 09:31:00-05:00,14517.193,20401.7065,25893.1465,42316.7079
2022-01-06 09:31:00-05:00,14541.9231,20299.3069,25774.6849,42947.1819
2022-01-07 09:31:00-05:00,14558.5027,20341.4864,25759.8905,42749.0186
2022-01-10 09:31:00-05:00,14672.7111,20625.2259,25847.4939,42819.0478
2022-01-11 09:31:00-05:00,14562.0475,20501.9222,25733.2221,43403.3408
2022-01-12 09:31:00-05:00,14398.5996,20295.569,25428.2575,43124.1205
2022-01-13 09:31:00-05:00,14240.6313,19942.7949,25049.7623,42365.1995
2022-01-14 09:31:00-05:00,14280.8072,20020.2612,25250.5944,43465.6189
2022-01-17 09:31:00-05:00,14287.1684,20060.2409,25328.2563,43102.5547
2022-01-18 09:31:00-05:00,14278.5638,20048.1594,25313.002,43076.5957
2022-01-19 09:31:00-05:00,14378.1638,20131.9587,25319.2105,42960.2218
2022-01-20 09:31:00-05:00,14235.7006,20002.7057,25240.0779,43105.8012
2022-01-21 09:31:00-05:00,14268.6076,20085.6192,25358.1945,44190.2887
2022-01-24 09:31:00-05:00,14313.2539,20280.1537,25575.7416,44688.557
2022-01-25 09:31:00-05:00,14252.9124,20020.679,25485.7413,44348.7832
2022-01-26 09:31:00-05:00,14275.9594,19881.438,24846.1533,42571.1352
2022-01-27 09:31:00-05:00,14332.6407,19943.1742,24410.0091,41760.8955
2022-01-28 09:31:00-05:00,14138.911,19692.2425,23808.1138,41116.0013
2022-01-31 09:31:00-05:00,14187.8584,19718.423,24015.9946,42340.1612
2022-02-01 09:31:00-05:00,14234.5991,19694.0287,24004.7968,43177.852
2022-02-02 09:31:00-05:00,14391.208,19944.4489,24324.7708,43553.933
2022-02-03 09:31:00-05:00,14225.1376,19516.6605,23878.7091,42548.8334
2022-02-04 09:31:00-05:00,14218.653,19316.9448,23570.2156,42272.7554
2022-02-07 09:31:00-05:00,14220.2585,19365.6068,23650.7303,42102.27
2022-02-08 09:31:00-05:00,14273.0343,19271.3302,23639.8536,42052.0841
2022-02-09 09:31:00-05:00,14388.0041,19145.3071,23597.2884,42038.4178
2022-02-10 09:31:00-05:00,14400.7717,19193.8189,23710.2106,42194.2737
2022-02-11 09:31:00-05:00,14447.117,19176.6648,23592.7764,42471.4295
2022-02-14 09:31:00-05:00,14443.4562,19105.2548,23406.4257,43130.5422
2022-02-15 09:31:00-05:00,14409.5765,18670.6344,23081.1638,41637.8488
2022-02-16 09:31:00-05:00,14336.4328,18568.2882,22880.9261,41175.2927
2022-02-17 09:31:00-05:00,14171.4478,18394.8475,22779.1427,40999.0876
2022-02-18 09:31:00-05:00,14227.5701,18549.6428,22982.7155,41729.5933
2022-02-21 09:31:00-05:00,14305.2019,18584.2683,22870.6195,41290.2736
2022-02-22 09:31:00-05:00,14282.7972,18575.9952,22806.0289,41220.6927
2022-02-23 09:31:00-05:00,14322.0907,18735.2146,23236.9342,41167.8416
2022-02-24 09:31:00-05:00,14387.9294,18816.3092,23443.9129,42510.226
2022-02-25 09:31:00-05:00,14435.1459,18946.7464,23778.2133,45125.0538
2022-02-28 09:31:00-05:00,14536.8691,19097.1129,23974.5401,45573.5794
2022-03-01 09:31:00-05:00,14591.66,19177.6588,23833.2262,44919.3139
2022-03-02 09:31:00-05:00,14593.9259,19164.783,23662.0492,44949.201
2022-03-03 09:31:00-05:00,14430.9824,18892.1717,23403.8949,44316.1159
2022-03-04 09:31:00-05:00,14448.9682,18933.261,23456.9735,44599.3281
2022-03-07 09:31:00-05:00,14582.259,19304.8005,23561.4221,44447.5262
2022-03-08 09:31:00-05:00,14612.3456,19347.5608,23668.6271,46027.7654
2022-03-09 09:31:00-05:00,14285.7929,18828.5856,22881.6345,43433.6303
2022-03-10 09:31:00-05:00,14284.8728,18952.8951,22727.6004,43230.6334
2022-03-11 09:31:00-05:00,14247.415,18898.8892,22643.1208,42999.8567
2022-03-14 09:31:00-04:00,14322.8709,19070.6052,22973.7711,44081.1167
2022-03-15 09:31:00-04:00,14412.2494,19085.3222,22972.4011,44506.9098
2022-03-16 09:31:00-04:00,14544.1873,19329.174,23086.857,45287.2695
2022-03-17 09:31:00-04:00,14487.4202,19318.9367,23367.5725,45891.8314
2022-03-18 09:31:00-04:00,14275.7615,19121.6514,23093.7471,45755.3867
2022-03-21 09:31:00-04:00,14316.1799,19200.6303,23290.2793,46860.5465
2022-03-22 09:31:00-04:00,14446.0873,19344.7879,23280.6513,46545.844
2022-03-23 09:31:00-04:00,14513.9543,19501.2291,23475.039,47188.3499
2022-03-24 09:31:00-04:00,14469.6637,19544.3511,23677.9666,47318.3215
2022-03-25 09:31:00-04:00,14432.1056,19537.3223,23569.5836,47621.8508
2022-03-28 09:31:00-04:00,14569.501,19451.4718,23214.9128,46839.8097
2022-03-29 09:31:00-04:00,14513.386,19459.8331,23299.1108,46689.2321
2022-03-30 09:31:00-04:00,14371.6659,19230.8538,23074.2416,46287.9218
2022-03-31 09:31:00-04:00,14267.2094,19131.806,23053.2859,46091.3062
2022-04-01 09:31:00-04:00,14179.9618,18977.8942,22841.0156,45817.8718
2022-04-04 09:31:00-04:00,14091.8486,18917.9473,22674.4705,45423.3085
2022-04-05 09:31:00-04:00,14131.5202,19031.4001,22955.2038,46081.1326
2022-04-06 09:31:00-04:00,14178.6989,19068.716,23047.9774,46804.8895
2022-04-07 09:31:00-04:00,14269.2665,19344.2426,23414.1371,46020.8906
2022-04-08 09:31:00-04:00,14328.9839,19409.5058,23320.7874,45606.6653
2022-04-11 09:31:00-04:00,14475.051,19645.5545,23599.4029,45691.5423
2022-04-12 09:31:00-04:00,14484.071,19575.0998,23563.9712,45615.9006
2022-04-13 09:31:00-04:00,14470.3914,19649.2678,23666.4483,45932.8606
2022-04-14 09:31:00-04:00,14561.8633,19833.8122,23955.8217,46717.4678
2022-04-18 09:31:00-04:00,14618.8667,19998.8992,24367.5008,47646.8866
2022-04-19 09:31:00-04:00,14591.7556,19925.3338,24298.9291,46946.8456
2022-04-20 09:31:00-04:00,14510.3114,19842.9272,24268.6949,47521.5147
2022-04-21 09:31:00-04:00,14628.0305,20089.9001,24641.6063,48231.0999
2022-04-22 09:31:00-04:00,14599.5685,20116.0878,24794.1503,49778.0747
2022-04-25 09:31:00-04:00,14555.8602,20173.1228,24752.9525,50294.5926
2022-04-26 09:31:00-04:00,14612.3493,20175.9786,24204.8135,49040.6709
2022-04-27 09:31:00-04:00,14741.3497,20457.4811,24659.6426,50423.9649
2022-04-28 09:31:00-04:00,14645.8911,20414.2405,24200.6647,49705.601
2022-04-29 09:31:00-04:00,14582.8723,20476.4159,24282.4036,50382.2218
2022-05-02 09:31:00-04:00,14641.7432,20397.7503,24371.9992,51388.2867
2022-05-03 09:31:00-04:00,14067.7147,19789.7527,23374.2521,49089.0323
2022-05-04 09:31:00-04:00,13924.4521,19530.7891,22762.4358,47194.7228
2022-05-05 09:31:00-04:00,13829.1862,19524.8091,22928.6378,48308.5176
2022-05-06 09:31:00-04:00,13854.3078,19561.6863,23018.0014,49857.1013
2022-05-09 09:31:00-04:00,13756.8274,19327.3154,22966.3536,49295.0479
2022-05-10 09:31:00-04:00,13684.6581,19045.8126,22570.8435,48780.8957
2022-05-11 09:31:00-04:00,13705.0001,19143.5698,22728.5628,48686.9617
2022-05-12 09:31:00-04:00,13724.8668,18923.3067,22552.9103,48399.9694
2022-05-13 09:31:00-04:00,13768.6136,18991.8735,22385.3439,47099.3803
2022-05-16 09:31:00-04:00,13709.9757,18848.1987,22230.747,47131.9433
2022-05-17 09:31:00-04:00,13538.6479,18911.4746,21761.9536,45539.4
2022-05-18 09:31:00-04:00,13650.2613,19105.2392,21732.3139,45232.5571
2022-05-19 09:31:00-04:00,13726.371,19268.3188,22014.0646,46701.2275
2022-05-20 09:31:00-04:00,13735.2642,19335.7507,21589.6976,44428.2744
2022-05-23 09:31:00-04:00,13832.2744,19303.194,21741.3214,45086.9701
2022-05-24 09:31:00-04:00,13905.6467,19338.2859,21683.3158,44613.628
2022-05-25 09:31:00-04:00,13870.4004,19193.8667,21697.0624,44338.8935
2022-05-26 09:31:00-04:00,13823.2316,19189.1366,21802.8165,43532.1278
2022-05-27 09:31:00-04:00,13842.1362,19243.9251,21929.9349,44593.2712
2022-05-30 09:31:00-04:00,13909.7837,19444.0244,22200.3627,45355.1199
2022-05-31 09:31:00-04:00,13935.5214,19482.5784,22228.9375,45413.4978
2022-06-01 09:31:00-04:00,13892.6644,19538.5215,22408.5514,45164.2272
2022-06-02 09:31:00-04:00,13767.7136,19292.9109,22196.1574,44943.0545
2022-06-03 09:31:00-04:00,13760.805,19333.7677,22175.2074,45767.0688
2022-06-06 09:31:00-04:00,13507.042,19012.2163,21739.184,44933.6183
2022-06-07 09:31:00-04:00,13518.8638,18894.5078,21696.4792,44921.1069
2022-06-08 09:31:00-04:00,13613.0391,19089.2226,21965.5142,45696.8046
2022-06-09 09:31:00-04:00,13692.4597,19118.2906,22047.8739,46011.8187
2022-06-10 09:31:00-04:00,13669.0583,19090.8129,22020.1408,46616.7037
2022-06-13 09:31:00-04:00,13427.4891,18643.6023,21552.3303,45849.8474
2022-06-14 09:31:00-04:00,13411.7106,18740.2585,21519.1033,45974.6147
2022-06-15 09:31:00-04:00,13267.7111,18349.7326,21197.9828,44145.4003
2022-06-16 09:31:00-04:00,13301.8298,18316.4559,21048.9227,42124.1547
2022-06-17 09:31:00-04:00,13372.4562,18408.4849,21237.1164,42191.3479
2022-06-20 09:31:00-04:00,13335.385,18427.3841,21261.7009,41886.1194
2022-06-21 09:31:00-04:00,13347.3011,18462.5277,21316.0825,41993.2527
2022-06-22 09:31:00-04:00,13372.0218,18497.6771,21426.5343,42257.2744
2022-06-23 09:31:00-04:00,13323.1212,18536.931,21508.032,42289.8015
2022-06-24 09:31:00-04:00,13397.5219,18617.1638,21503.4492,42140.6385
2022-06-27 09:31:00-04:00,13474.8322,18733.8856,21693.8404,43001.1759
2022-06-28 09:31:00-04:00,13553.5014,19028.1519,21720.0082,43095.7927
2022-06-29 09:31:00-04:00,13503.6136,18995.979,21736.7297,44410.0455
2022-06-30 09:31:00-04:00,13393.0883,18789.1357,21439.5539,43490.2888
2022-07-01 09:31:00-04:00,13290.1146,18446.0393,21112.1352,43183.2193
2022-07-04 09:31:00-04:00,13203.5654,18612.5242,20914.7392,42872.1669
2022-07-05 09:31:00-04:00,13203.5654,18612.5242,20914.7392,42872.1669
2022-07-06 09:31:00-04:00,13210.7004,18682.7849,20996.918,44071.2115
2022-07-07 09:31:00-04:00,13160.4704,18247.9933,20536.4196,42883.7988
2022-07-08 09:31:00-04:00,13229.5456,18372.173,20722.9826,43397.2209
2022-07-11 09:31:00-04:00,13255.6884,18475.4311,20663.7058,43083.5486
2022-07-12 09:31:00-04:00,13272.041,18419.0539,20666.9648,43209.5877
2022-07-13 09:31:00-04:00,13231.6854,18247.1945,20437.0933,42977.0761
2022-07-14 09:31:00-04:00,13214.118,18179.9529,20523.5126,42869.2119
2022-07-15 09:31:00-04:00,13293.7095,18257.6082,20803.0828,43667.4466
2022-07-18 09:31:00-04:00,13136.493,18092.1156,20381.7188,42782.9676
2022-07-19 09:31:00-04:00,12924.6405,17716.9465,19999.3847,42536.7371
2022-07-20 09:31:00-04:00,12871.5524,17665.6471,19989.9559,43013.4706
2022-07-21 09:31:00-04:00,12821.3571,17432.1733,19766.7895,42689.1998
2022-07-22 09:31:00-04:00,12901.0546,17623.1698,19750.5785,42724.2442
2022-07-25 09:31:00-04:00,12977.3052,17808.9038,19911.2341,43181.0606
2022-07-26 09:31:00-04:00,12922.4861,17792.886,19915.524,42877.4737
2022-07-27 09:31:00-04:00,13005.0629,18027.9621,20170.0325,43310.3811
2022-07-28 09:31:00-04:00,13094.6323,18182.0336,20525.6947,44299.0487
2022-07-29 09:31:00-04:00,13145.7052,18216.1834,20702.3272,45083.0933
2022-08-01 09:31:00-04:00,13114.9642,18238.4,20673.9328,44892.4602
2022-08-02 09:31:00-04:00,13107.1221,18284.2064,20830.2941,44974.4164
2022-08-03 09:31:00-04:00,12927.6792,18071.9149,20739.989,44241.3539
2022-08-04 09:31:00-04:00,13002.0435,18183.8282,21004.9184,44930.1332
2022-08-05 09:31:00-04:00,12960.6069,18133.9726,21039.1902,44752.8369
2022-08-08 09:31:00-04:00,12972.9348,18142.687,20948.6955,44242.5238
2022-08-09 09:31:00-04:00,12960.241,18134.2966,21035.2776,44759.886
2022-08-10 09:31:00-04:00,12901.7303,17946.6989,20835.175,44315.901
2022-08-11 09:31:00-04:00,12805.9374,17880.6776,20736.7588,43968.3896
2022-08-12 09:31:00-04:00,12717.6914,17815.7085,20755.0002,44141.8604
2022-08-15 09:31:00-04:00,12765.236,17888.9928,20846.6582,44643.7332
2022-08-16 09:31:00-04:00,12741.7753,17887.2858,20776.6069,44562.522
2022-08-17 09:31:00-04:00,12700.4898,17887.3976,20751.1597,44161.5095
2022-08-18 09:31:00-04:00,12625.4983,17763.3898,20709.3971,43362.3913
2022-08-19 09:31:00-04:00,12527.2893,17682.3332,20499.3612,42845.7742
2022-08-22 09:31:00-04:00,12600.7938,17812.8877,20673.6968,43185.9048
2022-08-23 09:31:00-04:00,12661.1891,17957.3189,20845.2451,43583.1759
2022-08-24 09:31:00-04:00,12679.3348,18054.0664,20767.2367,43386.1543
2022-08-25 09:31:00-04:00,12607.0487,17988.6585,20698.5542,43203.2146
2022-08-26 09:31:00-04:00,12591.4297,18005.984,20759.7472,43261.8922
2022-08-29 09:31:00-04:00,12533.25,17975.9851,20848.0984,43904.7288
2022-08-30 09:31:00-04:00,12352.133,17706.7128,20367.8425,42817.9334
2022-08-31 09:31:00-04:00,12439.2271,17826.8851,20508.5098,43394.0265
2022-09-01 09:31:00-04:00,12563.3429,17817.6072,20545.8081,43411.8019
2022-09-02 09:31:00-04:00,12453.8734,17685.8805,20506.4552,43563.9297
2022-09-05 09:31:00-04:00,12486.4612,17641.4165,20511.0233,43855.7357
2022-09-06 09:31:00-04:00,12462.8811,17608.1015,20472.2892,43772.9161
2022-09-07 09:31:00-04:00,12588.8835,17791.2952,20830.309,43832.2215
2022-09-08 09:31:00-04:00,12600.2986,17771.8688,20876.7006,44148.0605
2022-09-09 09:31:00-04:00,12632.2674,17870.6162,21164.6844,44249.9053
2022-09-12 09:31:00-04:00,12677.7323,18008.0519,21418.5318,44623.898
2022-09-13 09:31:00-04:00,12489.7487,17760.8837,21120.4266,44002.8184
2022-09-14 09:31:00-04:00,12466.0142,17772.4124,21199.0257,44800.0556
2022-09-15 09:31:00-04:00,12558.121,17661.9793,20967.8914,43805.2177
2022-09-16 09:31:00-04:00,12654.2541,17727.1389,21043.7392,43611.2775
2022-09-19 09:31:00-04:00,12651.5082,17634.9339,20962.3017,43346.2067
2022-09-20 09:31:00-04:00,12637.7641,17657.0726,21036.3159,43549.5397
2022-09-21 09:31:00-04:00,12641.1763,17592.3275,20997.9577,43108.3676
2022-09-22 09:31:00-04:00,12642.6432,17355.9904,20779.9478,41955.5018
2022-09-23 09:31:00-04:00,12755.8992,17576.2773,20961.2263,41857.4024
2022-09-26 09:31:00-04:00,12636.7002,17499.0088,20912.4449,41627.4039
2022-09-27 09:31:00-04:00,12761.8379,17743.9133,21113.9454,42120.0627
2022-09-28 09:31:00-04:00,12882.0766,17910.4258,21361.5464,42561.4182
2022-09-29 09:31:00-04:00,12731.2493,17701.3892,21347.851,42817.4612
2022-09-30 09:31:00-04:00,12677.8559,17647.7201,21352.1381,42853.1996
2022-10-03 09:31:00-04:00,12721.7235,17776.8429,21334.3898,43266.9692
2022-10-04 09:31:00-04:00,12811.9277,17925.6754,21471.4241,43840.4243
2022-10-05 09:31:00-04:00,12626.9118,17713.2482,21264.403,43378.0384
2022-10-06 09:31:00-04:00,12621.6766,17704.1913,21339.8665,44099.7783
2022-10-07 09:31:00-04:00,12504.9631,17499.3146,21083.8753,43144.4738
2022-10-10 09:31:00-04:00,12546.8802,17623.0893,21298.1441,43810.8579
2022-10-11 09:31:00-04:00,12552.4596,17682.2474,21476.3468,43962.8693
2022-10-12 09:31:00-04:00,12655.7448,17741.3122,21575.2238,44012.1295
2022-10-13 09:31:00-04:00,12563.3532,17574.6973,21113.7544,43008.7468
2022-10-14 09:31:00-04:00,12562.9473,17422.3319,21016.9469,44651.9191
2022-10-17 09:31:00-04:00,12514.4619,17264.145,20876.973,45626.7239
2022-10-18 09:31:00-04:00,12575.3236,17333.8925,20806.5015,45427.5453
2022-10-19 09:31:00-04:00,12662.6406,17514.0386,21157.7739,46117.8617
2022-10-20 09:31:00-04:00,12534.4566,17405.7354,20817.6098,45352.7374
2022-10-21 09:31:00-04:00,12599.2616,17424.4237,20978.7818,45861.4571
2022-10-24 09:31:00-04:00,12466.1538,17097.7786,20722.6872,45507.9827
2022-10-25 09:31:00-04:00,12253.9989,16833.0886,20370.5972,44986.6075
2022-10-26 09:31:00-04:00,12326.8483,17011.1476,20650.9818,45484.1674
2022-10-27 09:31:00-04:00,12394.7011,17191.4127,20929.2932,46123.4428
2022-10-28 09:31:00-04:00,12504.9399,17444.5042,21285.3805,46525.615
2022-10-31 09:31:00-04:00,12455.6218,17277.3847,21176.497,47155.5072
2022-11-01 09:31:00-04:00,12431.9788,17219.3069,21045.3029,46657.0416
2022-11-02 09:31:00-04:00,12449.7038,17270.4744,21172.9014,47498.5029
2022-11-03 09:31:00-04:00,12559.277,17419.7598,21166.6716,47705.0537
2022-11-04 09:31:00-04:00,12402.4938,17282.2487,20929.1939,47096.2478
2022-11-07 09:31:00-05:00,12340.1467,17303.7828,21136.0042,47363.5658
2022-11-08 09:31:00-05:00,12255.8756,17131.8585,20800.9119,46794.196
2022-11-09 09:31:00-05:00,12262.6559,17202.2553,20817.1402,46477.1077
2022-11-10 09:31:00-05:00,12115.2101,17038.4054,20541.414,46234.4944
2022-11-11 09:31:00-05:00,12131.3889,17142.267,20807.292,47157.3611
2022-11-14 09:31:00-05:00,12174.1654,17073.6558,20725.1985,47300.8905
2022-11-15 09:31:00-05:00,12135.5104,16893.3942,20508.1536,46735.742
2022-11-16 09:31:00-05:00,12149.3182,16891.7173,20330.2111,46266.9071
2022-11-17 09:31:00-05:00,12159.9405,16863.167,20304.0425,45879.3294
2022-11-18 09:31:00-05:00,12124.0556,16842.4876,20327.9554,45874.738
2022-11-21 09:31:00-05:00,12237.8402,16948.5129,20480.1631,46001.6043
2022-11-22 09:31:00-05:00,12174.5899,16861.4284,20463.847,45762.0507
2022-11-23 09:31:00-05:00,12166.3618,16925.2984,20599.0184,46279.4428
2022-11-24 09:31:00-05:00,12122.2104,16885.4202,20494.1826,46002.5127
2022-11-25 09:31:00-05:00,12122.2104,16885.4202,20494.1826,46002.5127
2022-11-28 09:31:00-05:00,12059.8594,16798.5695,20388.77,45765.8973
2022-11-29 09:31:00-05:00,12128.3463,16875.3211,20481.2396,46049.5213
2022-11-30 09:31:00-05:00,12100.3525,16841.1069,20409.8633,45892.6478
2022-12-01 09:31:00-05:00,11937.0892,16573.1301,20148.346,46561.3879
2022-12-02 09:31:00-05:00,11938.2073,16508.7042,20084.7919,45902.0774
2022-12-05 09:31:00-05:00,11992.8665,16487.6635,20071.7629,45978.0283
2022-12-06 09:31:00-05:00,11937.8495,16402.06,19875.6654,45693.4909
2022-12-07 09:31:00-05:00,11972.4345,16471.4957,20048.9132,46431.5049
2022-12-08 09:31:00-05:00,11934.895,16326.669,19608.6336,45290.6394
2022-12-09 09:31:00-05:00,11962.5184,16413.2452,19738.967,45574.9226
2022-12-12 09:31:00-05:00,12027.2954,16446.8531,19739.8547,45524.3717
2022-12-13 09:31:00-05:00,11960.4757,16307.9631,19576.5395,45414.3667
2022-12-14 09:31:00-05:00,12005.1955,16337.9012,19538.2798,46106.3177
2022-12-15 09:31:00-05:00,11991.7389,16411.2411,19588.8815,45663.9841
2022-12-16 09:31:00-05:00,12016.3516,16482.5896,19672.8572,46438.8426
2022-12-19 09:31:00-05:00,12008.2694,16327.3192,19572.4562,46183.7383
2022-12-20 09:31:00-05:00,12052.8052,16424.0217,19811.8606,46619.7546
2022-12-21 09:31:00-05:00,11997.9008,16293.3171,19598.7903,46129.5132
2022-12-22 09:31:00-05:00,12037.2622,16388.8769,19751.4328,46541.7691
2022-12-23 09:31:00-05:00,12049.7874,16472.0187,19822.5519,47223.9935
2022-12-27 09:31:00-05:00,12136.3502,16665.1344,20032.857,47317.7671
2022-12-28 09:31:00-05:00,12065.5568,16545.3202,19919.6394,47170.6353
2022-12-29 09:31:00-05:00,12052.4683,16590.8552,20056.2068,47742.277
2022-12-30 09:31:00-05:00,12087.3009,16692.8418,20310.5685,48250.5172
2023-01-03 09:31:00-05:00,11984.4022,16548.1709,20073.4817,47849.2981
2023-01-04 09:31:00-05:00,11993.9931,16598.4389,20067.0279,48363.1313
2023-01-05 09:31:00-05:00,11748.6764,16138.2711,19637.7392,46211.1736
2023-01-06 09:31:00-05:00,11786.6922,16022.3503,19532.1415,45715.2656
2023-01-09 09:31:00-05:00,11755.2726,15917.4685,19508.2855,46333.3674
2023-01-10 09:31:00-05:00,11815.1072,16048.0603,19659.9229,46932.1501
2023-01-11 09:31:00-05:00,11688.2522,15830.0904,19374.9228,46135.1763
2023-01-12 09:31:00-05:00,11561.2082,15678.6495,19215.4335,45992.93
2023-01-13 09:31:00-05:00,11634.1682,15757.2603,19344.6444,45947.8873
2023-01-16 09:31:00-05:00,11678.5565,15818.2952,19499.3113,46515.4947
2023-01-17 09:31:00-05:00,11682.9591,15824.2585,19506.6622,46533.0304
2023-01-18 09:31:00-05:00,11655.2663,15734.793,19384.2125,45931.3901
2023-01-19 09:31:00-05:00,11627.393,15695.1817,19374.6643,46530.8075
2023-01-20 09:31:00-05:00,11656.7321,15731.3801,19465.4438,46358.4048
2023-01-23 09:31:00-05:00,11713.9864,15866.0635,19639.9063,47313.3017
2023-01-24 09:31:00-05:00,11739.3051,15938.5028,19770.2051,48090.5866
2023-01-25 09:31:00-05:00,11697.6468,15881.1396,19610.1726,47385.5647
2023-01-26 09:31:00-05:00,11567.7338,15778.5621,19460.2,47500.1917
2023-01-27 09:31:00-05:00,11535.7653,15649.9098,19424.2178,47451.9177
2023-01-30 09:31:00-05:00,11530.686,15694.4843,19392.9933,47399.0339
2023-01-31 09:31:00-05:00,11599.6392,15728.8257,19476.6182,47596.8446
2023-02-01 09:31:00-05:00,11547.8411,15704.6368,19527.2336,47598.1169
2023-02-02 09:31:00-05:00,11523.6426,15482.1629,19117.0451,47265.4391
2023-02-03 09:31:00-05:00,11506.5638,15294.0555,18992.8555,46689.0125
2023-02-06 09:31:00-05:00,11570.646,15429.6891,19340.0819,47438.022
2023-02-07 09:31:00-05:00,11468.4206,15312.2708,19079.0778,46456.5237
2023-02-08 09:31:00-05:00,11433.0477,15254.5179,19174.8896,46325.7526
2023-02-09 09:31:00-05:00,11501.0914,15384.8295,19428.8609,46843.2822
2023-02-10 09:31:00-05:00,11570.5242,15486.4779,19607.525,47664.3289
2023-02-13 09:31:00-05:00,11286.0324,15005.2666,19017.6521,46084.4128
2023-02-14 09:31:00-05:00,11331.3456,15133.1863,19154.7031,46523.9725
2023-02-15 09:31:00-05:00,11329.0135,15224.9189,19429.3405,46397.263
2023-02-16 09:31:00-05:00,11338.8479,15241.0698,19336.5823,46385.2459
2023-02-17 09:31:00-05:00,11427.9718,15360.6647,19399.7571,46610.967
2023-02-20 09:31:00-05:00,11489.7712,15495.0717,19450.1416,46363.1962
2023-02-21 09:31:00-05:00,11489.7712,15495.0717,19450.1416,46363.1962
2023-02-22 09:31:00-05:00,11534.9089,15496.5768,19454.9433,46613.6569
2023-02-23 09:31:00-05:00,11593.4811,15576.9407,19326.0216,46132.0507
2023-02-24 09:31:00-05:00,11585.1867,15605.7156,19415.8647,46356.2064
2023-02-27 09:31:00-05:00,11496.6835,15552.6019,19179.4401,45746.4234
2023-02-28 09:31:00-05:00,11510.4519,15606.9463,19206.7229,45713.8099
2023-03-01 09:31:00-05:00,11504.762,15526.3949,19140.1088,45231.7639
2023-03-02 09:31:00-05:00,11479.7195,15402.9783,18975.7062,44696.2693
2023-03-03 09:31:00-05:00,11525.3072,15469.8329,19065.7316,45291.5738
2023-03-06 09:31:00-05:00,11572.9831,15569.5809,19223.1093,45859.8035
2023-03-07 09:31:00-05:00,11562.6591,15563.7229,19297.5833,46072.5269
2023-03-08 09:31:00-05:00,11493.8655,15367.171,19138.9646,45617.5057
2023-03-09 09:31:00-05:00,11464.263,15381.0442,19108.3931,45239.9284
2023-03-10 09:31:00-05:00,11440.1727,15397.1232,19172.9517,46173.3165
2023-03-13 09:31:00-04:00,11239.5375,15172.4422,19023.4657,45887.7429
2023-03-14 09:31:00-04:00,11368.7566,15381.1209,19146.0096,46121.9584
2023-03-15 09:31:00-04:00,11498.4783,15560.2292,19421.8683,46092.2778
2023-03-16 09:31:00-04:00,11303.1455,15315.9764,19123.9125,45305.3943
2023-03-17 09:31:00-04:00,11334.852,15377.407,19282.0817,46568.0801
2023-03-20 09:31:00-04:00,11302.883,15342.9119,19187.4314,46259.3735
2023-03-21 09:31:00-04:00,11333.4609,15440.0921,19185.541,45938.0782
2023-03-22 09:31:00-04:00,11396.7403,15423.3639,19169.7042,45939.1942
2023-03-23 09:31:00-04:00,11489.7987,15536.2524,19492.9208,46167.5787
2023-03-24 09:31:00-04:00,11489.832,15544.3155,19588.7282,46470.3016
2023-03-27 09:31:00-04:00,11307.639,15215.9999,19089.0572,45356.7627
2023-03-28 09:31:00-04:00,11342.7459,15316.0803,19133.9821,45439.6801
2023-03-29 09:31:00-04:00,11345.3892,15357.5933,19170.6708,45467.1505
2023-03-30 09:31:00-04:00,11388.6172,15331.9209,19177.4046,45455.1574
2023-03-31 09:31:00-04:00,11321.0769,15240.8062,19036.2087,45120.4885
2023-04-03 09:31:00-04:00,11351.9161,15299.9023,19110.8605,45637.5065
2023-04-04 09:31:00-04:00,11339.6202,15242.6887,19045.777,45482.0845
2023-04-05 09:31:00-04:00,11315.0434,15163.5378,18991.9759,45108.2319
2023-04-06 09:31:00-04:00,11309.3136,15157.9341,19027.6115,45254.9126
2023-04-10 09:31:00-04:00,11352.3649,15217.0098,19180.6547,45842.1017
2023-04-11 09:31:00-04:00,11335.6195,15222.4945,19271.3601,46137.4631
2023-04-12 09:31:00-04:00,11291.2707,15132.5481,19150.3293,45847.704
2023-04-13 09:31:00-04:00,11274.8099,15176.7842,19294.7208,45914.2504
2023-04-14 09:31:00-04:00,11328.3952,15266.9915,19448.0792,46373.9485
2023-04-17 09:31:00-04:00,11312.527,15286.0206,19497.7174,46250.9385
2023-04-18 09:31:00-04:00,11228.3314,15196.3971,19362.3985,45929.9456
2023-04-19 09:31:00-04:00,11258.4826,15272.1271,19439.2127,46094.4389
2023-04-20 09:31:00-04:00,11276.0226,15326.6888,19510.2422,46248.5495
2023-04-21 09:31:00-04:00,11284.3672,15376.8758,19597.0877,46257.7275
2023-04-24 09:31:00-04:00,11231.8714,15333.007,19378.4426,45741.6291
2023-04-25 09:31:00-04:00,11211.7348,15253.1064,19317.0796,45622.5512
2023-04-26 09:31:00-04:00,11244.6684,15287.5187,19406.5597,46111.2217
2023-04-27 09:31:00-04:00,11187.2389,15227.1303,19239.2879,45713.7733
2023-04-28 09:31:00-04:00,11197.509,15256.9151,19316.8622,46291.7598
2023-05-01 09:31:00-04:00,11092.991,15133.8378,19197.8301,45947.3405
2023-05-02 09:31:00-04:00,10986.3394,14989.9878,18990.3299,45450.7175
2023-05-03 09:31:00-04:00,10972.7712,14989.0283,19033.5894,45670.7934
2023-05-04 09:31:00-04:00,10911.1165,14866.1384,18921.715,45358.6927
2023-05-05 09:31:00-04:00,10862.6291,14831.8382,18868.5594,45116.9322
2023-05-08 09:31:00-04:00,10882.7449,14890.3622,19022.1567,45577.6463
2023-05-09 09:31:00-04:00,10902.2329,14947.2953,19096.9226,45718.5473
2023-05-10 09:31:00-04:00,10895.1689,14937.6105,19084.5491,45688.9247
2023-05-11 09:31:00-04:00,10901.9815,15026.665,19189.9987,45387.9526
2023-05-12 09:31:00-04:00,10882.0214,15015.4687,19135.5489,45259.1687
2023-05-15 09:31:00-04:00,10897.49,15059.8904,19160.5213,45346.4473
2023-05-16 09:31:00-04:00,10882.534,15059.6177,19143.5349,45306.2462
2023-05-17 09:31:00-04:00,10889.557,15058.4503,19143.1999,45246.2681
2023-05-18 09:31:00-04:00,10870.9666,15034.8658,19151.6543,45431.7099
2023-05-19 09:31:00-04:00,10902.8111,15128.4699,19311.3805,45959.0455
2023-05-22 09:31:00-04:00,10936.9568,15168.343,19319.8567,45979.2179
2023-05-23 09:31:00-04:00,10838.4877,15031.9627,19152.0348,45579.8196
2023-05-24 09:31:00-04:00,10857.8773,15089.3843,19228.0989,45908.9383
2023-05-25 09:31:00-04:00,10850.4761,15091.0953,19263.0097,45832.0781
2023-05-26 09:31:00-04:00,10853.5742,15135.522,19371.6225,45903.3223
2023-05-29 09:31:00-04:00,10873.1953,15164.028,19446.9153,46767.4854
2023-05-30 09:31:00-04:00,10873.1953,15164.028,19446.9153,46767.4854
2023-05-31 09:31:00-04:00,10958.1146,15218.8439,19554.6376,46791.6375
2023-06-01 09:31:00-04:00,10859.9401,15136.6428,19426.559,46410.0534
2023-06-02 09:31:00-04:00,10879.9629,15166.3263,19505.0826,46906.07
2023-06-05 09:31:00-04:00,10833.413,15055.6392,19409.7349,46599.6981
2023-06-06 09:31:00-04:00,10886.1367,15085.1256,19450.0329,46552.705
2023-06-07 09:31:00-04:00,10793.995,14962.096,19288.679,46166.5123
2023-06-08 09:31:00-04:00,10813.8414,14992.0454,19368.2134,47062.6836
2023-06-09 09:31:00-04:00,10856.4732,15081.2392,19495.3597,47401.9734
2023-06-12 09:31:00-04:00,10930.9732,15241.5373,19667.8709,47491.9046
2023-06-13 09:31:00-04:00,10952.0792,15273.2024,19751.9531,47978.9375
2023-06-14 09:31:00-04:00,10917.4786,15247.2816,19694.3616,47615.2214
2023-06-15 09:31:00-04:00,10886.4663,15258.8334,19836.7491,47439.5051
2023-06-16 09:31:00-04:00,10937.8062,15412.2505,20071.242,48077.158
2023-06-19 09:31:00-04:00,10959.0521,15341.5366,20057.8356,48003.6427
2023-06-20 09:31:00-04:00,10959.0521,15341.5366,20057.8356,48003.6427
2023-06-21 09:31:00-04:00,10974.1791,15296.7761,19985.0023,47791.1493
2023-06-22 09:31:00-04:00,10927.0273,15263.6939,20004.7466,47739.2147
2023-06-23 09:31:00-04:00,10992.0294,15391.5628,20178.2908,48287.412
2023-06-26 09:31:00-04:00,10954.023,15357.2036,20166.2213,47956.1519
2023-06-27 09:31:00-04:00,10996.1382,15381.303,20206.1819,48526.596
2023-06-28 09:31:00-04:00,10977.2604,15289.576,20127.0703,48600.2782
2023-06-29 09:31:00-04:00,11018.5441,15293.8638,20214.7889,48402.6883
2023-06-30 09:31:00-04:00,10935.9227,15179.298,20016.6042,47928.151
2023-07-03 09:31:00-04:00,10882.0779,15085.6704,19894.3949,47610.7743
2023-07-04 09:31:00-04:00,10860.8615,15056.0581,19855.3433,47517.3171
2023-07-05 09:31:00-04:00,10860.8615,15056.0581,19855.3433,47517.3171
2023-07-06 09:31:00-04:00,10814.1244,14995.2726,19778.2837,47332.8998
2023-07-07 09:31:00-04:00,10807.0172,15017.3282,19818.5154,47388.894
2023-07-10 09:31:00-04:00,10678.0403,14868.5193,19702.5354,47010.8064
2023-07-11 09:31:00-04:00,10671.1968,14874.369,19791.572,46595.4938
2023-07-12 09:31:00-04:00,10722.7376,14965.758,19822.9035,46632.6404
2023-07-13 09:31:00-04:00,10646.6184,14876.2136,19736.8178,46284.6235
2023-07-14 09:31:00-04:00,10607.8848,14837.2568,19725.3706,46293.0888
2023-07-17 09:31:00-04:00,10519.6962,14730.7354,19589.5214,45961.9595
2023-07-18 09:31:00-04:00,10491.4312,14693.0318,19579.6371,45927.4348
2023-07-19 09:31:00-04:00,10500.6758,14720.6887,19655.6968,46407.1748
2023-07-20 09:31:00-04:00,10491.6265,14692.5962,19594.6085,46262.9451
2023-07-21 09:31:00-04:00,10521.5234,14753.3723,19761.604,46951.6812
2023-07-24 09:31:00-04:00,10536.3106,14805.948,19759.9135,46866.554
2023-07-25 09:31:00-04:00,10444.6088,14693.7839,19654.7901,46323.768
2023-07-26 09:31:00-04:00,10454.246,14697.0559,19698.629,46350.0127
2023-07-27 09:31:00-04:00,10379.3785,14589.7009,19452.9507,45677.166
2023-07-28 09:31:00-04:00,10382.5959,14610.7575,19451.1749,46187.1353
2023-07-31 09:31:00-04:00,10380.6923,14608.4049,19451.1079,45981.1736
2023-08-01 09:31:00-04:00,10349.0923,14563.9352,19391.8965,45841.2016
2023-08-02 09:31:00-04:00,10364.8722,14496.6975,19302.3694,45629.5653
2023-08-03 09:31:00-04:00,10404.376,14584.0163,19491.0055,45990.5952
2023-08-04 09:31:00-04:00,10375.7644,14478.8094,19355.0201,45538.9217
2023-08-07 09:31:00-04:00,10346.2857,14369.9013,19333.8504,45506.8768
2023-08-08 09:31:00-04:00,10357.3392,14358.6642,19336.9981,45514.2856
2023-08-09 09:31:00-04:00,10425.1321,14440.6729,19390.4505,45631.1993
2023-08-10 09:31:00-04:00,10390.6029,14399.5321,19317.2542,45590.9197
2023-08-11 09:31:00-04:00,10355.6218,14403.2209,19379.0661,45826.5148
2023-08-14 09:31:00-04:00,10267.4023,14303.2224,19211.8063,45430.9883
2023-08-15 09:31:00-04:00,10306.4559,14387.5954,19370.3599,45949.8589
2023-08-16 09:31:00-04:00,10245.3193,14318.7699,19357.1778,45815.529
2023-08-17 09:31:00-04:00,10237.5783,14350.3731,19447.3086,46018.1251
2023-08-18 09:31:00-04:00,10216.9372,14335.9592,19454.0571,46052.3297
2023-08-21 09:31:00-04:00,10222.7917,14351.1494,19441.8967,46008.7152
2023-08-22 09:31:00-04:00,10246.05,14404.5546,19537.7244,46119.5463
2023-08-23 09:31:00-04:00,10297.3244,14494.4737,19644.4032,46310.471
2023-08-24 09:31:00-04:00,10307.5077,14524.881,19729.1826,46722.2914
2023-08-25 09:31:00-04:00,10327.5526,14584.8942,19897.1379,47933.9893
2023-08-28 09:31:00-04:00,10279.9567,14483.9352,19607.2848,47257.0846
2023-08-29 09:31:00-04:00,10190.3282,14301.8188,19287.6676,46486.7496
2023-08-30 09:31:00-04:00,10209.7614,14359.832,19366.6399,47345.1801
2023-08-31 09:31:00-04:00,10206.6932,14291.0931,19143.9717,46800.8282
2023-09-01 09:31:00-04:00,10108.8719,14138.6159,18926.8206,46269.9639
2023-09-04 09:31:00-04:00,10146.3786,14201.1326,19002.1011,46438.1634
2023-09-05 09:31:00-04:00,10142.3824,14195.5395,18994.6172,46419.8738
2023-09-06 09:31:00-04:00,10179.3077,14235.8034,19067.5963,46483.886
2023-09-07 09:31:00-04:00,10203.9241,14319.556,19191.4716,46604.0032
2023-09-08 09:31:00-04:00,10270.0259,14432.7505,19291.5127,46756.0505
2023-09-11 09:31:00-04:00,10253.8914,14407.9556,19242.0127,46636.0795
2023-09-12 09:31:00-04:00,10238.777,14420.1108,19283.4794,46725.7677
2023-09-13 09:31:00-04:00,10267.5416,14476.82,19439.9448,47006.1934
2023-09-14 09:31:00-04:00,10250.6059,14473.4814,19279.8887,46619.1744
2023-09-15 09:31:00-04:00,10303.8068,14501.4863,19361.8415,46621.774
2023-09-18 09:31:00-04:00,10363.6805,14623.4043,19611.8472,47110.697
2023-09-19 09:31:00-04:00,10279.2213,14486.5513,19428.3099,46669.8119
2023-09-20 09:31:00-04:00,10268.3619,14504.9495,19500.7665,46698.4971
2023-09-21 09:31:00-04:00,10310.9493,14573.9944,19657.4101,47363.4646
2023-09-22 09:31:00-04:00,10303.2584,14565.3289,19587.6282,47261.4414
2023-09-25 09:31:00-04:00,10293.6529,14614.5495,19688.6585,47372.4867
2023-09-26 09:31:00-04:00,10365.19,14736.8179,19820.7888,47618.6858
2023-09-27 09:31:00-04:00,10434.7176,14831.3196,19929.8756,47847.3361
2023-09-28 09:31:00-04:00,10480.4032,14943.3415,20089.7683,47877.2543
2023-09-29 09:31:00-04:00,10424.5814,14909.9578,20112.7026,47874.0718
2023-10-02 09:31:00-04:00,10463.4215,14939.45,20162.7362,48015.4021
2023-10-03 09:31:00-04:00,10474.7712,15021.8152,20278.475,47906.0134
2023-10-04 09:31:00-04:00,10506.7287,15118.9986,20366.9343,48157.4227
2023-10-05 09:31:00-04:00,10522.9904,15057.4893,20369.1049,48084.8997
2023-10-06 09:31:00-04:00,10508.4367,15069.1335,20513.052,48336.7974
2023-10-09 09:31:00-04:00,10539.1631,15034.6344,20510.0521,49179.423
2023-10-10 09:31:00-04:00,10540.3134,14991.9797,20444.9262,49267.1901
2023-10-11 09:31:00-04:00,10559.6803,15021.4989,20527.8917,49357.4494
2023-10-12 09:31:00-04:00,10484.2154,14919.1046,20335.8148,48895.6179
2023-10-13 09:31:00-04:00,10475.7746,14922.5504,20368.4781,48981.3588
2023-10-16 09:31:00-04:00,10506.8425,14986.2449,20449.6425,49564.3262
2023-10-17 09:31:00-04:00,10509.8648,14993.0204,20353.5328,49318.8746
2023-10-18 09:31:00-04:00,10540.3122,14977.1289,20378.3311,49437.7588
2023-10-19 09:31:00-04:00,10611.3673,15036.2989,20464.1975,49569.8871
2023-10-20 09:31:00-04:00,10516.27,14925.9182,20183.2589,48568.2739
2023-10-23 09:31:00-04:00,10394.0735,14808.7651,20078.6418,48242.1986
2023-10-24 09:31:00-04:00,10435.8223,14903.5682,20213.3116,48469.0794
2023-10-25 09:31:00-04:00,10375.1672,14862.6029,20165.8775,48227.4565
2023-10-26 09:31:00-04:00,10376.1264,14883.2841,20150.9241,48410.3396
2023-10-27 09:31:00-04:00,10331.2056,14869.6989,20222.745,48394.8405
2023-10-30 09:31:00-04:00,10214.7573,14654.5308,19956.8907,47654.0981
2023-10-31 09:31:00-04:00,10273.2858,14700.9193,19990.6244,47481.306
2023-11-01 09:31:00-04:00,10300.0162,14758.8479,20125.7432,47729.8532
2023-11-02 09:31:00-04:00,10337.6665,14845.1757,20286.7071,48281.7518
2023-11-03 09:31:00-04:00,10376.5281,14814.4084,20285.143,48259.1017
2023-11-06 09:31:00-05:00,10294.3067,14806.6714,20214.3358,48021.6955
2023-11-07 09:31:00-05:00,10271.2487,14771.4273,20150.0183,47868.9011
2023-11-08 09:31:00-05:00,10318.9788,14825.2082,20253.4418,48128.4777
2023-11-09 09:31:00-05:00,10295.8632,14809.3011,20231.9243,48000.3439
2023-11-10 09:31:00-05:00,10248.8056,14776.3211,20073.1199,47687.2181
2023-11-13 09:31:00-05:00,10267.5993,14804.3449,20151.6673,48412.5542
2023-11-14 09:31:00-05:00,10279.0712,14819.6264,20157.0288,48425.4347
2023-11-15 09:31:00-05:00,10307.8399,14836.568,20180.667,48482.2234
2023-11-16 09:31:00-05:00,10250.2134,14741.5183,20091.874,48145.1187
2023-11-17 09:31:00-05:00,10299.4725,14726.3668,19965.0713,47841.2679
2023-11-20 09:31:00-05:00,10328.3311,14745.7714,19964.8734,47840.7939
2023-11-21 09:31:00-05:00,10356.633,14804.0801,20042.5192,48156.8655
2023-11-22 09:31:00-05:00,10333.7431,14786.5337,20006.2107,48069.626
2023-11-23 09:31:00-05:00,10310.1655,14738.4658,19927.1586,47879.6847
2023-11-24 09:31:00-05:00,10310.1655,14738.4658,19927.1586,47879.6847
2023-11-27 09:31:00-05:00,10310.1655,14738.4658,19927.1586,47879.6847
2023-11-28 09:31:00-05:00,10291.5922,14714.6601,19879.4332,47765.0131
2023-11-29 09:31:00-05:00,10267.2001,14679.4723,19736.9771,47422.7288
2023-11-30 09:31:00-05:00,10316.7745,14773.2997,19905.0584,47760.7449
2023-12-01 09:31:00-05:00,10375.8065,14844.6094,19936.0525,47873.436
2023-12-04 09:31:00-05:00,10404.4443,14843.2096,19935.0395,47902.3251
2023-12-05 09:31:00-05:00,10433.3115,14901.7943,20054.9408,47934.4706
2023-12-06 09:31:00-05:00,10463.5418,14899.5932,19986.0317,47694.7854
2023-12-07 09:31:00-05:00,10512.1857,15019.3129,20155.0312,48072.7264
2023-12-08 09:31:00-05:00,10495.5956,15020.9914,20158.9653,48052.933
2023-12-11 09:31:00-05:00,10545.7367,15046.052,20093.4281,47879.7957
2023-12-12 09:31:00-05:00,10584.2658,15133.3312,20174.8156,48164.8421
2023-12-13 09:31:00-05:00,10614.9074,15194.4509,20260.9303,48482.7637
2023-12-14 09:31:00-05:00,10588.8816,15191.6226,20338.827,48610.5433
2023-12-15 09:31:00-05:00,10616.6351,15235.9885,20397.1244,48755.1041
2023-12-18 09:31:00-05:00,10526.5936,15107.514,20196.9481,48276.6241
2023-12-19 09:31:00-05:00,10535.8483,15135.8911,20226.4713,48347.1932
2023-12-20 09:31:00-05:00,10535.8483,15135.8911,20226.4713,48347.1932
2023-12-21 09:31:00-05:00,10556.5275,15113.9582,20243.5806,48806.2523
2023-12-22 09:31:00-05:00,10597.9091,15104.2349,20228.0321,48768.7657
2023-12-26 09:31:00-05:00,10599.947,15109.3263,20276.9431,48757.8868
2023-12-27 09:31:00-05:00,10609.3827,15111.2728,20279.5553,48764.1682
2023-12-28 09:31:00-05:00,10576.8717,15064.9663,20217.4114,48614.737
2023-12-29 09:31:00-05:00,10571.2687,15056.9857,20206.7013,48588.9836
2024-01-02 09:31:00-05:00,10581.2192,15087.1383,20290.0565,48672.9188
2024-01-03 09:31:00-05:00,10630.3988,15176.4173,20456.6835,48906.047
2024-01-04 09:31:00-05:00,10581.7685,15113.2626,20323.2225,48586.9803
2024-01-05 09:31:00-05:00,10620.5969,15172.1472,20444.7468,48565.0236
2024-01-08 09:31:00-05:00,10672.4268,15281.1895,20407.6532,48476.9102
2024-01-09 09:31:00-05:00,10691.3496,15339.0765,20567.3293,49098.7369
2024-01-10 09:31:00-05:00,10720.6973,15385.409,20673.2745,49393.6727
2024-01-11 09:31:00-05:00,10701.3544,15388.1902,20680.7313,49326.7445
2024-01-12 09:31:00-05:00,10702.8411,15443.7857,20810.9797,49614.481
2024-01-15 09:31:00-05:00,10729.1961,15446.7864,20799.5888,49587.3245
2024-01-16 09:31:00-05:00,10729.1961,15446.7864,20799.5888,49587.3245
2024-01-17 09:31:00-05:00,10683.982,15390.0209,20662.6763,49197.2228
2024-01-18 09:31:00-05:00,10696.2904,15282.2241,20674.0354,48929.7877
2024-01-19 09:31:00-05:00,10643.4413,15239.1514,20495.0601,48506.202
2024-01-22 09:31:00-05:00,10672.6484,15299.4817,20575.966,49080.0974
2024-01-23 09:31:00-05:00,10710.4216,15358.5414,20664.7232,49222.7336
2024-01-24 09:31:00-05:00,10729.4659,15387.3684,20701.5148,49310.3702
2024-01-25 09:31:00-05:00,10723.1204,15444.6637,20775.8197,49380.0002
2024-01-26 09:31:00-05:00,10763.1795,15416.4853,20781.4566,49253.9578
2024-01-29 09:31:00-05:00,10746.88,15386.6351,20728.0039,49127.2701
2024-01-30 09:31:00-05:00,10766.0605,15415.8017,20809.0745,49450.938
2024-01-31 09:31:00-05:00,10786.1795,15478.3467,20852.3344,49553.7413
2024-02-01 09:31:00-05:00,10850.4186,15610.2376,21100.5059,49433.9252
2024-02-02 09:31:00-05:00,10818.0285,15585.543,21027.375,49305.3911
2024-02-05 09:31:00-05:00,10861.4207,15683.3526,21205.9094,49823.6336
2024-02-06 09:31:00-05:00,10865.9104,15701.9888,21216.7482,49784.1017
2024-02-07 09:31:00-05:00,10877.9417,15772.7564,21243.5615,49811.2259
2024-02-08 09:31:00-05:00,10914.2625,15817.7979,21283.3663,49904.5591
2024-02-09 09:31:00-05:00,10923.9666,15804.8402,21265.9314,49863.6781
2024-02-12 09:31:00-05:00,10953.8005,15865.7446,21350.0152,50132.1632
2024-02-13 09:31:00-05:00,10937.007,15861.5978,21338.9856,50106.2645
2024-02-14 09:31:00-05:00,10924.6323,15876.1948,21446.321,50003.5528
2024-02-15 09:31:00-05:00,10920.9191,15799.0228,21353.5335,49759.9604
2024-02-16 09:31:00-05:00,10920.9902,15807.4917,21334.0756,49714.6178
2024-02-19 09:31:00-05:00,11013.642,15863.997,21300.0963,49687.6137
2024-02-20 09:31:00-05:00,11013.642,15863.997,21300.0963,49687.6137
2024-02-21 09:31:00-05:00,11011.5851,15881.5914,21412.4528,49938.0789
2024-02-22 09:31:00-05:00,10992.4944,15872.7399,21285.9558,49643.0629
2024-02-23 09:31:00-05:00,11023.909,15936.0199,21377.3233,49950.6365
2024-02-26 09:31:00-05:00,11103.9667,16046.8681,21509.8359,50176.1481
2024-02-27 09:31:00-05:00,11005.3506,15904.3532,21318.8035,49730.5256
2024-02-28 09:31:00-05:00,10931.1558,15736.8967,21063.3351,49134.5925
2024-02-29 09:31:00-05:00,10874.8267,15647.8812,20944.1907,48856.6635
2024-03-01 09:31:00-05:00,10915.1752,15741.5594,21053.2916,48827.7611
2024-03-04 09:31:00-05:00,10935.327,15773.1222,21140.2442,49257.8459
2024-03-05 09:31:00-05:00,10944.913,15783.7457,21154.4826,49291.0221
2024-03-06 09:31:00-05:00,10974.9388,15845.2668,21324.6499,49596.4922
2024-03-07 09:31:00-05:00,10918.2887,15778.6285,21297.0211,49316.9878
2024-03-08 09:31:00-05:00,10950.0327,15738.6384,21288.6571,49292.2531
2024-03-11 09:31:00-04:00,10970.3074,15800.7321,21329.1044,49932.6361
2024-03-12 09:31:00-04:00,10930.3038,15758.651,21246.0908,49738.2967
2024-03-13 09:31:00-04:00,10973.6217,15891.353,21517.4941,50137.3813
2024-03-14 09:31:00-04:00,10920.0982,15814.6941,21313.1285,49661.1941
2024-03-15 09:31:00-04:00,10903.506,15842.883,21402.6685,49314.5753
2024-03-18 09:31:00-04:00,10948.1299,15893.1058,21267.6527,49003.481
2024-03-19 09:31:00-04:00,10951.8643,15887.0573,21261.1089,48961.0464
2024-03-20 09:31:00-04:00,10932.378,15861.7618,21273.18,49123.5548
2024-03-21 09:31:00-04:00,10932.4837,15914.2929,21388.171,49431.2679
2024-03-22 09:31:00-04:00,10850.4767,15811.0548,21280.6331,49182.7317
2024-03-25 09:31:00-04:00,10857.2317,15821.9161,21274.9288,49169.5482
2024-03-26 09:31:00-04:00,10872.0871,15856.5458,21310.9241,49197.5409
2024-03-27 09:31:00-04:00,10891.8656,15887.9989,21398.0263,49427.813
2024-03-28 09:31:00-04:00,10868.6731,15881.1141,21435.1057,49471.4009
2024-04-01 09:31:00-04:00,10865.4553,15876.4123,21428.7597,49456.7544
2024-04-02 09:31:00-04:00,10830.9319,15875.6528,21448.9025,49414.9177
2024-04-03 09:31:00-04:00,10813.743,15855.217,21431.3697,49374.525
2024-04-04 09:31:00-04:00,10818.0037,15838.4076,21421.7102,49361.3284
2024-04-05 09:31:00-04:00,10784.011,15804.7516,21419.7731,50249.0287
2024-04-08 09:31:00-04:00,10833.652,15913.7416,21564.2057,50548.3717
2024-04-09 09:31:00-04:00,10814.0849,15787.3328,21375.4155,50105.8311
2024-04-10 09:31:00-04:00,10866.1111,15765.8156,21389.3823,50220.2711
2024-04-11 09:31:00-04:00,10688.183,15500.6503,20913.0194,49101.8156
2024-04-12 09:31:00-04:00,10656.8299,15488.127,20912.0101,49409.8048
2024-04-15 09:31:00-04:00,10685.6993,15543.4638,21071.1506,49656.0044
2024-04-16 09:31:00-04:00,10718.3786,15644.2505,21252.8991,50670.3047
2024-04-17 09:31:00-04:00,10691.6099,15500.5289,20986.5091,50035.1885
2024-04-18 09:31:00-04:00,10747.9042,15631.3415,21265.3618,50672.6607
2024-04-19 09:31:00-04:00,10751.2677,15653.0284,21291.6358,50688.2957
2024-04-22 09:31:00-04:00,10734.7022,15684.1515,21484.7766,51158.0949
2024-04-23 09:31:00-04:00,10715.411,15676.2477,21567.4664,51025.9284
2024-04-24 09:31:00-04:00,10739.0876,15749.3319,21683.9166,51290.0266
2024-04-25 09:31:00-04:00,10769.4841,15811.4781,21757.513,51453.2294
2024-04-26 09:31:00-04:00,10809.279,15871.9976,21929.4707,52035.0919
2024-04-29 09:31:00-04:00,10851.1928,15957.5329,22098.1886,52277.9702
2024-04-30 09:31:00-04:00,10729.4637,15770.247,21834.232,51653.5249
2024-05-01 09:31:00-04:00,10696.7797,15738.3548,21834.7884,52166.7716
2024-05-02 09:31:00-04:00,10648.6376,15710.6309,21833.3345,52194.1911
2024-05-03 09:31:00-04:00,10642.3298,15692.7498,21903.0375,52409.2204
2024-05-06 09:31:00-04:00,10627.2872,15674.2557,21756.6141,52058.8609
2024-05-07 09:31:00-04:00,10646.7323,15705.1676,21828.0829,52229.8703
2024-05-08 09:31:00-04:00,10646.6318,15632.9831,21727.7562,51989.8102
2024-05-09 09:31:00-04:00,10666.2578,15663.3004,21814.6373,52070.208
2024-05-10 09:31:00-04:00,10700.8994,15638.1735,21760.5149,51941.0211
2024-05-13 09:31:00-04:00,10712.318,15673.9401,21813.6893,51974.5936
2024-05-14 09:31:00-04:00,10721.8374,15640.7272,21767.4663,51864.4601
2024-05-15 09:31:00-04:00,10751.4223,15673.2857,21860.703,52049.0834
2024-05-16 09:31:00-04:00,10710.493,15629.8745,21845.4982,52209.68
2024-05-17 09:31:00-04:00,10670.7914,15571.9378,21764.5215,52016.1496
2024-05-20 09:31:00-04:00,10681.0033,15603.6109,21716.8595,51902.2398
2024-05-21 09:31:00-04:00,10701.4412,15630.1733,21755.9938,51995.7689
2024-05-22 09:31:00-04:00,10721.7437,15662.994,21806.1629,52115.6705
2024-05-23 09:31:00-04:00,10752.9332,15644.0395,21824.9485,52058.065
2024-05-24 09:31:00-04:00,10792.1957,15735.5565,21999.3328,52610.2864
2024-05-27 09:31:00-04:00,10811.9653,15765.8321,22086.6271,52797.0102
2024-05-28 09:31:00-04:00,10813.9494,15768.7253,22090.6802,52806.699
2024-05-29 09:31:00-04:00,10738.8249,15675.6557,21820.0165,52159.6907
2024-05-30 09:31:00-04:00,10709.1488,15635.3033,21754.5566,52003.2118
2024-05-31 09:31:00-04:00,10728.4019,15695.3066,21841.8104,52230.7188
2024-06-03 09:31:00-04:00,10779.1185,15722.0401,21926.3341,53015.0357
2024-06-04 09:31:00-04:00,10796.2336,15737.2145,22003.3959,53084.5942
2024-06-05 09:31:00-04:00,10725.3577,15665.9033,21940.2497,52778.5251
2024-06-06 09:31:00-04:00,10735.7524,15698.149,22033.2032,53307.3547
2024-06-07 09:31:00-04:00,10718.6743,15673.177,21998.1536,53222.5553
2024-06-10 09:31:00-04:00,10741.7381,15722.2987,22068.6468,53096.6949
2024-06-11 09:31:00-04:00,10774.9677,15765.12,22163.1961,53258.9329
2024-06-12 09:31:00-04:00,10755.1291,15722.8696,22151.7032,53392.3747
2024-06-13 09:31:00-04:00,10770.1394,15747.1269,22099.2282,53215.6955
2024-06-14 09:31:00-04:00,10763.8103,15773.5983,22089.8066,53193.0079
2024-06-17 09:31:00-04:00,10785.767,15825.3053,22149.0399,53335.6438
2024-06-18 09:31:00-04:00,10806.5494,15857.8153,22242.6995,53837.9612
2024-06-19 09:31:00-04:00,10743.6999,15765.5882,22113.3387,53524.8463
2024-06-20 09:31:00-04:00,10743.6999,15765.5882,22113.3387,53524.8463
2024-06-21 09:31:00-04:00,10764.2701,15829.7788,22209.7612,53897.7453
2024-06-24 09:31:00-04:00,10732.5606,15706.6925,22016.0373,53427.6241
2024-06-25 09:31:00-04:00,10646.74,15629.1004,21953.5743,53242.7198
2024-06-26 09:31:00-04:00,10592.9844,15554.3107,21894.843,53010.3425
2024-06-27 09:31:00-04:00,10392.3261,15259.6448,21480.0601,52006.0974
2024-06-28 09:31:00-04:00,10358.2199,15237.8544,21356.9749,51708.0918
2024-07-01 09:31:00-04:00,10388.5826,15332.7813,21526.8535,52230.4145
2024-07-02 09:31:00-04:00,10430.3,15352.9449,21604.8228,52335.1815
2024-07-03 09:31:00-04:00,10473.1439,15423.1024,21700.7078,52792.8634
2024-07-04 09:31:00-04:00,10482.3624,15452.1043,21784.9246,53084.2275
2024-07-05 09:31:00-04:00,10482.3624,15452.1043,21784.9246,53084.2275
2024-07-08 09:31:00-04:00,10501.893,15482.5599,21873.4136,53359.2842
2024-07-09 09:31:00-04:00,10499.7435,15479.3911,21868.9367,53348.3631
2024-07-10 09:31:00-04:00,10517.3679,15523.6189,21884.5394,53386.4253
2024-07-11 09:31:00-04:00,10481.2758,15486.5572,21877.9964,53386.3985
2024-07-12 09:31:00-04:00,10491.3858,15518.2914,21970.2843,54392.6155
2024-07-15 09:31:00-04:00,10531.1789,15641.7452,22259.7467,54603.0729
2024-07-16 09:31:00-04:00,10601.485,15699.9874,22340.6645,54615.0668
2024-07-17 09:31:00-04:00,10631.7748,15696.9772,22359.273,54634.4381
2024-07-18 09:31:00-04:00,10684.2477,15826.9671,22539.6249,55137.5354
2024-07-19 09:31:00-04:00,10678.4607,15822.327,22675.9759,55061.4621
2024-07-22 09:31:00-04:00,10741.1206,15988.8783,22808.0089,55168.4264
2024-07-23 09:31:00-04:00,10615.7956,15857.4984,22435.4059,54267.1676
2024-07-24 09:31:00-04:00,10595.454,15755.0661,22217.2375,53739.4579
2024-07-25 09:31:00-04:00,10627.1036,15854.9781,22414.6616,54742.0656
2024-07-26 09:31:00-04:00,10546.2717,15737.8001,22393.5898,54757.284
2024-07-29 09:31:00-04:00,10359.0055,15383.6177,21806.9778,53239.6354
2024-07-30 09:31:00-04:00,10415.3262,15408.528,21785.6195,52883.0986
2024-07-31 09:31:00-04:00,10455.7309,15502.8158,21919.7067,53694.621
2024-08-01 09:31:00-04:00,10475.5518,15473.6723,21913.0369,53487.7348
2024-08-02 09:31:00-04:00,10439.4806,15470.0261,22003.7021,54761.8197
2024-08-05 09:31:00-04:00,10364.2106,15302.542,21589.7794,53467.4974
2024-08-06 09:31:00-04:00,10400.8169,15516.8631,22043.7918,54227.288
2024-08-07 09:31:00-04:00,10392.0804,15594.1839,22321.9637,54289.8095
2024-08-08 09:31:00-04:00,10281.5558,15405.693,22097.4165,54933.62
2024-08-09 09:31:00-04:00,10324.9521,15508.7034,22389.2383,55718.6804
2024-08-12 09:31:00-04:00,10279.501,15397.9807,22228.8035,55286.7334
2024-08-13 09:31:00-04:00,10178.1086,15286.786,21967.1309,54255.6258
2024-08-14 09:31:00-04:00,10196.9276,15317.0489,22056.7428,54819.5849
2024-08-15 09:31:00-04:00,10200.1754,15370.4833,22236.0166,54407.6947
2024-08-16 09:31:00-04:00,10219.511,15432.4798,22322.4188,54899.4253
2024-08-19 09:31:00-04:00,10248.454,15461.9846,22415.692,55024.0733
2024-08-20 09:31:00-04:00,10229.298,15450.3926,22403.2681,55390.8458
2024-08-21 09:31:00-04:00,10153.2374,15339.6971,22267.6494,54911.0538
2024-08-22 09:31:00-04:00,10176.0751,15380.94,22032.8471,54332.0417
2024-08-23 09:31:00-04:00,10214.1155,15503.5211,22301.1199,55288.1094
2024-08-26 09:31:00-04:00,10157.1039,15491.9674,22316.8302,54499.576
2024-08-27 09:31:00-04:00,10195.0696,15565.766,22471.8228,54836.4657
2024-08-28 09:31:00-04:00,10200.0422,15565.4321,22485.1393,54931.2677
2024-08-29 09:31:00-04:00,10240.5296,15667.0875,22687.6649,55387.4321
2024-08-30 09:31:00-04:00,10168.5342,15590.3809,22612.7734,55433.0067
2024-09-02 09:31:00-04:00,10215.4075,15528.066,22600.1693,55324.937
2024-09-03 09:31:00-04:00,10215.4075,15528.066,22600.1693,55324.937
2024-09-04 09:31:00-04:00,10245.7813,15593.4626,22795.0672,56409.4071
2024-09-05 09:31:00-04:00,10144.719,15445.3757,22551.7444,55745.0658
2024-09-06 09:31:00-04:00,10071.183,15392.4012,22526.6816,55276.1558
2024-09-09 09:31:00-04:00,10090.0614,15453.8355,22712.1064,56542.9207
2024-09-10 09:31:00-04:00,10044.2436,15335.8647,22563.185,55854.2913
2024-09-11 09:31:00-04:00,10037.1395,15360.1643,22639.4881,56045.8595
2024-09-12 09:31:00-04:00,10050.1754,15446.8449,22820.1627,57781.6319
2024-09-13 09:31:00-04:00,10106.8745,15500.2534,22903.9199,57971.8447
2024-09-16 09:31:00-04:00,10127.2415,15432.5008,22764.4334,57618.7921
2024-09-17 09:31:00-04:00,10109.3961,15338.7046,22552.8489,57083.2531
2024-09-18 09:31:00-04:00,10073.9738,15214.0662,22417.2122,56669.0846
2024-09-19 09:31:00-04:00,10161.7886,15214.1454,22204.8207,55708.553
2024-09-20 09:31:00-04:00,10166.1426,15159.0482,22163.064,55493.5897
2024-09-23 09:31:00-04:00,10091.4162,15022.4707,21969.8669,54973.4525
2024-09-24 09:31:00-04:00,10079.6968,14943.5763,21854.4865,54684.7452
2024-09-25 09:31:00-04:00,10128.0438,15058.2791,21911.6472,54774.2391
2024-09-26 09:31:00-04:00,10117.5412,14970.9418,21784.5607,54456.5511
2024-09-27 09:31:00-04:00,10103.6894,14980.9429,21888.0048,54598.8576
2024-09-30 09:31:00-04:00,10165.3654,15080.9214,21990.23,54765.8917
2024-10-01 09:31:00-04:00,10161.9808,15024.6486,21836.1756,54220.9375
2024-10-02 09:31:00-04:00,10219.8777,15144.0969,21932.4963,54640.7834
2024-10-03 09:31:00-04:00,10239.9826,15125.2725,21908.7888,54548.0591
2024-10-04 09:31:00-04:00,10182.566,15012.0087,21752.7852,53781.5601
2024-10-07 09:31:00-04:00,10242.8076,15046.0371,21864.4996,53952.7149
2024-10-08 09:31:00-04:00,10203.5916,15006.3811,21859.0403,53905.0129
2024-10-09 09:31:00-04:00,10242.3828,15099.1689,22043.5857,54330.1592
2024-10-10 09:31:00-04:00,10291.6549,15189.7346,22200.1419,54706.7454
2024-10-11 09:31:00-04:00,10250.7991,15130.2801,22158.5837,54519.3769
2024-10-14 09:31:00-04:00,10285.8697,15172.8788,22256.5117,54675.9482
2024-10-15 09:31:00-04:00,10278.6419,15067.5195,22071.3056,54220.9659
2024-10-16 09:31:00-04:00,10299.7964,15096.459,22158.7368,54848.6189
2024-10-17 09:31:00-04:00,10290.0187,15069.19,22112.414,54733.9578
2024-10-18 09:31:00-04:00,10235.1247,15051.0966,22070.9405,54624.7852
2024-10-21 09:31:00-04:00,10218.3048,15026.3624,22034.6703,54535.0175
2024-10-22 09:31:00-04:00,10218.8725,14979.7605,21964.0287,54286.6171
2024-10-23 09:31:00-04:00,10249.6281,15066.8106,22061.9266,54511.6885
2024-10-24 09:31:00-04:00,10279.0783,15127.8471,22150.7587,54947.739
2024-10-25 09:31:00-04:00,10304.3922,15062.6962,22055.3623,54711.0963
2024-10-28 09:31:00-04:00,10276.3206,15053.4573,22135.0938,54919.1841
2024-10-29 09:31:00-04:00,10278.9064,15069.8028,22159.1288,54978.8171
2024-10-30 09:31:00-04:00,10316.0882,15155.1254,22418.5623,55446.4983
2024-10-31 09:31:00-04:00,10323.2062,15105.8744,22347.5321,55223.8769
2024-11-01 09:31:00-04:00,10387.0985,15242.6565,22694.8621,55889.8975
2024-11-04 09:31:00-05:00,10399.7555,15246.1889,22732.8254,55927.0891
2024-11-05 09:31:00-05:00,10357.3215,15114.3184,22462.0561,55173.4403
2024-11-06 09:31:00-05:00,10399.6055,15208.2931,22557.6359,55401.7624
2024-11-07 09:31:00-05:00,10459.813,15152.5424,22476.4025,55310.6546
2024-11-08 09:31:00-05:00,10508.6883,15271.5209,22617.9966,55613.2826
2024-11-11 09:31:00-05:00,10498.6501,15256.9332,22596.3914,55560.1594
2024-11-12 09:31:00-05:00,10518.042,15316.9894,22690.3059,55529.2627
2024-11-13 09:31:00-05:00,10546.2646,15346.128,22779.3594,55473.4089
2024-11-14 09:31:00-05:00,10501.762,15298.6317,22739.2105,55259.9771
2024-11-15 09:31:00-05:00,10524.3609,15361.141,22836.2633,55488.4168
2024-11-18 09:31:00-05:00,10535.4013,15393.1221,22930.9829,55972.242
2024-11-19 09:31:00-05:00,10528.9961,15401.0045,22994.0925,56088.5547
2024-11-20 09:31:00-05:00,10549.6402,15465.131,23191.3184,56526.2637
2024-11-21 09:31:00-05:00,10448.8864,15326.0608,23037.3999,56243.3594
2024-11-22 09:31:00-05:00,10446.5029,15406.9576,23322.9993,56668.9231
2024-11-25 09:31:00-05:00,10264.1044,15120.7808,22889.7858,55616.3252
2024-11-26 09:31:00-05:00,10325.2526,15143.3114,22987.7978,55643.2561
2024-11-27 09:31:00-05:00,10280.8442,15076.4633,22886.3214,55397.6267
2024-11-28 09:31:00-05:00,10252.6981,15035.9375,22872.7277,55393.6295
2024-11-29 09:31:00-05:00,10252.6981,15035.9375,22872.7277,55393.6295
2024-12-02 09:31:00-05:00,10299.3869,15123.0262,22984.7153,55638.151
2024-12-03 09:31:00-05:00,10339.0613,15150.581,23075.6142,55776.0779
2024-12-04 09:31:00-05:00,10357.3221,15178.9487,23128.284,55903.3861
2024-12-05 09:31:00-05:00,10375.9854,15208.3926,23196.0611,56067.2101
2024-12-06 09:31:00-05:00,10375.2235,15207.2758,23194.3576,56063.0926
2024-12-09 09:31:00-05:00,10405.7828,15268.2206,23288.8925,56275.2981
2024-12-10 09:31:00-05:00,10462.8898,15358.1529,23404.1261,56492.2479
2024-12-11 09:31:00-05:00,10471.5714,15359.9175,23410.9547,56538.8761
2024-12-12 09:31:00-05:00,10490.2194,15418.3415,23504.294,56891.7584
2024-12-13 09:31:00-05:00,10499.8479,15360.9479,23416.8011,56679.9833
2024-12-16 09:31:00-05:00,10478.4009,15308.8401,23310.0434,56372.1976
2024-12-17 09:31:00-05:00,10507.1058,15368.7154,23407.1611,56696.2422
2024-12-18 09:31:00-05:00,10394.4634,15129.4945,23042.8182,55813.7399
2024-12-19 09:31:00-05:00,10374.4684,15099.3151,23050.5726,57399.2658
2024-12-20 09:31:00-05:00,10362.815,15109.4491,22925.6494,57041.7216
2024-12-23 09:31:00-05:00,10355.6395,14952.8878,22739.9598,57185.6384
2024-12-24 09:31:00-05:00,10359.2649,14974.4292,22913.2712,57403.7984
2024-12-26 09:31:00-05:00,10407.99,15064.3382,23077.5747,57796.0891
2024-12-27 09:31:00-05:00,10417.1069,15104.3116,22988.8905,57573.9861
2024-12-30 09:31:00-05:00,10449.6479,15199.1088,23215.8878,57997.0702
2024-12-31 09:31:00-05:00,10444.0175,15155.7127,23180.4622,57940.3835
2025-01-02 09:31:00-05:00,10469.8663,15241.0431,23256.8849,57935.0286
2025-01-03 09:31:00-05:00,10446.6467,15241.457,23335.9453,57516.2237
2025-01-06 09:31:00-05:00,10311.7424,14974.7961,22974.5087,56660.5803
2025-01-07 09:31:00-05:00,10327.7498,15007.6346,23027.3507,56652.8232
2025-01-08 09:31:00-05:00,10378.4078,15164.226,23405.6519,57540.1378
2025-01-09 09:31:00-05:00,10226.4352,14880.9413,22982.0905,56335.0422
2025-01-10 09:31:00-05:00,10226.4352,14880.9413,22982.0905,56335.0422
2025-01-13 09:31:00-05:00,10325.6397,15053.042,22942.7676,55901.8065
2025-01-14 09:31:00-05:00,10295.4011,14978.4221,22739.8841,55288.4547
2025-01-15 09:31:00-05:00,10182.1253,14780.7617,22483.4099,54304.8632
2025-01-16 09:31:00-05:00,10180.7098,14705.0125,22399.9116,54070.0407
2025-01-17 09:31:00-05:00,10268.3408,14651.2071,22323.4999,53885.5942
2025-01-21 09:31:00-05:00,10315.4068,14656.4443,22263.6792,53741.196
2025-01-22 09:31:00-05:00,10354.4339,14769.6921,22448.9184,53752.7753
2025-01-23 09:31:00-05:00,10343.8705,14755.7855,22437.5535,53725.5628
2025-01-24 09:31:00-05:00,10362.4112,14783.8779,22524.2873,53933.2422
2025-01-27 09:31:00-05:00,10371.8822,14812.6762,22614.7428,54091.8163
2025-01-28 09:31:00-05:00,10440.6593,14983.3936,22849.7361,54045.1148
2025-01-29 09:31:00-05:00,10411.6775,14973.5261,22881.4772,54642.4669
2025-01-30 09:31:00-05:00,10487.2428,15115.3993,22795.0508,54436.0748
2025-01-31 09:31:00-05:00,10437.4667,15005.4275,22495.0204,53610.4658
2025-02-03 09:31:00-05:00,10433.8581,15033.2912,22583.9224,54192.308
2025-02-04 09:31:00-05:00,10493.4225,15071.0906,22570.4759,53812.8337
2025-02-05 09:31:00-05:00,10442.7994,14987.2046,22495.7604,53739.1701
2025-02-06 09:31:00-05:00,10463.0628,15015.5543,22583.5656,54140.793
2025-02-07 09:31:00-05:00,10268.6532,14741.9564,22172.0713,53154.2955
2025-02-10 09:31:00-05:00,10325.7567,14846.1941,22494.4065,53758.2215
2025-02-11 09:31:00-05:00,10320.6262,14855.1937,22500.4637,53772.6975
2025-02-12 09:31:00-05:00,10341.1344,14770.5294,22372.2267,53466.2303
2025-02-13 09:31:00-05:00,10369.4139,14856.7252,22552.9887,53886.8422
2025-02-14 09:31:00-05:00,10242.8804,14707.3448,22423.2623,53493.9197
2025-02-17 09:31:00-05:00,10271.0232,14735.7963,22435.9894,53524.2821
2025-02-18 09:31:00-05:00,10271.0232,14735.7963,22435.9894,53524.2821
2025-02-19 09:31:00-05:00,10301.9828,14799.0019,22382.0123,53395.5119
2025-02-20 09:31:00-05:00,10293.8623,14790.3519,22309.634,53222.8431
2025-02-21 09:31:00-05:00,10282.187,14811.8693,22362.9894,53277.4417
2025-02-24 09:31:00-05:00,10320.786,14869.8651,22543.673,54214.781
2025-02-25 09:31:00-05:00,10296.8296,14834.9463,22637.5291,54425.8261
2025-02-26 09:31:00-05:00,10259.539,14850.3124,22641.3801,54380.0144
2025-02-27 09:31:00-05:00,10349.0199,14878.381,22830.34,54519.6555
2025-02-28 09:31:00-05:00,10366.4353,14968.5896,22937.6998,55780.8575
2025-03-03 09:31:00-05:00,10380.9197,14924.41,22929.7807,55959.177
2025-03-04 09:31:00-05:00,10272.7017,14808.3768,22794.0152,56262.6216
2025-03-05 09:31:00-05:00,10201.1388,14659.1389,22530.6919,55689.8105
2025-03-06 09:31:00-05:00,10195.1228,14645.1512,22075.1183,55003.1963
2025-03-07 09:31:00-05:00,10174.7557,14663.9971,22159.8923,55663.83
2025-03-10 09:31:00-04:00,10075.8879,14611.9064,22090.423,55453.1673
2025-03-11 09:31:00-04:00,10104.9477,14701.5524,22278.1952,56393.066
2025-03-12 09:31:00-04:00,10226.6987,14996.0385,22391.9572,55651.5789
2025-03-13 09:31:00-04:00,10212.8997,14920.7324,22085.1443,54797.949
2025-03-14 09:31:00-04:00,10170.586,14926.2715,22260.7602,55015.5863
2025-03-17 09:31:00-04:00,10147.6574,14890.0465,22351.8292,54914.6398
2025-03-18 09:31:00-04:00,10117.1127,14907.1059,22359.6428,54684.1248
2025-03-19 09:31:00-04:00,9991.3318,14656.3325,21993.1775,53746.4621
2025-03-20 09:31:00-04:00,9946.3441,14657.1309,21859.2252,53226.3532
2025-03-21 09:31:00-04:00,9960.117,14713.5637,22125.9065,53691.2077
2025-03-24 09:31:00-04:00,9997.5731,14803.2262,22315.9092,54318.46
2025-03-25 09:31:00-04:00,10053.5233,14863.3094,22412.0076,54450.3183
2025-03-26 09:31:00-04:00,10067.1022,14886.4149,22446.8477,54534.9629
2025-03-27 09:31:00-04:00,10094.3332,14972.4005,22624.3271,55283.8062
2025-03-28 09:31:00-04:00,10027.7884,14879.9744,22395.7544,54590.1231
2025-03-31 09:31:00-04:00,9987.2925,14835.1984,22374.4631,55346.4214
2025-04-01 09:31:00-04:00,10090.6516,14988.9243,22662.3574,56302.2058
2025-04-02 09:31:00-04:00,10094.1473,14973.3875,22629.185,55950.8748
2025-04-03 09:31:00-04:00,9948.4002,14818.7129,22582.256,55920.8085
2025-04-04 09:31:00-04:00,9945.3229,14812.2113,22670.1817,55989.9032
2025-04-07 09:31:00-04:00,10103.4103,14664.9077,22907.0362,56144.9595
2025-04-08 09:31:00-04:00,10163.9376,15041.0384,24072.3185,53711.3607
2025-04-09 09:31:00-04:00,10156.7524,15062.6053,24187.2194,56247.6493
2025-04-10 09:31:00-04:00,10090.8005,14881.3044,23687.2017,59772.6348
2025-04-11 09:31:00-04:00,10096.0741,14810.0076,23772.6278,57142.5594
2025-04-14 09:31:00-04:00,9936.964,14556.4328,23286.4662,56033.3403
2025-04-15 09:31:00-04:00,9865.1624,14268.6293,22765.5704,54959.3897
2025-04-16 09:31:00-04:00,9797.8334,14229.6389,22431.8282,53966.0016
2025-04-17 09:31:00-04:00,9808.3224,14247.4923,22604.3514,54135.8189
2025-04-21 09:31:00-04:00,9746.2131,14040.9885,22273.6257,52896.1112
2025-04-22 09:31:00-04:00,9783.8834,14129.4991,22379.7609,53457.7723
2025-04-23 09:31:00-04:00,9816.6055,14225.9849,22471.7527,53128.7391
2025-04-24 09:31:00-04:00,9741.8496,14051.2495,22341.4792,52594.001
2025-04-25 09:31:00-04:00,9750.4951,14077.8754,22428.8306,53705.3062
2025-04-28 09:31:00-04:00,9729.7078,13984.9148,22237.9759,53262.3688
2025-04-29 09:31:00-04:00,9689.1489,13920.4036,22134.14,53133.5762
2025-04-30 09:31:00-04:00,9675.4002,13942.8293,22147.6251,53071.2767
2025-05-01 09:31:00-04:00,9723.4197,14060.6901,22429.9556,54083.3627
2025-05-02 09:31:00-04:00,9598.2306,13851.8774,22167.0049,53148.1536
2025-05-05 09:31:00-04:00,9634.5374,13852.1193,22127.9002,53077.7333
2025-05-06 09:31:00-04:00,9620.4959,13837.2659,22064.7799,52926.3279
2025-05-07 09:31:00-04:00,9683.4791,13946.1947,22109.5204,52776.196
2025-05-08 09:31:00-04:00,9617.3755,13857.7123,21985.6252,52097.4432
2025-05-09 09:31:00-04:00,9604.7621,13880.5706,22072.9374,52035.5275
2025-05-12 09:31:00-04:00,9648.767,13943.9483,22167.6994,52189.0101
2025-05-13 09:31:00-04:00,9693.7458,14053.7702,22415.3815,52359.1792
2025-05-14 09:31:00-04:00,9695.0489,14069.9991,22487.0088,52871.8391
2025-05-15 09:31:00-04:00,9680.2353,13908.9892,22229.6789,52266.8008
2025-05-16 09:31:00-04:00,9651.0283,13808.1623,22117.5737,51974.0435
2025-05-19 09:31:00-04:00,9677.4117,13863.6013,22066.3667,51853.7122
2025-05-20 09:31:00-04:00,9733.3292,13971.594,22306.1275,52379.9125
2025-05-21 09:31:00-04:00,9721.1385,13888.4634,22040.8407,51756.9582
2025-05-22 09:31:00-04:00,9757.0731,13971.1774,22225.6366,52344.7564
2025-05-23 09:31:00-04:00,9723.3302,13929.3961,22027.0801,51592.9717
2025-05-26 09:31:00-04:00,9789.0006,14012.8143,22165.1816,51773.7496
2025-05-27 09:31:00-04:00,9767.576,13981.1119,22115.0354,51656.6173
2025-05-28 09:31:00-04:00,9785.4998,14028.4946,22234.387,52080.5011
2025-05-29 09:31:00-04:00,9830.2241,14082.6572,22324.5192,52321.6244
2025-05-30 09:31:00-04:00,9932.5127,14179.865,22572.9479,52679.9417
2025-06-02 09:31:00-04:00,9859.5762,14096.2865,22538.0476,52218.858
2025-06-03 09:31:00-04:00,9866.23,14110.5397,22563.9964,52233.5236
2025-06-04 09:31:00-04:00,9892.716,14140.6832,22657.7567,52455.6715
2025-06-05 09:31:00-04:00,9894.6979,14154.3511,22552.7762,52212.6278
2025-06-06 09:31:00-04:00,9856.8355,14176.9079,22575.8536,52372.9336
2025-06-09 09:31:00-04:00,9758.6683,14036.6956,22324.2903,51789.3408
2025-06-10 09:31:00-04:00,9740.0585,14017.6628,22294.02,51719.1176
2025-06-11 09:31:00-04:00,9777.1575,14090.3186,22295.0176,51613.3282
2025-06-12 09:31:00-04:00,9765.5843,13994.3991,22196.3738,51267.1731
2025-06-13 09:31:00-04:00,9774.1274,14007.5282,22215.4863,51311.3174
2025-06-16 09:31:00-04:00,9761.2531,14033.8045,22217.9273,51137.764
2025-06-17 09:31:00-04:00,9777.266,14047.8993,22252.5247,51217.3949
2025-06-18 09:31:00-04:00,9767.1785,14050.0782,22256.2991,51219.7184
2025-06-19 09:31:00-04:00,9770.2138,14084.1754,22318.5604,51227.7781
2025-06-20 09:31:00-04:00,9762.9132,14069.0067,22294.5233,51172.6056
2025-06-23 09:31:00-04:00,9809.1452,14179.9993,22497.8203,51627.3172
2025-06-24 09:31:00-04:00,9854.2408,14144.8765,22582.4894,51764.5859
2025-06-25 09:31:00-04:00,9880.9371,14198.8123,22626.4912,51865.449
2025-06-26 09:31:00-04:00,9897.7872,14230.691,22618.9905,51848.2555
2025-06-27 09:31:00-04:00,9916.5125,14261.2199,22696.1162,52025.0465
2025-06-30 09:31:00-04:00,9911.1833,14250.0273,22723.944,51830.5196
2025-07-01 09:31:00-04:00,9919.9414,14276.9218,22728.1699,51840.1583
2025-07-02 09:31:00-04:00,9925.2209,14292.7812,22800.1533,51984.2714
2025-07-03 09:31:00-04:00,9961.1546,14364.2944,22918.0408,52188.2323
2025-07-04 09:31:00-04:00,9977.5824,14404.0282,22954.1179,52270.3859
2025-07-07 09:31:00-04:00,9977.5824,14404.0282,22954.1179,52270.3859
2025-07-08 09:31:00-04:00,9999.0577,14438.5833,23012.6698,52269.2525
2025-07-09 09:31:00-04:00,9935.4774,14346.7736,22866.3406,51936.8914
2025-07-10 09:31:00-04:00,9881.7385,14267.391,22719.2859,51602.8823
2025-07-11 09:31:00-04:00,9897.147,14233.1505,22665.6838,51481.1345
2025-07-14 09:31:00-04:00,9883.5251,14217.0412,22640.0304,51422.8673
2025-07-15 09:31:00-04:00,9911.8735,14215.5678,22636.15,51359.3509
2025-07-16 09:31:00-04:00,9937.3936,14251.5327,22693.4187,51489.2884
2025-07-17 09:31:00-04:00,9938.0291,14270.6737,22725.0009,51449.567
2025-07-18 09:31:00-04:00,9952.0963,14292.507,22805.1184,51678.3962
2025-07-21 09:31:00-04:00,9947.2768,14286.013,22797.9625,51662.1804
2025-07-22 09:31:00-04:00,9917.9998,14253.9171,22740.7899,51532.6222
2025-07-23 09:31:00-04:00,9927.7471,14283.6449,22838.3746,51550.838
2025-07-24 09:31:00-04:00,9957.3269,14344.6874,22896.5036,51682.0469
2025-07-25 09:31:00-04:00,9897.0853,14257.9023,22757.9802,51369.3715
2025-07-28 09:31:00-04:00,9892.1545,14241.7487,22732.1964,51311.1723
2025-07-29 09:31:00-04:00,9868.4934,14207.6838,22677.8232,51188.4409
2025-07-30 09:31:00-04:00,9905.1328,14322.0806,22815.337,51406.6256
2025-07-31 09:31:00-04:00,9877.9222,14240.6498,22674.117,51088.4343
2025-08-01 09:31:00-04:00,9895.4544,14294.6476,22851.6942,51653.8945
2025-08-04 09:31:00-04:00,9907.5591,14332.1591,22958.3066,51477.9707
2025-08-05 09:31:00-04:00,9952.3213,14397.3908,23080.1077,51730.5129
2025-08-06 09:31:00-04:00,9957.2988,14423.5602,23133.6336,51860.2176
2025-08-07 09:31:00-04:00,9985.0572,14479.3191,23221.5711,52279.7643
2025-08-08 09:31:00-04:00,9991.7604,14505.876,23267.2749,52413.8175
2025-08-11 09:31:00-04:00,10021.9819,14553.8199,23349.6622,52599.4101
2025-08-12 09:31:00-04:00,9997.9448,14520.419,23342.5523,52493.9327
2025-08-13 09:31:00-04:00,10027.6133,14578.1029,23364.3062,52666.3216
2025-08-14 09:31:00-04:00,10074.6141,14594.8736,23398.0389,52742.3597
2025-08-15 09:31:00-04:00,10020.6218,14531.4364,23180.0226,52250.9212
2025-08-18 09:31:00-04:00,10025.8658,14538.1877,23176.5107,52243.0049
2025-08-19 09:31:00-04:00,9996.7791,14496.01,23109.2716,52091.4389
2025-08-20 09:31:00-04:00,10015.4025,14523.8067,23200.6707,52471.8133
2025-08-21 09:31:00-04:00,10034.2816,14567.6889,23278.8332,52909.3601
2025-08-22 09:31:00-04:00,9968.6044,14488.2297,23067.5245,52429.0863
2025-08-25 09:31:00-04:00,9990.1083,14534.5072,23168.1591,53024.7813
2025-08-26 09:31:00-04:00,9966.1946,14502.1147,23118.8807,52911.9983
2025-08-27 09:31:00-04:00,9938.1672,14463.4032,23053.0136,52761.2488
2025-08-28 09:31:00-04:00,9951.3825,14486.3019,23071.0056,52802.4269
2025-08-29 09:31:00-04:00,9943.0203,14481.6682,23023.0542,52692.6809
2025-09-01 09:31:00-04:00,9985.607,14580.5217,23120.2443,52892.6274
2025-09-02 09:31:00-04:00,9985.607,14580.5217,23120.2443,52892.6274
2025-09-03 09:31:00-04:00,10053.3037,14696.7488,23322.4513,52904.5378
2025-09-04 09:31:00-04:00,10081.6673,14756.2493,23168.4845,52555.2803
2025-09-05 09:31:00-04:00,10118.3185,14756.3837,23170.8741,52662.5374
2025-09-08 09:31:00-04:00,10132.9512,14751.2106,23215.5737,52869.8568
2025-09-09 09:31:00-04:00,10095.6937,14692.5315,23123.2241,52659.5451
2025-09-10 09:31:00-04:00,10067.8017,14648.7713,23054.354,52502.7041
2025-09-11 09:31:00-04:00,10086.1991,14676.6285,23144.804,52546.9352
2025-09-12 09:31:00-04:00,10077.8528,14664.4836,23125.6519,52503.4529
2025-09-15 09:31:00-04:00,10095.7575,14692.3608,23137.2732,52529.8375
2025-09-16 09:31:00-04:00,10095.7575,14692.3608,23137.2732,52529.8375
2025-09-17 09:31:00-04:00,10095.7575,14692.3608,23137.2732,52529.8375
2025-09-18 09:31:00-04:00,10053.528,14697.6426,23056.5976,51967.9528
2025-09-19 09:31:00-04:00,9989.8922,14614.8882,22926.2191,51674.0888
2025-09-22 09:31:00-04:00,9998.8674,14642.9028,22959.7213,51749.6005
2025-09-23 09:31:00-04:00,10007.7265,14670.6075,23049.357,51916.8222
2025-09-24 09:31:00-04:00,10016.7035,14698.6872,23140.3566,52048.7367
2025-09-25 09:31:00-04:00,10020.0952,14709.0063,23203.2115,52099.2335
2025-09-26 09:31:00-04:00,9971.1082,14699.897,23035.7122,51630.826
2025-09-29 09:31:00-04:00,9927.4419,14649.5265,22964.4712,51471.1508
2025-09-30 09:31:00-04:00,9975.3876,14622.5836,22916.161,51362.8712
2025-10-01 00:00:00-04:00,9915.2484,14531.548,22773.4959,51043.1105
